method,t,true_scale,conditional_coverage_mean,coverage_mean,width_ratio_mean
raw_W250,1000,1.0,0.9519583341527498,0.95,1.0152582693364824
raw_W250,1001,1.0,0.9520094467549692,0.93,1.015413232655163
raw_W250,1002,1.0,0.9520511917982023,0.95,1.0156015405614809
raw_W250,1003,1.0,0.9520773517379013,0.975,1.0157211420690655
raw_W250,1004,1.0,0.9519715424333094,0.95,1.0152263470309637
raw_W250,1005,1.0,0.9520556940957478,0.97,1.0155429759323185
raw_W250,1006,1.0,0.9520075321025171,0.965,1.0153372553305864
raw_W250,1007,1.0,0.9519983209144277,0.945,1.0152705310305559
raw_W250,1008,1.0,0.9522245513539085,0.925,1.0161428776788444
raw_W250,1009,1.0,0.9522904138642053,0.965,1.0164202575872137
raw_W250,1010,1.0,0.9521485878069469,0.975,1.0158312686085933
raw_W250,1011,1.0,0.9521295023158671,0.965,1.0158805004837905
raw_W250,1012,1.0,0.9519427875549006,0.93,1.0152196633324448
raw_W250,1013,1.0,0.9522073422849244,0.98,1.016407593337527
raw_W250,1014,1.0,0.9520296038565524,0.97,1.0157325539769484
raw_W250,1015,1.0,0.9521258725476903,0.975,1.0161907047378138
raw_W250,1016,1.0,0.9520006010049609,0.945,1.0154991400115525
raw_W250,1017,1.0,0.9520340170551802,0.955,1.0156173084954045
raw_W250,1018,1.0,0.951959401421751,0.96,1.0152046265701724
raw_W250,1019,1.0,0.9519994565647575,0.96,1.0153044207135493
raw_W250,1020,1.0,0.951912765498912,0.935,1.0147680529020515
raw_W250,1021,1.0,0.9520579266943002,0.97,1.0155022647345249
raw_W250,1022,1.0,0.9519839961925267,0.94,1.015153839407838
raw_W250,1023,1.0,0.9519490088871596,0.975,1.0150215777262304
raw_W250,1024,1.0,0.9518786670010989,0.98,1.0147467413004352
raw_W250,1025,1.0,0.9517096402854492,0.94,1.013914146683952
raw_W250,1026,1.0,0.9516701452813243,0.92,1.0138222395461873
raw_W250,1027,1.0,0.9519996903299233,0.955,1.015204131681164
raw_W250,1028,1.0,0.9518800766389913,0.925,1.0146451083928378
raw_W250,1029,1.0,0.9519281217820046,0.955,1.0147763687975524
raw_W250,1030,1.0,0.952053314089587,0.96,1.0153508129786049
raw_W250,1031,1.0,0.9519690257168727,0.95,1.014892734377855
raw_W250,1032,1.0,0.9519758729555855,0.94,1.0148515858707305
raw_W250,1033,1.0,0.9519567023396182,0.945,1.0147691046059228
raw_W250,1034,1.0,0.9519567487771633,0.925,1.0147626060863784
raw_W250,1035,1.0,0.952154728401106,0.96,1.0158232444853204
raw_W250,1036,1.0,0.9521668364505357,0.96,1.015840895561862
raw_W250,1037,1.0,0.9519972542141949,0.95,1.0151311033188732
raw_W250,1038,1.0,0.9520281866326223,0.955,1.0152575581733287
raw_W250,1039,1.0,0.9521485782104078,0.945,1.0157618277737621
raw_W250,1040,1.0,0.9521646629970423,0.96,1.0158931552997492
raw_W250,1041,1.0,0.9521701950629273,0.96,1.0159792292636363
raw_W250,1042,1.0,0.951990574457829,0.945,1.0151672105910021
raw_W250,1043,1.0,0.9520257534514249,0.955,1.0152401158433182
raw_W250,1044,1.0,0.9519306329695698,0.965,1.014856818634725
raw_W250,1045,1.0,0.9518082061337739,0.92,1.0143180673995071
raw_W250,1046,1.0,0.9517336949771724,0.965,1.0138022856731053
raw_W250,1047,1.0,0.9517610612107038,0.965,1.014002956508286
raw_W250,1048,1.0,0.9516731208703068,0.955,1.0135455986193949
raw_W250,1049,1.0,0.9515625724600304,0.94,1.0132282019952967
raw_W250,1050,1.0,0.9518294243889653,0.955,1.0142396039702692
raw_W250,1051,1.0,0.9516157676099982,0.955,1.0133145962643477
raw_W250,1052,1.0,0.9515594119543189,0.955,1.01330088937175
raw_W250,1053,1.0,0.9513267818868317,0.94,1.0125537166323093
raw_W250,1054,1.0,0.9513881942889293,0.955,1.0127742160757156
raw_W250,1055,1.0,0.9514490552833883,0.94,1.013067955431877
raw_W250,1056,1.0,0.9513692878257081,0.96,1.0129061938837958
raw_W250,1057,1.0,0.951308406795234,0.96,1.0125760250140308
raw_W250,1058,1.0,0.9513143405569593,0.97,1.012534941488593
raw_W250,1059,1.0,0.9512814789089742,0.945,1.0124045837906306
raw_W250,1060,1.0,0.9511959371219567,0.965,1.0120553327565638
raw_W250,1061,1.0,0.951011854901499,0.94,1.0110614189136138
raw_W250,1062,1.0,0.9512459580947804,0.95,1.0120533497680517
raw_W250,1063,1.0,0.9512161832905212,0.955,1.0119624235297093
raw_W250,1064,1.0,0.9512406846871265,0.925,1.0120461500241011
raw_W250,1065,1.0,0.9510828756632889,0.97,1.0113211782494838
raw_W250,1066,1.0,0.9510522690479908,0.985,1.011119533745884
raw_W250,1067,1.0,0.9508581944942395,0.965,1.010302081194423
raw_W250,1068,1.0,0.9508405850452181,0.935,1.0102078244078965
raw_W250,1069,1.0,0.9509344931882084,0.95,1.0105190932219332
raw_W250,1070,1.0,0.9510396348484056,0.97,1.0110326169438526
raw_W250,1071,1.0,0.9510695187931602,0.96,1.0111845775546688
raw_W250,1072,1.0,0.9510828509263908,0.96,1.0109485815169483
raw_W250,1073,1.0,0.9510171824257244,0.925,1.0108594131688178
raw_W250,1074,1.0,0.9511320762146673,0.945,1.0111981567958273
raw_W250,1075,1.0,0.951186118154987,0.97,1.0114390265480986
raw_W250,1076,1.0,0.9511358410408083,0.945,1.0111473165905078
raw_W250,1077,1.0,0.9511080133166945,0.94,1.0111517026513104
raw_W250,1078,1.0,0.9512030257227974,0.94,1.011521446157957
raw_W250,1079,1.0,0.9512564459582648,0.98,1.011923162761109
raw_W250,1080,1.0,0.9511709710345301,0.945,1.0115945124703307
raw_W250,1081,1.0,0.9511007600888192,0.965,1.0113446123556087
raw_W250,1082,1.0,0.9510115594689771,0.935,1.0109335940160307
raw_W250,1083,1.0,0.9510208346818472,0.955,1.0112677399922203
raw_W250,1084,1.0,0.9508864398568757,0.955,1.0106720547998576
raw_W250,1085,1.0,0.9507934274318837,0.94,1.0103212189864195
raw_W250,1086,1.0,0.9508690354472032,0.94,1.0106270308785277
raw_W250,1087,1.0,0.9507864158589949,0.95,1.0102071623617674
raw_W250,1088,1.0,0.9506093111491254,0.915,1.009357899946973
raw_W250,1089,1.0,0.9507894614528598,0.95,1.010088559498004
raw_W250,1090,1.0,0.9509261515544182,0.94,1.0106064047426124
raw_W250,1091,1.0,0.9509657161703376,0.96,1.0106055597647852
raw_W250,1092,1.0,0.9508095023439384,0.97,1.0098623102264512
raw_W250,1093,1.0,0.9507927610179414,0.97,1.0098070295047368
raw_W250,1094,1.0,0.9505776355329811,0.94,1.0086805196157282
raw_W250,1095,1.0,0.9506921790810651,0.96,1.0091896423396283
raw_W250,1096,1.0,0.9505953051737359,0.975,1.00902939759398
raw_W250,1097,1.0,0.9505519370854856,0.95,1.008881980209572
raw_W250,1098,1.0,0.9506575899200379,0.95,1.0094357923838215
raw_W250,1099,1.0,0.9503362261178327,0.965,1.0080558187399462
raw_W250,1100,1.0,0.9503286396290079,0.93,1.0080036990233956
raw_W250,1101,1.0,0.9503831201185104,0.945,1.0081501635396137
raw_W250,1102,1.0,0.9504402066886644,0.955,1.008553021478394
raw_W250,1103,1.0,0.9505020392104495,0.945,1.0087254414880666
raw_W250,1104,1.0,0.9504919082106585,0.935,1.0085684497688683
raw_W250,1105,1.0,0.9505782087048206,0.955,1.0088844869938276
raw_W250,1106,1.0,0.9506422370640268,0.935,1.009185128749156
raw_W250,1107,1.0,0.9507440059114824,0.945,1.009739913502077
raw_W250,1108,1.0,0.9507625492097778,0.94,1.0098320289956317
raw_W250,1109,1.0,0.950741157778796,0.915,1.0097248647139268
raw_W250,1110,1.0,0.950895974113878,0.955,1.0103349324532227
raw_W250,1111,1.0,0.9507010386861293,0.965,1.0096345474623911
raw_W250,1112,1.0,0.950673364404198,0.975,1.0093406524090276
raw_W250,1113,1.0,0.9505676306082894,0.97,1.0091182094519353
raw_W250,1114,1.0,0.9506331003776315,0.935,1.009339022236269
raw_W250,1115,1.0,0.9508258856537993,0.945,1.009983630607159
raw_W250,1116,1.0,0.950641265960696,0.94,1.0088860924498328
raw_W250,1117,1.0,0.9506140867910553,0.915,1.0087306959833333
raw_W250,1118,1.0,0.9509238351967337,0.945,1.0101511043475715
raw_W250,1119,1.0,0.9510775109819138,0.975,1.0109371326923038
raw_W250,1120,1.0,0.9509746718463277,0.945,1.0105565255130906
raw_W250,1121,1.0,0.9510495359474928,0.94,1.0108890977545744
raw_W250,1122,1.0,0.9508811830712754,0.965,1.010026547124229
raw_W250,1123,1.0,0.9506841888521487,0.935,1.0092185059283088
raw_W250,1124,1.0,0.9506053863697252,0.95,1.0089350556332024
raw_W250,1125,1.0,0.9506977618661204,0.96,1.009260960593691
raw_W250,1126,1.0,0.9506468804787238,0.935,1.009337725461397
raw_W250,1127,1.0,0.9507158824653973,0.945,1.0096668966035662
raw_W250,1128,1.0,0.9508725389724074,0.96,1.0103563993726672
raw_W250,1129,1.0,0.9509813650411533,0.945,1.0108577552030547
raw_W250,1130,1.0,0.9510686338440937,0.925,1.0110632122172458
raw_W250,1131,1.0,0.9512209824018651,0.945,1.0118167160858078
raw_W250,1132,1.0,0.9513398258374066,0.94,1.0124547880080677
raw_W250,1133,1.0,0.9511571872315209,0.96,1.0117483442169533
raw_W250,1134,1.0,0.9511452689021014,0.94,1.011864882450033
raw_W250,1135,1.0,0.9510739955127653,0.95,1.0116541483739923
raw_W250,1136,1.0,0.951165207842652,0.945,1.0119819438198394
raw_W250,1137,1.0,0.9510742746292778,0.955,1.0116538679984912
raw_W250,1138,1.0,0.9508262844852413,0.94,1.0106000158411228
raw_W250,1139,1.0,0.9509667232321997,0.95,1.0111707561023706
raw_W250,1140,1.0,0.9509847432373192,0.95,1.011158299132786
raw_W250,1141,1.0,0.9510631952522772,0.97,1.0114147219325158
raw_W250,1142,1.0,0.9509605150285186,0.935,1.0108743352092902
raw_W250,1143,1.0,0.9509400418486156,0.935,1.0108125444652478
raw_W250,1144,1.0,0.9508457545339861,0.92,1.0104568161311243
raw_W250,1145,1.0,0.9510113298413134,0.945,1.011211665526036
raw_W250,1146,1.0,0.9511491196182728,0.92,1.011879784704122
raw_W250,1147,1.0,0.951334032623716,0.96,1.012674859986983
raw_W250,1148,1.0,0.9513176020893943,0.96,1.0125157020240332
raw_W250,1149,1.0,0.9511239869088014,0.935,1.0117096910097407
raw_W250,1150,1.0,0.9509560817499547,0.955,1.010616447102939
raw_W250,1151,1.0,0.950941062299265,0.945,1.0104630588244459
raw_W250,1152,1.0,0.9509334178011934,0.96,1.0105024917732073
raw_W250,1153,1.0,0.9510339746304755,0.94,1.011060546406012
raw_W250,1154,1.0,0.9511693743247359,0.98,1.0116567699508912
raw_W250,1155,1.0,0.9511290779828232,0.94,1.011545529462213
raw_W250,1156,1.0,0.9513478633503248,0.945,1.0126674277930605
raw_W250,1157,1.0,0.9515154001194958,0.95,1.0134193919537287
raw_W250,1158,1.0,0.9514687140448926,0.935,1.0130321332619932
raw_W250,1159,1.0,0.9515128715231487,0.96,1.0132753940024484
raw_W250,1160,1.0,0.9514869684745758,0.935,1.0131920657851112
raw_W250,1161,1.0,0.9515605498389351,0.955,1.0134077306143023
raw_W250,1162,1.0,0.9515395925045655,0.94,1.0133686944536056
raw_W250,1163,1.0,0.9515589044860338,0.965,1.0136558157994304
raw_W250,1164,1.0,0.9514710938995938,0.955,1.0135393125714456
raw_W250,1165,1.0,0.9513836405929362,0.915,1.0130440437195558
raw_W250,1166,1.0,0.9516394645821735,0.96,1.0141628255030315
raw_W250,1167,1.0,0.9516426738949453,0.96,1.0141741164189262
raw_W250,1168,1.0,0.9516323864569785,0.95,1.01406551822414
raw_W250,1169,1.0,0.9515587903082375,0.94,1.0137510098919111
raw_W250,1170,1.0,0.9517119228374519,0.925,1.0143452477989963
raw_W250,1171,1.0,0.9518155798820679,0.935,1.0148492180508277
raw_W250,1172,1.0,0.9519231082095694,0.97,1.0154049514764358
raw_W250,1173,1.0,0.9518525538504238,0.95,1.014981891146448
raw_W250,1174,1.0,0.9519161548064816,0.945,1.0154660000236715
raw_W250,1175,1.0,0.9520255952510049,0.935,1.0160802179845987
raw_W250,1176,1.0,0.9520183958556491,0.97,1.0160667142612332
raw_W250,1177,1.0,0.9519445416745071,0.955,1.015640600274668
raw_W250,1178,1.0,0.951712095862362,0.92,1.014601857504956
raw_W250,1179,1.0,0.9520910612783581,0.95,1.015978066632315
raw_W250,1180,1.0,0.9520941900554277,0.91,1.0160093708225901
raw_W250,1181,1.0,0.9520991302539921,0.96,1.0159370483736907
raw_W250,1182,1.0,0.9520295148571504,0.945,1.0156733111315388
raw_W250,1183,1.0,0.9519590757033214,0.97,1.0154879173202056
raw_W250,1184,1.0,0.9518329255830568,0.955,1.0148390967694043
raw_W250,1185,1.0,0.9517852825128833,0.97,1.0145619060148172
raw_W250,1186,1.0,0.9517576053110792,0.95,1.0143891396080928
raw_W250,1187,1.0,0.9518929762726116,0.96,1.015247227962434
raw_W250,1188,1.0,0.9516503754091338,0.94,1.0141727096343351
raw_W250,1189,1.0,0.9517539380935045,0.935,1.0146586350459963
raw_W250,1190,1.0,0.9518995739811446,0.94,1.0151749870159452
raw_W250,1191,1.0,0.9519529113306406,0.95,1.015369057073407
raw_W250,1192,1.0,0.9520265816983726,0.935,1.0156463098638409
raw_W250,1193,1.0,0.9521675709036902,0.94,1.0159676013415422
raw_W250,1194,1.0,0.9522219147778904,0.985,1.016271826177507
raw_W250,1195,1.0,0.952061331713839,0.97,1.0153930986871231
raw_W250,1196,1.0,0.9520927793112247,0.965,1.0156352564103772
raw_W250,1197,1.0,0.9520150213994855,0.925,1.0153293649215842
raw_W250,1198,1.0,0.9519856819577768,0.94,1.0152594025479313
raw_W250,1199,1.0,0.9520712683972354,0.94,1.0156597699220242
raw_W250,1200,3.0,0.49310510087592263,0.445,0.3388523256787312
raw_W250,1201,3.0,0.4976513988365272,0.47,0.34248308276545103
raw_W250,1202,3.0,0.5023231907236614,0.43,0.3462410384694314
raw_W250,1203,3.0,0.506554481106787,0.51,0.34969773741169463
raw_W250,1204,3.0,0.5100728036290663,0.51,0.3525690161544528
raw_W250,1205,3.0,0.5139498141142836,0.47,0.35575111568981865
raw_W250,1206,3.0,0.5194590531248834,0.53,0.3602889943772588
raw_W250,1207,3.0,0.5241874003397148,0.505,0.36421960987080504
raw_W250,1208,3.0,0.5287889370827031,0.485,0.36804677728694557
raw_W250,1209,3.0,0.5334660090732527,0.51,0.3719778888070737
raw_W250,1210,3.0,0.5391824477367049,0.52,0.3768401047192556
raw_W250,1211,3.0,0.5439481307489581,0.54,0.38086201858739926
raw_W250,1212,3.0,0.5483393798505479,0.525,0.3846571197846261
raw_W250,1213,3.0,0.5550352804489634,0.565,0.3904703888402851
raw_W250,1214,3.0,0.5602942584997532,0.57,0.39502125339730926
raw_W250,1215,3.0,0.564222506529369,0.51,0.3984608426620715
raw_W250,1216,3.0,0.5709286655927253,0.57,0.4043835041641583
raw_W250,1217,3.0,0.5758783318314713,0.59,0.4087453544109052
raw_W250,1218,3.0,0.5817800406441708,0.585,0.41394212056065655
raw_W250,1219,3.0,0.5884879547912942,0.58,0.42013107163871966
raw_W250,1220,3.0,0.5958123876731792,0.57,0.42684082290446723
raw_W250,1221,3.0,0.603011467018744,0.6,0.4335098275683215
raw_W250,1222,3.0,0.6092609386220283,0.59,0.4392396779491763
raw_W250,1223,3.0,0.617438632070004,0.65,0.4471354841560744
raw_W250,1224,3.0,0.6241586112392157,0.6,0.45352280359036046
raw_W250,1225,3.0,0.631544803568665,0.655,0.4607005364866306
raw_W250,1226,3.0,0.6384554230996171,0.605,0.4677850046294487
raw_W250,1227,3.0,0.6473821267574951,0.675,0.4769764056610017
raw_W250,1228,3.0,0.6538030918563791,0.67,0.4836210783965479
raw_W250,1229,3.0,0.658784960787259,0.63,0.4887294273217529
raw_W250,1230,3.0,0.6660097281562639,0.645,0.4963344996434136
raw_W250,1231,3.0,0.6725319690451701,0.645,0.5033938702744029
raw_W250,1232,3.0,0.6791274962953802,0.67,0.5105555122566089
raw_W250,1233,3.0,0.6852958586945178,0.66,0.5170302783636971
raw_W250,1234,3.0,0.6929285198919166,0.765,0.5252790794939766
raw_W250,1235,3.0,0.6983469951058716,0.61,0.5315522118073799
raw_W250,1236,3.0,0.7053102165065807,0.69,0.5393109949192776
raw_W250,1237,3.0,0.710318334482483,0.68,0.544995820852497
raw_W250,1238,3.0,0.7168427378450858,0.76,0.5524149710493954
raw_W250,1239,3.0,0.7215115662154514,0.735,0.5577878438249746
raw_W250,1240,3.0,0.7268922075968777,0.72,0.5641151455670682
raw_W250,1241,3.0,0.7321345074801685,0.765,0.5704447050361058
raw_W250,1242,3.0,0.7368645080573535,0.74,0.5761442905448343
raw_W250,1243,3.0,0.7418128244197787,0.765,0.5823800507799826
raw_W250,1244,3.0,0.7457806900737336,0.74,0.587264929708691
raw_W250,1245,3.0,0.7497949754999198,0.73,0.5925600801902546
raw_W250,1246,3.0,0.7550315092722414,0.72,0.5993757148925047
raw_W250,1247,3.0,0.7607832753555317,0.78,0.6066584063642969
raw_W250,1248,3.0,0.7652274299566519,0.765,0.6122136688809117
raw_W250,1249,3.0,0.7701083063290761,0.76,0.6184188867964999
raw_W250,1250,3.0,0.7743629518694658,0.79,0.6240246667379581
raw_W250,1251,3.0,0.777906868668358,0.72,0.6286895770532661
raw_W250,1252,3.0,0.782793105190139,0.77,0.6354667750249601
raw_W250,1253,3.0,0.7862264542479853,0.815,0.6400854876007591
raw_W250,1254,3.0,0.7897995904960262,0.775,0.645285939450057
raw_W250,1255,3.0,0.7935304037485679,0.755,0.6508094573182681
raw_W250,1256,3.0,0.7975732468582442,0.78,0.6568576556226362
raw_W250,1257,3.0,0.8008057586177916,0.725,0.6616881597050684
raw_W250,1258,3.0,0.8051370356939759,0.865,0.6685528369322589
raw_W250,1259,3.0,0.8079810121160618,0.855,0.6730045303918172
raw_W250,1260,3.0,0.8094751333573,0.825,0.675294251786973
raw_W250,1261,3.0,0.8119342067396375,0.83,0.679239421555485
raw_W250,1262,3.0,0.8149087266464844,0.805,0.6836282377978224
raw_W250,1263,3.0,0.8179024622017189,0.86,0.6880807843072219
raw_W250,1264,3.0,0.8202114593694251,0.835,0.691842186989752
raw_W250,1265,3.0,0.8219732730701171,0.87,0.6945558985497239
raw_W250,1266,3.0,0.8237217700934498,0.825,0.697272499866423
raw_W250,1267,3.0,0.826833157855775,0.85,0.702468300657718
raw_W250,1268,3.0,0.8282690044679419,0.85,0.7047875561104306
raw_W250,1269,3.0,0.8303348304239736,0.81,0.7078036567209955
raw_W250,1270,3.0,0.8334317716734087,0.835,0.7131316227271653
raw_W250,1271,3.0,0.835694323884987,0.81,0.7168976621626604
raw_W250,1272,3.0,0.8378383965952093,0.84,0.720608709265752
raw_W250,1273,3.0,0.8395325423149633,0.815,0.7232917266142584
raw_W250,1274,3.0,0.8423923555715486,0.875,0.7281023109214214
raw_W250,1275,3.0,0.8435844863787118,0.855,0.7303410282064544
raw_W250,1276,3.0,0.845766999722591,0.855,0.7340349167820566
raw_W250,1277,3.0,0.8474903092964745,0.85,0.7369770057474031
raw_W250,1278,3.0,0.8492119570592969,0.85,0.7401799644666823
raw_W250,1279,3.0,0.8508357059680145,0.84,0.7431499300226698
raw_W250,1280,3.0,0.8521584342132911,0.87,0.7456236653864724
raw_W250,1281,3.0,0.8536154288551242,0.84,0.7482916698931084
raw_W250,1282,3.0,0.8554272672601408,0.885,0.7516562729299082
raw_W250,1283,3.0,0.857251210919235,0.865,0.755174764284321
raw_W250,1284,3.0,0.85847509963872,0.835,0.7575764122008087
raw_W250,1285,3.0,0.8606832676754246,0.88,0.7615248945487513
raw_W250,1286,3.0,0.8620135110069606,0.88,0.7639441278419525
raw_W250,1287,3.0,0.8629640449152788,0.84,0.7658785969900876
raw_W250,1288,3.0,0.8642514262004173,0.855,0.7683206640968937
raw_W250,1289,3.0,0.8662623336628889,0.885,0.7720589376102981
raw_W250,1290,3.0,0.86803932676379,0.875,0.7755165350932238
raw_W250,1291,3.0,0.8694533997137404,0.88,0.7785692076124553
raw_W250,1292,3.0,0.870890880287638,0.885,0.781342293712822
raw_W250,1293,3.0,0.8721534287612451,0.875,0.7839311380458927
raw_W250,1294,3.0,0.8734170652117954,0.865,0.7865443494627578
raw_W250,1295,3.0,0.8751996780632174,0.905,0.7902606378905626
raw_W250,1296,3.0,0.8762798033404704,0.92,0.7926196063117318
raw_W250,1297,3.0,0.8771717618461149,0.855,0.7944029824758685
raw_W250,1298,3.0,0.8787875768791454,0.86,0.7978719311287985
raw_W250,1299,3.0,0.8802420332474346,0.85,0.8007956999985485
raw_W250,1300,3.0,0.8818545204610819,0.865,0.8042802105930587
raw_W250,1301,3.0,0.8831590206614476,0.835,0.8071203011668016
raw_W250,1302,3.0,0.8850641657079966,0.895,0.8110679456524802
raw_W250,1303,3.0,0.8856185018629281,0.925,0.8123245213613892
raw_W250,1304,3.0,0.8862863320845544,0.885,0.8139174617508814
raw_W250,1305,3.0,0.8871500541831691,0.83,0.8159338371930168
raw_W250,1306,3.0,0.8885941663297041,0.87,0.8192700954531833
raw_W250,1307,3.0,0.8894814725078639,0.88,0.8212296516616737
raw_W250,1308,3.0,0.8908141840331629,0.895,0.8244648217174303
raw_W250,1309,3.0,0.8914934995165428,0.915,0.826081844349568
raw_W250,1310,3.0,0.8921356130501243,0.885,0.827511697629526
raw_W250,1311,3.0,0.893489488173476,0.92,0.8306653777020291
raw_W250,1312,3.0,0.8941345908435229,0.885,0.832338780966498
raw_W250,1313,3.0,0.8952755928017325,0.94,0.8350296323239037
raw_W250,1314,3.0,0.895908525506805,0.885,0.8366649859213089
raw_W250,1315,3.0,0.8970001681696573,0.885,0.8392036705365338
raw_W250,1316,3.0,0.897872027697299,0.92,0.8412549908979625
raw_W250,1317,3.0,0.8987043303596554,0.915,0.8432460875224547
raw_W250,1318,3.0,0.8993377696243658,0.885,0.8449377801395909
raw_W250,1319,3.0,0.9006924809836431,0.905,0.8480508324449099
raw_W250,1320,3.0,0.9015471664577873,0.885,0.8502925583353818
raw_W250,1321,3.0,0.9024135861632864,0.92,0.8525474264201272
raw_W250,1322,3.0,0.9030731043166013,0.945,0.8542914656123951
raw_W250,1323,3.0,0.903826943216038,0.9,0.8561984790359445
raw_W250,1324,3.0,0.9048319206367554,0.905,0.8587316366696237
raw_W250,1325,3.0,0.9056977490517972,0.875,0.8607777198072114
raw_W250,1326,3.0,0.906621813886472,0.92,0.8630056971822139
raw_W250,1327,3.0,0.9073116582399606,0.92,0.8649422788519686
raw_W250,1328,3.0,0.9078216204769824,0.945,0.8662100912752354
raw_W250,1329,3.0,0.9081507768306298,0.92,0.8672480824183413
raw_W250,1330,3.0,0.9086286224672352,0.93,0.8683910092950496
raw_W250,1331,3.0,0.9093915242966378,0.93,0.8704018889241959
raw_W250,1332,3.0,0.9100384359251774,0.9,0.8720668808806402
raw_W250,1333,3.0,0.9107105667932762,0.9,0.8740384852386751
raw_W250,1334,3.0,0.9112714881362082,0.905,0.8757008744065052
raw_W250,1335,3.0,0.912161069879169,0.9,0.8780544659828388
raw_W250,1336,3.0,0.912836747880427,0.875,0.8798560442192401
raw_W250,1337,3.0,0.9136368996549689,0.895,0.8820594565312948
raw_W250,1338,3.0,0.9144603592212331,0.91,0.884406176222459
raw_W250,1339,3.0,0.9150169357919187,0.91,0.8858030118032922
raw_W250,1340,3.0,0.9155120528924573,0.91,0.8871198244506382
raw_W250,1341,3.0,0.9159730112327099,0.92,0.8884718853973647
raw_W250,1342,3.0,0.9164059344067712,0.885,0.8898100144307233
raw_W250,1343,3.0,0.9173074705644665,0.93,0.8924781127477803
raw_W250,1344,3.0,0.9176914437110303,0.955,0.8935963128854618
raw_W250,1345,3.0,0.9181038341528569,0.92,0.8947713527751776
raw_W250,1346,3.0,0.9188702405474112,0.925,0.8968273081406446
raw_W250,1347,3.0,0.9193900113037593,0.915,0.8984203839227832
raw_W250,1348,3.0,0.9198595004253426,0.96,0.8997293970842603
raw_W250,1349,3.0,0.9202197217455201,0.94,0.9008303999890122
raw_W250,1350,3.0,0.9206275176767724,0.92,0.9022873458961388
raw_W250,1351,3.0,0.920927019836164,0.905,0.903179629626596
raw_W250,1352,3.0,0.9214409826377523,0.905,0.9048905095401618
raw_W250,1353,3.0,0.922118883649065,0.915,0.9068574274165132
raw_W250,1354,3.0,0.9226078070448728,0.935,0.9083396156421348
raw_W250,1355,3.0,0.9229584489277209,0.925,0.9094377762220991
raw_W250,1356,3.0,0.9233842454988077,0.93,0.9106042367064617
raw_W250,1357,3.0,0.9241370196507833,0.885,0.9130448931376961
raw_W250,1358,3.0,0.9253982957079668,0.92,0.9168728140776807
raw_W250,1359,3.0,0.9258511526286541,0.91,0.9184300434550875
raw_W250,1360,3.0,0.9264360641904897,0.94,0.9202020300045394
raw_W250,1361,3.0,0.9269561102721677,0.945,0.921949346843715
raw_W250,1362,3.0,0.9274850491765824,0.91,0.9236480323504952
raw_W250,1363,3.0,0.9279229960302503,0.92,0.9251980928727147
raw_W250,1364,3.0,0.9285161717609611,0.875,0.9270037650163943
raw_W250,1365,3.0,0.9292650354726745,0.935,0.929541902831551
raw_W250,1366,3.0,0.9294880084118599,0.94,0.9302117164391254
raw_W250,1367,3.0,0.9297624783885696,0.93,0.9313261989235048
raw_W250,1368,3.0,0.9302100083619551,0.925,0.9327363273771163
raw_W250,1369,3.0,0.9306346410390218,0.915,0.9341056140227991
raw_W250,1370,3.0,0.9309407860904364,0.96,0.935174581990342
raw_W250,1371,3.0,0.931220203977915,0.925,0.9360844415122529
raw_W250,1372,3.0,0.9315511743282321,0.93,0.9372104154419912
raw_W250,1373,3.0,0.9319886007697934,0.935,0.9387637142635742
raw_W250,1374,3.0,0.9323440159493118,0.945,0.9399789846386539
raw_W250,1375,3.0,0.9326867462400961,0.935,0.941140162756428
raw_W250,1376,3.0,0.9331894728777486,0.94,0.9429680465061953
raw_W250,1377,3.0,0.9334737203685961,0.935,0.9440381997433656
raw_W250,1378,3.0,0.9341304606225694,0.94,0.9461098685739348
raw_W250,1379,3.0,0.934462609356681,0.945,0.9471490821484809
raw_W250,1380,3.0,0.9347523056217844,0.935,0.9481181895299232
raw_W250,1381,3.0,0.9351045042306603,0.925,0.9493510242073933
raw_W250,1382,3.0,0.9357026895929945,0.93,0.951328221858085
raw_W250,1383,3.0,0.9361251212132735,0.96,0.9526587842240803
raw_W250,1384,3.0,0.9364219837317248,0.96,0.9537110118884147
raw_W250,1385,3.0,0.9366127291017375,0.9,0.9543042544386228
raw_W250,1386,3.0,0.9371688256788206,0.95,0.9564265752112232
raw_W250,1387,3.0,0.9374599234399313,0.945,0.957550164149516
raw_W250,1388,3.0,0.9377062392506608,0.935,0.9584577365846303
raw_W250,1389,3.0,0.9379468593850737,0.955,0.9591752755832245
raw_W250,1390,3.0,0.9381710223513602,0.925,0.9599621994440335
raw_W250,1391,3.0,0.9384828312092285,0.945,0.9611872409368039
raw_W250,1392,3.0,0.9387081937857215,0.91,0.9620720876098571
raw_W250,1393,3.0,0.9392305233076814,0.965,0.9641786305789182
raw_W250,1394,3.0,0.9393236186799172,0.94,0.9645531813458639
raw_W250,1395,3.0,0.9395840777549546,0.96,0.965605135583236
raw_W250,1396,3.0,0.9397196755426623,0.935,0.966052711290434
raw_W250,1397,3.0,0.9399974731787486,0.95,0.9670581991995385
raw_W250,1398,3.0,0.9402494996822776,0.955,0.9678934042894318
raw_W250,1399,3.0,0.9403976779643395,0.915,0.9685207187739797
raw_W250,1400,3.0,0.940796494679359,0.95,0.9699172092635121
raw_W250,1401,3.0,0.9410438785935414,0.94,0.9709384624927924
raw_W250,1402,3.0,0.9412367649166119,0.945,0.9716644206105539
raw_W250,1403,3.0,0.9414521267240442,0.94,0.9725142360721809
raw_W250,1404,3.0,0.9420050938733479,0.955,0.974692328453472
raw_W250,1405,3.0,0.9422842603476234,0.95,0.9757672998962511
raw_W250,1406,3.0,0.9425527184695716,0.97,0.9767241508014384
raw_W250,1407,3.0,0.9426153412269594,0.905,0.9770357780262551
raw_W250,1408,3.0,0.9431984370242978,0.955,0.979323697128816
raw_W250,1409,3.0,0.9434915424396246,0.925,0.9806587676848758
raw_W250,1410,3.0,0.9438191502053271,0.955,0.9819775640426243
raw_W250,1411,3.0,0.9439981574060358,0.945,0.9826278291988646
raw_W250,1412,3.0,0.944265438903203,0.965,0.9836505317721697
raw_W250,1413,3.0,0.9445014551655497,0.94,0.9847106949431995
raw_W250,1414,3.0,0.9447032991996293,0.91,0.9855922370425942
raw_W250,1415,3.0,0.9450800782913167,0.96,0.98722081442318
raw_W250,1416,3.0,0.945444474677065,0.94,0.9886080818881505
raw_W250,1417,3.0,0.9456549992189067,0.94,0.9894737264806852
raw_W250,1418,3.0,0.9459192407733972,0.97,0.9906508833512635
raw_W250,1419,3.0,0.9460880459462574,0.96,0.9912947031610788
raw_W250,1420,3.0,0.9462780920478994,0.935,0.9919528676305507
raw_W250,1421,3.0,0.946503121087925,0.96,0.9929626570387592
raw_W250,1422,3.0,0.9467736913695939,0.93,0.9941215232870455
raw_W250,1423,3.0,0.9468949745205674,0.955,0.9947779796881587
raw_W250,1424,3.0,0.9470772156192566,0.94,0.9955748924617063
raw_W250,1425,3.0,0.9474101754917661,0.94,0.9967929291485009
raw_W250,1426,3.0,0.9476870530194523,0.95,0.9979712333242123
raw_W250,1427,3.0,0.9479282357731126,0.945,0.9990210146866833
raw_W250,1428,3.0,0.94813219483038,0.96,0.9998340840089927
raw_W250,1429,3.0,0.9483181664305902,0.955,1.0005923619774328
raw_W250,1430,3.0,0.9486400868249553,0.945,1.0019417796797048
raw_W250,1431,3.0,0.9489592006524421,0.94,1.0033929780436113
raw_W250,1432,3.0,0.949211219626566,0.925,1.0044587842820252
raw_W250,1433,3.0,0.9496191087916437,0.975,1.0064196701135721
raw_W250,1434,3.0,0.9497181588378067,0.955,1.0068284829825405
raw_W250,1435,3.0,0.9499723146110617,0.955,1.0079416055985444
raw_W250,1436,3.0,0.9500814351845966,0.92,1.0084281809556754
raw_W250,1437,3.0,0.9502950364220244,0.97,1.009388074479172
raw_W250,1438,3.0,0.950340433765493,0.955,1.009584415206949
raw_W250,1439,3.0,0.9505455539485235,0.96,1.0103967525525466
raw_W250,1440,3.0,0.9507076529255346,0.95,1.0112722416890185
raw_W250,1441,3.0,0.9508558826598861,0.94,1.0118696886786682
raw_W250,1442,3.0,0.9511197161993227,0.97,1.0128492861210119
raw_W250,1443,3.0,0.9512220769530714,0.93,1.0132680348901415
raw_W250,1444,3.0,0.9514027844132206,0.93,1.0140462344974643
raw_W250,1445,3.0,0.9517939051345633,0.945,1.0157047768876588
raw_W250,1446,3.0,0.9519390104091197,0.96,1.0164750568121534
raw_W250,1447,3.0,0.9521248796163626,0.94,1.0171685994059725
raw_W250,1448,3.0,0.9523186581229831,0.925,1.0180454954266331
raw_W250,1449,3.0,0.9525854861556714,0.97,1.0190639151769236
raw_W250,1450,3.0,0.9526942230367803,0.95,1.019594831627537
raw_W250,1451,3.0,0.9527601132107171,0.95,1.0199014521716203
raw_W250,1452,3.0,0.9526504797877965,0.965,1.0193460602834754
raw_W250,1453,3.0,0.9526634289911347,0.955,1.0193892850042945
raw_W250,1454,3.0,0.9527329965864044,0.935,1.0197761551538032
raw_W250,1455,3.0,0.9528637326245739,0.945,1.0206531635924225
raw_W250,1456,3.0,0.9527156245049266,0.945,1.0200256708327609
raw_W250,1457,3.0,0.9528696444136915,0.97,1.020698184729767
raw_W250,1458,3.0,0.9529550981290512,0.935,1.020855304695203
raw_W250,1459,3.0,0.9530670907915936,0.95,1.0214272623490377
raw_W250,1460,3.0,0.9531464313925029,0.97,1.0218207782824518
raw_W250,1461,3.0,0.9530041128062509,0.945,1.0211828633606392
raw_W250,1462,3.0,0.9530713552256329,0.96,1.0215924205118998
raw_W250,1463,3.0,0.9530214786106436,0.975,1.0214610994172042
raw_W250,1464,3.0,0.9528817468833778,0.955,1.0208166302911434
raw_W250,1465,3.0,0.9529794609985035,0.935,1.02138499407051
raw_W250,1466,3.0,0.9528950795285525,0.935,1.021150708595254
raw_W250,1467,3.0,0.9529406816425083,0.93,1.0213613233291325
raw_W250,1468,3.0,0.9529719995377516,0.955,1.0215067298766545
raw_W250,1469,3.0,0.9527544708601573,0.935,1.0206038862055802
raw_W250,1470,3.0,0.9529952253741574,0.955,1.021494743736012
raw_W250,1471,3.0,0.9528536131096257,0.955,1.020911376351547
raw_W250,1472,3.0,0.9529489275948468,0.915,1.0212475445909686
raw_W250,1473,3.0,0.9531382036457776,0.935,1.0221484967486953
raw_W250,1474,3.0,0.9530692070905884,0.97,1.0219486319569044
raw_W250,1475,3.0,0.9530118303910328,0.94,1.021902393906379
raw_W250,1476,3.0,0.953027698540299,0.935,1.0219672101969621
raw_W250,1477,3.0,0.9528748222291923,0.95,1.0212495996840878
raw_W250,1478,3.0,0.9528801636656921,0.92,1.0212194534790953
raw_W250,1479,3.0,0.9530038301538781,0.965,1.0217415590822936
raw_W250,1480,3.0,0.952974977309878,0.925,1.0216184570120512
raw_W250,1481,3.0,0.9530645021899238,0.965,1.021924239701495
raw_W250,1482,3.0,0.9530154437957219,0.945,1.0215800615523418
raw_W250,1483,3.0,0.9530712097627346,0.93,1.021799017021075
raw_W250,1484,3.0,0.9532280115565521,0.92,1.0223639769424193
raw_W250,1485,3.0,0.9531273896577808,0.96,1.0222631747266862
raw_W250,1486,3.0,0.9530880853558368,0.955,1.0221391619306859
raw_W250,1487,3.0,0.9530560897946835,0.965,1.0220722215593658
raw_W250,1488,3.0,0.9529342100455126,0.96,1.0215146186854636
raw_W250,1489,3.0,0.952830370105553,0.96,1.021134527661771
raw_W250,1490,3.0,0.9527752444742618,0.94,1.0210466950648012
raw_W250,1491,3.0,0.9527959736471217,0.965,1.0209559695491475
raw_W250,1492,3.0,0.9526652350227925,0.935,1.0203185354810826
raw_W250,1493,3.0,0.9526701038227388,0.935,1.0204225469085466
raw_W250,1494,3.0,0.9528673297986174,0.945,1.0214186777762948
raw_W250,1495,3.0,0.9530173273322811,0.93,1.021968362607507
raw_W250,1496,3.0,0.9532325863082559,0.95,1.022919390259531
raw_W250,1497,3.0,0.9532350612962668,0.94,1.0229302199126122
raw_W250,1498,3.0,0.9532292209089885,0.935,1.0228912661415197
raw_W250,1499,3.0,0.953206157695217,0.96,1.022836235514018
raw_W250,1500,3.0,0.9531554672061315,0.935,1.022456909492722
raw_W250,1501,3.0,0.9533387671376307,0.955,1.0231797033358376
raw_W250,1502,3.0,0.9533489814740725,0.955,1.0232299176943374
raw_W250,1503,3.0,0.9535165222256013,0.97,1.0239306082505777
raw_W250,1504,3.0,0.9532561610199037,0.945,1.0228353026295753
raw_W250,1505,3.0,0.9533223893094953,0.965,1.023204136401356
raw_W250,1506,3.0,0.9531250971452127,0.975,1.0222718615179323
raw_W250,1507,3.0,0.9530820230564726,0.975,1.0220052027810829
raw_W250,1508,3.0,0.9529814121711411,0.945,1.0216445272089294
raw_W250,1509,3.0,0.9530881368954585,0.96,1.0223485911974617
raw_W250,1510,3.0,0.9531879699663561,0.955,1.0228498563483595
raw_W250,1511,3.0,0.9531545005657684,0.94,1.0230134089070029
raw_W250,1512,3.0,0.9531881231269963,0.945,1.0232705998950258
raw_W250,1513,3.0,0.9531906223818336,0.975,1.0234167095769313
raw_W250,1514,3.0,0.9530726638102539,0.975,1.0229258482685761
raw_W250,1515,3.0,0.9528213872736956,0.96,1.0217118162673031
raw_W250,1516,3.0,0.9528878551092166,0.96,1.021876016059512
raw_W250,1517,3.0,0.952738436819018,0.92,1.0213304907075496
raw_W250,1518,3.0,0.9530532865589936,0.935,1.022733125142388
raw_W250,1519,3.0,0.9532704219940925,0.945,1.0235969630478254
raw_W250,1520,3.0,0.9531567783252258,0.95,1.0233076924213866
raw_W250,1521,3.0,0.9531817864208204,0.98,1.0233997734220628
raw_W250,1522,3.0,0.9529773868132208,0.93,1.0224763281748723
raw_W250,1523,3.0,0.95306060187915,0.97,1.0228164285368455
raw_W250,1524,3.0,0.9530774398655488,0.96,1.0230062793447854
raw_W250,1525,3.0,0.953069243589581,0.95,1.0228845812220957
raw_W250,1526,3.0,0.9530932643649112,0.985,1.022895566496097
raw_W250,1527,3.0,0.9530468118938208,0.955,1.0227595142739565
raw_W250,1528,3.0,0.9529300350475082,0.94,1.022352130987706
raw_W250,1529,3.0,0.9528897460279065,0.97,1.0222421028458364
raw_W250,1530,3.0,0.9529055408973386,0.965,1.0222488106545782
raw_W250,1531,3.0,0.9529455950985448,0.955,1.0223954197456282
raw_W250,1532,3.0,0.9530044419195859,0.97,1.022429557701041
raw_W250,1533,3.0,0.9530249649833326,0.95,1.0224525308656618
raw_W250,1534,3.0,0.9531171049653486,0.955,1.0229124623071162
raw_W250,1535,3.0,0.9529969297732444,0.95,1.0225099775504674
raw_W250,1536,3.0,0.9529158074232035,0.94,1.0223233220609833
raw_W250,1537,3.0,0.9531357920453877,0.95,1.0234025921877348
raw_W250,1538,3.0,0.9531052240033077,0.97,1.0231772528793954
raw_W250,1539,3.0,0.9530396582175266,0.955,1.022861398868331
raw_W250,1540,3.0,0.9529609326904724,0.94,1.0224668916927877
raw_W250,1541,3.0,0.953039690764077,0.965,1.0228679123204676
raw_W250,1542,3.0,0.9529495273484204,0.955,1.0224997294678693
raw_W250,1543,3.0,0.9528851262821153,0.965,1.0222213294492601
raw_W250,1544,3.0,0.9528330510084106,0.965,1.0218156823362698
raw_W250,1545,3.0,0.9526842687258581,0.945,1.0210371547022306
raw_W250,1546,3.0,0.9526902058825246,0.98,1.0211561913959044
raw_W250,1547,3.0,0.9526136214312865,0.985,1.0206597787935288
raw_W250,1548,3.0,0.9525084293182892,0.94,1.0201868681082427
raw_W250,1549,3.0,0.9524388060386234,0.96,1.0200168290757141
raw_W250,1550,3.0,0.9523559155254722,0.925,1.0194497538525704
raw_W250,1551,3.0,0.9526430449337804,0.94,1.0204306807648271
raw_W250,1552,3.0,0.9524630537331401,0.94,1.0197242988883557
raw_W250,1553,3.0,0.952669969185527,0.97,1.0208448205733724
raw_W250,1554,3.0,0.9526867275937545,0.96,1.0209457047469117
raw_W250,1555,3.0,0.9525233398304561,0.93,1.020303737327431
raw_W250,1556,3.0,0.952480636402942,0.945,1.0199585826538689
raw_W250,1557,3.0,0.9524002318097289,0.97,1.0199195335005897
raw_W250,1558,3.0,0.9522727817551336,0.95,1.019296446344833
raw_W250,1559,3.0,0.9523715984819645,0.97,1.0197884477031398
raw_W250,1560,3.0,0.9522553227396818,0.935,1.01920314754337
raw_W250,1561,3.0,0.9523359656085165,0.915,1.0196987203277268
raw_W250,1562,3.0,0.9524362389719374,0.97,1.0203775854758905
raw_W250,1563,3.0,0.9522484893480305,0.945,1.0194414019925788
raw_W250,1564,3.0,0.9523041227248402,0.98,1.019715554164537
raw_W250,1565,3.0,0.9521435550782872,0.935,1.0188845569349334
raw_W250,1566,3.0,0.9521775445228923,0.95,1.0189945658778747
raw_W250,1567,3.0,0.9522881835478373,0.965,1.0194774539498384
raw_W250,1568,3.0,0.9523587036166632,0.94,1.0197674404176507
raw_W250,1569,3.0,0.9525779687417686,0.95,1.0204139878524063
raw_W250,1570,3.0,0.9526552710773106,0.95,1.020538197238323
raw_W250,1571,3.0,0.952837778326207,0.96,1.0211406013185806
raw_W250,1572,3.0,0.9529581062524448,0.93,1.021822411560575
raw_W250,1573,3.0,0.953275396466879,0.925,1.0232561863971963
raw_W250,1574,3.0,0.9533251281666467,0.945,1.0237032063045484
raw_W250,1575,3.0,0.9534475293430973,0.945,1.0245044092642912
raw_W250,1576,3.0,0.9533661088844871,0.965,1.0240965444429273
raw_W250,1577,3.0,0.9533465936541462,0.965,1.023997699931312
raw_W250,1578,3.0,0.953275178612673,0.955,1.023693574739029
raw_W250,1579,3.0,0.9533816651277088,0.97,1.0242239398705026
raw_W250,1580,3.0,0.9532972649093822,0.95,1.0237848011885216
raw_W250,1581,3.0,0.9534226378951043,0.95,1.0242805279434932
raw_W250,1582,3.0,0.9533799629029163,0.935,1.024054314677986
raw_W250,1583,3.0,0.9532895369724558,0.95,1.023871081682617
raw_W250,1584,3.0,0.9532214767241571,0.955,1.023552368978664
raw_W250,1585,3.0,0.953408841080706,0.95,1.0244263782694196
raw_W250,1586,3.0,0.9535071866392656,0.95,1.0248969147451519
raw_W250,1587,3.0,0.9533135734492885,0.955,1.0238299274740548
raw_W250,1588,3.0,0.9530858287652008,0.96,1.0229676667226608
raw_W250,1589,3.0,0.9530430442963158,0.94,1.0228967611409112
raw_W250,1590,3.0,0.9530983301916908,0.95,1.023148948258924
raw_W250,1591,3.0,0.9531673902629427,0.965,1.0234800751128266
raw_W250,1592,3.0,0.9530800433226589,0.94,1.0228159385101225
raw_W250,1593,3.0,0.9529213553448526,0.935,1.022183087456049
raw_W250,1594,3.0,0.9529461926715002,0.965,1.0224153224469958
raw_W250,1595,3.0,0.9529978164710609,0.93,1.0227014099730172
raw_W250,1596,3.0,0.9530008926880362,0.965,1.0227264463171781
raw_W250,1597,3.0,0.9529497174373189,0.95,1.0223982895174166
raw_W250,1598,3.0,0.9529028229311354,0.95,1.0222056043861332
raw_W250,1599,3.0,0.9530031487239369,0.945,1.022578884889038
raw_W250,1600,3.0,0.9530975046451957,0.955,1.0229405579473942
raw_W250,1601,3.0,0.9532330889766782,0.94,1.0235906885596155
raw_W250,1602,3.0,0.953116828217472,0.955,1.0230551729229487
raw_W250,1603,3.0,0.9530564043702564,0.925,1.0228339037148906
raw_W250,1604,3.0,0.953150423318585,0.97,1.0232745042170295
raw_W250,1605,3.0,0.9530945069832544,0.945,1.0228114135301023
raw_W250,1606,3.0,0.9530598695521801,0.94,1.0226825411690053
raw_W250,1607,3.0,0.9530820548632974,0.955,1.022830855959769
raw_W250,1608,3.0,0.952916303427009,0.94,1.0219896991050998
raw_W250,1609,3.0,0.9529100226403119,0.935,1.0219747696448207
raw_W250,1610,3.0,0.9531013850828167,0.93,1.0227413660808011
raw_W250,1611,3.0,0.9532837660210386,0.96,1.0235059170998217
raw_W250,1612,3.0,0.9532847696133077,0.95,1.0235143128868327
raw_W250,1613,3.0,0.953297885550464,0.955,1.0236215603710677
raw_W250,1614,3.0,0.9533098866532171,0.95,1.023813118819187
raw_W250,1615,3.0,0.9531349946595756,0.955,1.0228364790314828
raw_W250,1616,3.0,0.9532221209593537,0.945,1.0232534191724065
raw_W250,1617,3.0,0.9530380865061087,0.95,1.022484966504854
raw_W250,1618,3.0,0.9530866143019776,0.96,1.0226013500150675
raw_W250,1619,3.0,0.9530270397591241,0.945,1.0226545164151242
raw_W250,1620,3.0,0.9529605331724672,0.955,1.0226332770936233
raw_W250,1621,3.0,0.9529502940921212,0.975,1.0227968965209306
raw_W250,1622,3.0,0.9528510941391676,0.935,1.0222648236521983
raw_W250,1623,3.0,0.9529477733885875,0.95,1.0225964077462553
raw_W250,1624,3.0,0.9527794145146359,0.945,1.021706194435012
raw_W250,1625,3.0,0.9529099464106736,0.94,1.0222208013200795
raw_W250,1626,3.0,0.9530693586729834,0.935,1.0228069239333406
raw_W250,1627,3.0,0.9532329307822462,0.975,1.023673488589466
raw_W250,1628,3.0,0.9531236546427796,0.955,1.0231133132459218
raw_W250,1629,3.0,0.953234531597924,0.935,1.023688251769085
raw_W250,1630,3.0,0.953322708143366,0.965,1.0241400170571893
raw_W250,1631,3.0,0.9532841081661942,0.965,1.0240471181419892
raw_W250,1632,3.0,0.953203671306596,0.965,1.023585713362233
raw_W250,1633,3.0,0.9530641295881402,0.95,1.0230868466507366
raw_W250,1634,3.0,0.9530443650319094,0.965,1.02295795868575
raw_W250,1635,3.0,0.9531592786621639,0.95,1.023559086918215
raw_W250,1636,3.0,0.9531172212922692,0.985,1.0233405421613408
raw_W250,1637,3.0,0.9530428754533534,0.94,1.0230941680865564
raw_W250,1638,3.0,0.9528932899683883,0.93,1.0224790504033292
raw_W250,1639,3.0,0.953121113656052,0.96,1.023611029685452
raw_W250,1640,3.0,0.9532491037267791,0.93,1.024158839068044
raw_W250,1641,3.0,0.9532772145136151,0.97,1.024102875447759
raw_W250,1642,3.0,0.953233475478409,0.945,1.023744809718038
raw_W250,1643,3.0,0.953315670694667,0.93,1.0242295877454466
raw_W250,1644,3.0,0.9535623197241637,0.95,1.0253772952870248
raw_W250,1645,3.0,0.9536352490604466,0.955,1.0253940814448432
raw_W250,1646,3.0,0.9537147892660576,0.97,1.025749095577451
raw_W250,1647,3.0,0.9537517022315884,0.98,1.0259787495192574
raw_W250,1648,3.0,0.9536840121860993,0.97,1.0256730741707
raw_W250,1649,3.0,0.9536773905061474,0.93,1.0256001470961777
raw_W250,1650,3.0,0.95377627354159,0.965,1.0258871057273586
raw_W250,1651,3.0,0.9538532515824404,0.95,1.0261468081219942
raw_W250,1652,3.0,0.9537806071654328,0.96,1.0257170259210446
raw_W250,1653,3.0,0.9539250202697606,0.95,1.0263619341355024
raw_W250,1654,3.0,0.9539299067120851,0.945,1.026142765975246
raw_W250,1655,3.0,0.953907437086759,0.95,1.0259307097694506
raw_W250,1656,3.0,0.9539839317399492,0.935,1.0264707017064838
raw_W250,1657,3.0,0.954184125747379,0.95,1.0272421278609718
raw_W250,1658,3.0,0.954100147025987,0.945,1.0268648692148272
raw_W250,1659,3.0,0.9541101868468539,0.96,1.02693814360385
raw_W250,1660,3.0,0.954075083226555,0.955,1.0267955236527226
raw_W250,1661,3.0,0.9541137466217998,0.96,1.0268667032285448
raw_W250,1662,3.0,0.9540609865488656,0.94,1.0265095723432611
raw_W250,1663,3.0,0.9540962251943236,0.94,1.0266771888480934
raw_W250,1664,3.0,0.9542197820681763,0.955,1.0271217949429023
raw_W250,1665,3.0,0.9539831434498092,0.96,1.0257985522500752
raw_W250,1666,3.0,0.9539920598678535,0.955,1.0260158644926651
raw_W250,1667,3.0,0.9539984850334677,0.96,1.0261498004661371
raw_W250,1668,3.0,0.953948172536346,0.99,1.025978245515265
raw_W250,1669,3.0,0.9539650122088804,0.945,1.025992909546778
raw_W250,1670,3.0,0.9541063102784851,0.975,1.026742453490695
raw_W250,1671,3.0,0.95404199485769,0.955,1.0264836368823904
raw_W250,1672,3.0,0.9538943937406685,0.945,1.0258075260792978
raw_W250,1673,3.0,0.9538392103544093,0.96,1.0255780124567928
raw_W250,1674,3.0,0.9537055109956063,0.95,1.0249518535233413
raw_W250,1675,3.0,0.9536851938677038,0.945,1.0246899362846682
raw_W250,1676,3.0,0.953856998438427,0.975,1.0254453067257046
raw_W250,1677,3.0,0.9537711709109752,0.945,1.0250458347542888
raw_W250,1678,3.0,0.9537440178733578,0.96,1.0247800720130362
raw_W250,1679,3.0,0.9536575181715234,0.955,1.024397212536033
raw_W250,1680,3.0,0.9537273343962974,0.96,1.0245621527643658
raw_W250,1681,3.0,0.9536838798235343,0.935,1.0244940228972086
raw_W250,1682,3.0,0.9537507211256784,0.93,1.0252176043512973
raw_W250,1683,3.0,0.953857934228336,0.975,1.0255442191812327
raw_W250,1684,3.0,0.9538233579984349,0.94,1.0254113933367812
raw_W250,1685,3.0,0.9537884027747046,0.935,1.0253131457872824
raw_W250,1686,3.0,0.9538855752396077,0.975,1.0258448400950535
raw_W250,1687,3.0,0.9536387948668746,0.965,1.024672726744706
raw_W250,1688,3.0,0.953835852940781,0.95,1.0252509200398183
raw_W250,1689,3.0,0.9538870695741488,0.97,1.0253002337588029
raw_W250,1690,3.0,0.9537462916832168,0.985,1.0242649725837218
raw_W250,1691,3.0,0.9536439669684527,0.955,1.0237488661053344
raw_W250,1692,3.0,0.9536923169389502,0.965,1.023905488711899
raw_W250,1693,3.0,0.9537832535601276,0.975,1.0242631818217722
raw_W250,1694,3.0,0.953507785125175,0.945,1.0230434176981058
raw_W250,1695,3.0,0.9536824729443838,0.955,1.0238616852032718
raw_W250,1696,3.0,0.9536829900869893,0.935,1.0238881133921773
raw_W250,1697,3.0,0.9537691843399816,0.96,1.0243227585393917
raw_W250,1698,3.0,0.9537721617907092,0.97,1.0242843661457277
raw_W250,1699,3.0,0.9536847072804814,0.945,1.0238346199240724
raw_W250,1700,3.0,0.9537122933143558,0.975,1.0244253683233264
raw_W250,1701,3.0,0.9535473138200259,0.96,1.0236080842958837
raw_W250,1702,3.0,0.9534613843968043,0.96,1.0233379939671077
raw_W250,1703,3.0,0.9534790240771619,0.955,1.0233726741402382
raw_W250,1704,3.0,0.9534186362263927,0.965,1.023004861266763
raw_W250,1705,3.0,0.9532825564647276,0.965,1.0223391244062008
raw_W250,1706,3.0,0.95335507791441,0.975,1.0225640548679629
raw_W250,1707,3.0,0.9532924299827127,0.955,1.0221763584140016
raw_W250,1708,3.0,0.9533344406202019,0.98,1.0222659439859383
raw_W250,1709,3.0,0.9530213498564225,0.95,1.021009434256916
raw_W250,1710,3.0,0.953015723894116,0.955,1.021013077271501
raw_W250,1711,3.0,0.9530759013572233,0.92,1.0212836538368333
raw_W250,1712,3.0,0.953290507538108,0.925,1.0221072237770574
raw_W250,1713,3.0,0.9533264319866818,0.955,1.022406247868392
raw_W250,1714,3.0,0.9532696830638031,0.945,1.022341254645278
raw_W250,1715,3.0,0.9533343991878388,0.975,1.0226745024047192
raw_W250,1716,3.0,0.9531274320967662,0.965,1.0216514837724548
raw_W250,1717,3.0,0.9530828732261302,0.97,1.0212422475045329
raw_W250,1718,3.0,0.9529478135856684,0.975,1.0206431240533536
raw_W250,1719,3.0,0.9528902821618871,0.955,1.0204312144690022
raw_W250,1720,3.0,0.9528185568762515,0.955,1.0201460924124657
raw_W250,1721,3.0,0.9527724795277939,0.95,1.0198297226855586
raw_W250,1722,3.0,0.952813421948359,0.975,1.0201811265527974
raw_W250,1723,3.0,0.952667894871777,0.97,1.0193841804300747
raw_W250,1724,3.0,0.9525975272015583,0.96,1.0188007529442473
raw_W250,1725,3.0,0.9526327467340852,0.965,1.0189164794118222
raw_W250,1726,3.0,0.9526398695546179,0.96,1.0189027669340327
raw_W250,1727,3.0,0.9525416558155132,0.96,1.018200997535643
raw_W250,1728,3.0,0.9524354906888091,0.955,1.0176091399056508
raw_W250,1729,3.0,0.9522202260845134,0.945,1.0166028274659684
raw_W250,1730,3.0,0.9523397512203986,0.96,1.0171538720015127
raw_W250,1731,3.0,0.9521892686578218,0.935,1.0164009842595945
raw_W250,1732,3.0,0.9524377515563418,0.94,1.017682507568112
raw_W250,1733,3.0,0.9526837628494735,0.915,1.0189818894006188
raw_W250,1734,3.0,0.9527068677838042,0.935,1.0190897093963063
raw_W250,1735,3.0,0.9526405765482886,0.965,1.019171372295423
raw_W250,1736,3.0,0.9526387145262996,0.945,1.0191075104171046
raw_W250,1737,3.0,0.9527666843420417,0.96,1.019824516394225
raw_W250,1738,3.0,0.9527394229216078,0.96,1.019737791482462
raw_W250,1739,3.0,0.9526515390220525,0.96,1.0192129678953474
raw_W250,1740,3.0,0.9526217569165415,0.965,1.0191085127274806
raw_W250,1741,3.0,0.9525463324291171,0.95,1.0186906431243141
raw_W250,1742,3.0,0.9524605042447621,0.96,1.0182185851519938
raw_W250,1743,3.0,0.9524533482317078,0.925,1.018145031797738
raw_W250,1744,3.0,0.9523966723281307,0.945,1.0179953780690447
raw_W250,1745,3.0,0.9523593322443675,0.91,1.017812333589368
raw_W250,1746,3.0,0.9526429451808641,0.96,1.0190614138507765
raw_W250,1747,3.0,0.9525286090592147,0.945,1.0185281531071833
raw_W250,1748,3.0,0.9523568194357966,0.95,1.0178329972844529
raw_W250,1749,3.0,0.9522979263500221,0.955,1.0173333041274617
raw_W250,1750,3.0,0.9523226144467667,0.965,1.0175630958764823
raw_W250,1751,3.0,0.9522036915770843,0.945,1.0169058565212044
raw_W250,1752,3.0,0.9520091833403871,0.965,1.0160742856121439
raw_W250,1753,3.0,0.9518940357132684,0.96,1.0155067105261637
raw_W250,1754,3.0,0.9518032462506083,0.965,1.0152522718452162
raw_W250,1755,3.0,0.9517624542126777,0.965,1.01499773820366
raw_W250,1756,3.0,0.951738952526896,0.96,1.0149572249897927
raw_W250,1757,3.0,0.9518564612825887,0.955,1.0152578567076382
raw_W250,1758,3.0,0.9519023226410376,0.955,1.0155800077803894
raw_W250,1759,3.0,0.9519323845193657,0.965,1.0155901227605042
raw_W250,1760,3.0,0.9518781671785661,0.945,1.0153845023104575
raw_W250,1761,3.0,0.951933165059798,0.955,1.0158477725995976
raw_W250,1762,3.0,0.9519529798545805,0.965,1.0157406017582944
raw_W250,1763,3.0,0.9517977306994324,0.945,1.0149076150088856
raw_W250,1764,3.0,0.9519333418112015,0.94,1.0157565403051365
raw_W250,1765,3.0,0.9520849761138674,0.94,1.0164789118944235
raw_W250,1766,3.0,0.9521581298804631,0.945,1.0169205168804114
raw_W250,1767,3.0,0.9521013188106332,0.95,1.016743040619872
raw_W250,1768,3.0,0.9520698544079238,0.96,1.0166019478101318
raw_W250,1769,3.0,0.9519294838799961,0.93,1.0159452641116338
raw_W250,1770,3.0,0.9520838830253395,0.94,1.0167612632738872
raw_W250,1771,3.0,0.9521964428032784,0.96,1.0171411080358814
raw_W250,1772,3.0,0.9522044113368705,0.965,1.017163506017823
raw_W250,1773,3.0,0.9521638585649767,0.96,1.0170011935446963
raw_W250,1774,3.0,0.9521486621360776,0.955,1.0168488557931945
raw_W250,1775,3.0,0.9520985514565438,0.94,1.0166667988877374
raw_W250,1776,3.0,0.9521389377119988,0.94,1.016901485939214
raw_W250,1777,3.0,0.9524237396623451,0.965,1.0181423202948778
raw_W250,1778,3.0,0.9523815478983885,0.955,1.0178384043447644
raw_W250,1779,3.0,0.9523431260436493,0.955,1.0176702159536442
raw_W250,1780,3.0,0.9523425662583128,0.94,1.0178046115584507
raw_W250,1781,3.0,0.9524864810947048,0.98,1.0183062173762383
raw_W250,1782,3.0,0.9524142571734324,0.98,1.0179243079615665
raw_W250,1783,3.0,0.9524368739590011,0.965,1.0177151462824476
raw_W250,1784,3.0,0.9524063289115319,0.94,1.0173509914053418
raw_W250,1785,3.0,0.9525379421483509,0.935,1.0178485744999133
raw_W250,1786,3.0,0.95270019796695,0.94,1.0187715090882543
raw_W250,1787,3.0,0.9527525808198632,0.96,1.0189996717511054
raw_W250,1788,3.0,0.9527628216402948,0.955,1.0190818477657073
raw_W250,1789,3.0,0.9527754489711501,0.98,1.0193060269185998
raw_W250,1790,3.0,0.9526924267924726,0.945,1.0187922276233716
raw_W250,1791,3.0,0.9525160122251779,0.95,1.017960611401184
raw_W250,1792,3.0,0.952691321810639,0.93,1.0188834950180354
raw_W250,1793,3.0,0.9527395833942623,0.95,1.019205751017079
raw_W250,1794,3.0,0.952725359074989,0.955,1.019311138591653
raw_W250,1795,3.0,0.9528293797219851,0.955,1.0198258167139318
raw_W250,1796,3.0,0.952751703229645,0.97,1.019527679834927
raw_W250,1797,3.0,0.9527092356270462,0.97,1.0195659350842092
raw_W250,1798,3.0,0.9528354287686167,0.935,1.0200715861596388
raw_W250,1799,3.0,0.95298988840008,0.94,1.0207447917545733
raw_W250,1800,1.0,0.999999987116767,1.0,3.0619037543214676
raw_W250,1801,1.0,0.9999999863685289,1.0,3.0581721505136117
raw_W250,1802,1.0,0.9999999863250992,1.0,3.055671399636813
raw_W250,1803,1.0,0.9999999860326517,1.0,3.0528350492029994
raw_W250,1804,1.0,0.9999999857716156,1.0,3.0514058000767035
raw_W250,1805,1.0,0.9999999855933033,1.0,3.0491209457141597
raw_W250,1806,1.0,0.9999999852964041,1.0,3.046719489354836
raw_W250,1807,1.0,0.999999985172978,1.0,3.043346351924045
raw_W250,1808,1.0,0.9999999851364914,1.0,3.042119770881331
raw_W250,1809,1.0,0.9999999844198281,1.0,3.041114179669532
raw_W250,1810,1.0,0.999999984174213,1.0,3.037985486814605
raw_W250,1811,1.0,0.9999999836267693,1.0,3.034390278200175
raw_W250,1812,1.0,0.9999999832047609,1.0,3.0287593735981706
raw_W250,1813,1.0,0.999999983167638,1.0,3.028390332237544
raw_W250,1814,1.0,0.9999999827491034,1.0,3.0238608334118013
raw_W250,1815,1.0,0.9999999825521254,1.0,3.0231877365075444
raw_W250,1816,1.0,0.9999999815882233,1.0,3.0177449233837788
raw_W250,1817,1.0,0.9999999814189267,1.0,3.0162913142787313
raw_W250,1818,1.0,0.9999999806534025,1.0,3.012687116335501
raw_W250,1819,1.0,0.999999980123381,1.0,3.010607055806259
raw_W250,1820,1.0,0.999999979440881,1.0,3.006242096528148
raw_W250,1821,1.0,0.9999999790189525,1.0,3.0037092575347613
raw_W250,1822,1.0,0.9999999787366228,1.0,3.000511186737482
raw_W250,1823,1.0,0.9999999767488045,1.0,2.9947458027913547
raw_W250,1824,1.0,0.9999999759045707,1.0,2.9880593943028746
raw_W250,1825,1.0,0.9999999741385924,1.0,2.9842869386321604
raw_W250,1826,1.0,0.9999999719392864,1.0,2.97962826547426
raw_W250,1827,1.0,0.9999999716873798,1.0,2.978049400643034
raw_W250,1828,1.0,0.9999999711306523,1.0,2.976091708981351
raw_W250,1829,1.0,0.9999999709453354,1.0,2.972917285268969
raw_W250,1830,1.0,0.9999999704461419,1.0,2.9716880217866084
raw_W250,1831,1.0,0.9999999685736859,1.0,2.9681284908191747
raw_W250,1832,1.0,0.9999999671535403,1.0,2.965252718496416
raw_W250,1833,1.0,0.999999966777809,1.0,2.9607915465281525
raw_W250,1834,1.0,0.9999999656175563,1.0,2.9571611189671274
raw_W250,1835,1.0,0.9999999648666557,1.0,2.9527447926649195
raw_W250,1836,1.0,0.9999999640674931,1.0,2.949549943036566
raw_W250,1837,1.0,0.999999959173233,1.0,2.945492384304896
raw_W250,1838,1.0,0.9999999585193396,1.0,2.9435367122748834
raw_W250,1839,1.0,0.9999999578238365,1.0,2.9418945130777026
raw_W250,1840,1.0,0.9999999556447008,1.0,2.937135138272364
raw_W250,1841,1.0,0.999999953960111,1.0,2.933143973758066
raw_W250,1842,1.0,0.99999995194027,1.0,2.9305258742552267
raw_W250,1843,1.0,0.9999999514016735,1.0,2.927408998647165
raw_W250,1844,1.0,0.999999950282911,1.0,2.9240423289980346
raw_W250,1845,1.0,0.9999999471476295,1.0,2.9205207078951707
raw_W250,1846,1.0,0.9999999453921578,1.0,2.9167160781708708
raw_W250,1847,1.0,0.9999999425852607,1.0,2.9131041820083827
raw_W250,1848,1.0,0.9999999396218504,1.0,2.9100424482020513
raw_W250,1849,1.0,0.9999999386225781,1.0,2.905946323432267
raw_W250,1850,1.0,0.9999999348021096,1.0,2.90097807318734
raw_W250,1851,1.0,0.9999999297060208,1.0,2.897159225086838
raw_W250,1852,1.0,0.9999999247306114,1.0,2.8922449206930834
raw_W250,1853,1.0,0.9999999207486638,1.0,2.8898658554784316
raw_W250,1854,1.0,0.999999919455187,1.0,2.887302574250057
raw_W250,1855,1.0,0.9999999099521165,1.0,2.8848493682348537
raw_W250,1856,1.0,0.9999999030728697,1.0,2.8787741665630504
raw_W250,1857,1.0,0.9999998998385533,1.0,2.8734505584972863
raw_W250,1858,1.0,0.9999998928407543,1.0,2.869470576749702
raw_W250,1859,1.0,0.9999998918951956,1.0,2.8654051154786493
raw_W250,1860,1.0,0.999999890141464,1.0,2.8597201237465733
raw_W250,1861,1.0,0.9999998847602842,1.0,2.8544910739048586
raw_W250,1862,1.0,0.9999998819401478,1.0,2.8511971350066485
raw_W250,1863,1.0,0.9999998799886535,1.0,2.84811939948372
raw_W250,1864,1.0,0.9999998745761876,1.0,2.8455249978907773
raw_W250,1865,1.0,0.9999998706932628,1.0,2.8414816959502414
raw_W250,1866,1.0,0.9999998681123266,1.0,2.8379331525192715
raw_W250,1867,1.0,0.9999998627522416,1.0,2.8333495450644612
raw_W250,1868,1.0,0.9999998606481009,1.0,2.830716984809302
raw_W250,1869,1.0,0.999999854582704,1.0,2.827119375911248
raw_W250,1870,1.0,0.9999998511305427,1.0,2.8229822656289074
raw_W250,1871,1.0,0.99999983900317,1.0,2.81794054853891
raw_W250,1872,1.0,0.9999998375442738,1.0,2.816635830659135
raw_W250,1873,1.0,0.9999998329518732,1.0,2.809667152709143
raw_W250,1874,1.0,0.9999998279791248,1.0,2.805060318642591
raw_W250,1875,1.0,0.9999998179360117,1.0,2.7988478891959123
raw_W250,1876,1.0,0.9999998136961377,1.0,2.794234942149611
raw_W250,1877,1.0,0.999999798966663,1.0,2.7886111398691997
raw_W250,1878,1.0,0.999999796213734,1.0,2.784819418252703
raw_W250,1879,1.0,0.9999997858817216,1.0,2.7814579353825475
raw_W250,1880,1.0,0.9999997795067262,1.0,2.7749215510028717
raw_W250,1881,1.0,0.9999997695045889,1.0,2.7708539789768154
raw_W250,1882,1.0,0.9999997635502256,1.0,2.768464103871757
raw_W250,1883,1.0,0.999999749172193,1.0,2.7624196926617945
raw_W250,1884,1.0,0.9999997396498688,1.0,2.7598794491886824
raw_W250,1885,1.0,0.9999997216358548,1.0,2.7570421948743786
raw_W250,1886,1.0,0.9999996942277986,1.0,2.7498048016222185
raw_W250,1887,1.0,0.9999996858919,1.0,2.746896018950845
raw_W250,1888,1.0,0.9999996728973752,1.0,2.739334546072336
raw_W250,1889,1.0,0.9999996407726429,1.0,2.731405441545562
raw_W250,1890,1.0,0.9999996302790615,1.0,2.7281904772783685
raw_W250,1891,1.0,0.9999995897324571,1.0,2.718410173734572
raw_W250,1892,1.0,0.9999995751520615,1.0,2.716464684513162
raw_W250,1893,1.0,0.9999995537897525,1.0,2.7125592022342846
raw_W250,1894,1.0,0.9999995265096382,1.0,2.7086906113534597
raw_W250,1895,1.0,0.9999994758744924,1.0,2.7022334861994977
raw_W250,1896,1.0,0.9999994581057566,1.0,2.6983199299857743
raw_W250,1897,1.0,0.999999447255609,1.0,2.693999318111332
raw_W250,1898,1.0,0.9999994401337705,1.0,2.6918392507270896
raw_W250,1899,1.0,0.9999993901443996,1.0,2.686483112295208
raw_W250,1900,1.0,0.9999993806168849,1.0,2.6815933182030527
raw_W250,1901,1.0,0.9999993708629495,1.0,2.6771918580598513
raw_W250,1902,1.0,0.9999993324593263,1.0,2.6731151186534587
raw_W250,1903,1.0,0.9999992985028956,1.0,2.6678411114591425
raw_W250,1904,1.0,0.9999992746485629,1.0,2.6631803599664363
raw_W250,1905,1.0,0.9999992371511532,1.0,2.6592804686672706
raw_W250,1906,1.0,0.9999991923798552,1.0,2.654453672023251
raw_W250,1907,1.0,0.999999126549792,1.0,2.648254756397053
raw_W250,1908,1.0,0.9999991184887733,1.0,2.6448642396407966
raw_W250,1909,1.0,0.9999990771338315,1.0,2.6392600141613722
raw_W250,1910,1.0,0.999999048757812,1.0,2.6348631043383812
raw_W250,1911,1.0,0.9999989852633078,1.0,2.6293497339805882
raw_W250,1912,1.0,0.9999989200945646,1.0,2.623839106698688
raw_W250,1913,1.0,0.999998879854036,1.0,2.6164851610314264
raw_W250,1914,1.0,0.9999988538107744,1.0,2.6132499650571632
raw_W250,1915,1.0,0.9999988387550484,1.0,2.6097368285166156
raw_W250,1916,1.0,0.9999987584971995,1.0,2.606456142620699
raw_W250,1917,1.0,0.999998704574197,1.0,2.600766982743654
raw_W250,1918,1.0,0.999998596556042,1.0,2.5961664338418693
raw_W250,1919,1.0,0.9999985652744401,1.0,2.5951885638118943
raw_W250,1920,1.0,0.9999982413732552,1.0,2.588804705727067
raw_W250,1921,1.0,0.9999982062988199,1.0,2.5851514221312404
raw_W250,1922,1.0,0.999998161168905,1.0,2.5786696743803117
raw_W250,1923,1.0,0.9999979653070024,1.0,2.5711175427714683
raw_W250,1924,1.0,0.9999978504609537,1.0,2.565941466895028
raw_W250,1925,1.0,0.9999977898583725,1.0,2.5593983667068922
raw_W250,1926,1.0,0.9999976654545548,1.0,2.5481206118482977
raw_W250,1927,1.0,0.9999976085403529,1.0,2.543223307753938
raw_W250,1928,1.0,0.9999974740515212,1.0,2.5378534011166733
raw_W250,1929,1.0,0.999997334277318,1.0,2.532682131041706
raw_W250,1930,1.0,0.9999972517110187,1.0,2.5265784172532957
raw_W250,1931,1.0,0.9999970783513592,1.0,2.519135463716035
raw_W250,1932,1.0,0.9999970182631793,1.0,2.5119634950889154
raw_W250,1933,1.0,0.9999969052028261,1.0,2.5062872176635076
raw_W250,1934,1.0,0.9999966344985128,1.0,2.4988809271358723
raw_W250,1935,1.0,0.9999963898163652,1.0,2.4941287034244954
raw_W250,1936,1.0,0.9999961758326973,1.0,2.4887727537240734
raw_W250,1937,1.0,0.9999961369697332,1.0,2.486638862607827
raw_W250,1938,1.0,0.9999960679709576,1.0,2.480879426831873
raw_W250,1939,1.0,0.999995378806347,1.0,2.4731975940945903
raw_W250,1940,1.0,0.9999947370704102,1.0,2.465525553629689
raw_W250,1941,1.0,0.9999945740381797,1.0,2.4602031682031584
raw_W250,1942,1.0,0.9999943051574275,1.0,2.4510483325861117
raw_W250,1943,1.0,0.9999940239178778,1.0,2.4467945923647023
raw_W250,1944,1.0,0.9999938146969872,1.0,2.4390938396476933
raw_W250,1945,1.0,0.9999932429605406,1.0,2.429526124547199
raw_W250,1946,1.0,0.9999930952044537,1.0,2.4244623782227728
raw_W250,1947,1.0,0.999992663414263,1.0,2.4168695140370393
raw_W250,1948,1.0,0.9999924355283425,1.0,2.4118096930260133
raw_W250,1949,1.0,0.9999919871879501,1.0,2.4058260964335756
raw_W250,1950,1.0,0.9999914101513134,1.0,2.398931564584485
raw_W250,1951,1.0,0.9999909883866503,1.0,2.3926480246570945
raw_W250,1952,1.0,0.9999882817555127,1.0,2.3811376927394527
raw_W250,1953,1.0,0.9999866345466616,1.0,2.3749277075914477
raw_W250,1954,1.0,0.9999863889744921,1.0,2.3674581951091973
raw_W250,1955,1.0,0.9999861962278125,1.0,2.3641911320064697
raw_W250,1956,1.0,0.9999857183496933,1.0,2.3579585573613047
raw_W250,1957,1.0,0.9999849584791367,1.0,2.3511078480260927
raw_W250,1958,1.0,0.9999839824709698,1.0,2.3448033897761964
raw_W250,1959,1.0,0.9999829062730466,1.0,2.339539010047267
raw_W250,1960,1.0,0.9999813300914778,1.0,2.3322530496169382
raw_W250,1961,1.0,0.9999791944604667,1.0,2.3218857886330855
raw_W250,1962,1.0,0.9999782708643074,1.0,2.3136309884447956
raw_W250,1963,1.0,0.9999773625889405,1.0,2.3062035349896024
raw_W250,1964,1.0,0.9999749983102157,1.0,2.2956396863818425
raw_W250,1965,1.0,0.999972925066583,1.0,2.287405675449306
raw_W250,1966,1.0,0.9999711623663395,1.0,2.275590760295669
raw_W250,1967,1.0,0.9999686529627223,1.0,2.267653535605258
raw_W250,1968,1.0,0.999966056120976,1.0,2.2604714587966788
raw_W250,1969,1.0,0.9999620855148109,1.0,2.2511188992209323
raw_W250,1970,1.0,0.9999575192975158,1.0,2.2369377618929773
raw_W250,1971,1.0,0.999955141930044,1.0,2.230324226720238
raw_W250,1972,1.0,0.9999520166904261,1.0,2.22420133841525
raw_W250,1973,1.0,0.9999481603332532,1.0,2.214657233413074
raw_W250,1974,1.0,0.9999439529983598,1.0,2.2055670708319615
raw_W250,1975,1.0,0.9999425724330493,1.0,2.1973426894705907
raw_W250,1976,1.0,0.9999382377444131,1.0,2.1877368024176262
raw_W250,1977,1.0,0.9999318200776031,1.0,2.177294969855904
raw_W250,1978,1.0,0.9999269140631242,1.0,2.1657061032654443
raw_W250,1979,1.0,0.9999226866144195,1.0,2.151266422528659
raw_W250,1980,1.0,0.9999141854310639,1.0,2.1440924989636465
raw_W250,1981,1.0,0.9999077608066141,1.0,2.1311533415199517
raw_W250,1982,1.0,0.9999017361989562,1.0,2.116769162741489
raw_W250,1983,1.0,0.9998891897407977,1.0,2.101854581310375
raw_W250,1984,1.0,0.9998757970112377,1.0,2.0885078507878077
raw_W250,1985,1.0,0.999854259929274,1.0,2.0763394283599452
raw_W250,1986,1.0,0.9998481930438055,1.0,2.067529193717276
raw_W250,1987,1.0,0.9998319642364225,0.995,2.051090689467533
raw_W250,1988,1.0,0.9998200512915113,1.0,2.0415734663135447
raw_W250,1989,1.0,0.9997899148344619,1.0,2.023973562304418
raw_W250,1990,1.0,0.9997723468632114,0.995,2.01205806034438
raw_W250,1991,1.0,0.9997358549279202,1.0,1.9962307329576856
raw_W250,1992,1.0,0.9997045881678978,1.0,1.9858544846715573
raw_W250,1993,1.0,0.9996917830604959,1.0,1.9777115430382057
raw_W250,1994,1.0,0.999649097006139,0.995,1.957325369726956
raw_W250,1995,1.0,0.9996128203088801,1.0,1.9426797711766204
raw_W250,1996,1.0,0.9995411274447235,1.0,1.9203710785419628
raw_W250,1997,1.0,0.9994775150029056,1.0,1.9026984255316817
raw_W250,1998,1.0,0.9994113769809388,1.0,1.8850963689320122
raw_W250,1999,1.0,0.9993309586008509,1.0,1.8674897610816021
raw_W250,2000,1.0,0.9992474988261096,1.0,1.847507213577428
raw_W250,2001,1.0,0.9991402475563699,1.0,1.8297159281186035
raw_W250,2002,1.0,0.9990468080403093,1.0,1.810364286821371
raw_W250,2003,1.0,0.9988899286135937,1.0,1.7866685018781288
raw_W250,2004,1.0,0.9987789931280056,1.0,1.7660183357034607
raw_W250,2005,1.0,0.9986825091532638,1.0,1.7542169768687343
raw_W250,2006,1.0,0.9985619639609266,1.0,1.7424232042984875
raw_W250,2007,1.0,0.9984196103641998,0.995,1.7260402408981221
raw_W250,2008,1.0,0.9982209456734692,0.995,1.70767479627478
raw_W250,2009,1.0,0.9981032669670113,1.0,1.6958558940828359
raw_W250,2010,1.0,0.9979148931999937,1.0,1.6778870432395365
raw_W250,2011,1.0,0.9977565031810676,0.995,1.663476432726468
raw_W250,2012,1.0,0.9976106801726438,1.0,1.6474011505503046
raw_W250,2013,1.0,0.9973931706381003,1.0,1.63011771851123
raw_W250,2014,1.0,0.9969545867274708,0.995,1.6034708018397463
raw_W250,2015,1.0,0.9965964423446256,1.0,1.58023969605321
raw_W250,2016,1.0,0.996162124323107,0.985,1.5598718840620933
raw_W250,2017,1.0,0.9957287827235303,0.995,1.5414487510258739
raw_W250,2018,1.0,0.9951968470304586,0.995,1.5136400909551455
raw_W250,2019,1.0,0.9946475615623647,0.995,1.4920564988981944
raw_W250,2020,1.0,0.9940558033294054,0.985,1.4726801172583448
raw_W250,2021,1.0,0.9933406092947323,1.0,1.4502116923891992
raw_W250,2022,1.0,0.9924303423412232,0.995,1.4255141196417163
raw_W250,2023,1.0,0.9916331314733313,0.995,1.403501359602563
raw_W250,2024,1.0,0.9907681728737233,1.0,1.3815961091017794
raw_W250,2025,1.0,0.9898962648832428,1.0,1.3592677604270864
raw_W250,2026,1.0,0.9887967614959061,0.98,1.338140252911474
raw_W250,2027,1.0,0.9879289653251527,0.99,1.3223319426797757
raw_W250,2028,1.0,0.9870215183201765,1.0,1.3057059397848811
raw_W250,2029,1.0,0.9856668356910058,0.98,1.2823489879873875
raw_W250,2030,1.0,0.9845025754125603,0.96,1.263982894482131
raw_W250,2031,1.0,0.9832708993815732,0.985,1.2477746594330863
raw_W250,2032,1.0,0.9822551735819965,0.995,1.236272174002929
raw_W250,2033,1.0,0.9808928387905346,0.99,1.2180699495820222
raw_W250,2034,1.0,0.9795399791909892,0.98,1.2047193685129003
raw_W250,2035,1.0,0.9780230125236952,0.975,1.187557877519831
raw_W250,2036,1.0,0.9765761028814345,1.0,1.1744338423115812
raw_W250,2037,1.0,0.9749235963803549,0.97,1.1595541369301012
raw_W250,2038,1.0,0.9732059777055457,0.97,1.1462093710994727
raw_W250,2039,1.0,0.971773657313586,0.98,1.1354812756296158
raw_W250,2040,1.0,0.9700819864607644,0.975,1.1226374937291008
raw_W250,2041,1.0,0.9684621335425799,0.96,1.1112905625430494
raw_W250,2042,1.0,0.9667495104617282,0.965,1.099155355365541
raw_W250,2043,1.0,0.9649696312066951,0.96,1.0882338731159005
raw_W250,2044,1.0,0.9629485887884512,0.965,1.0764926272732576
raw_W250,2045,1.0,0.9607216099535905,0.965,1.0627180693056422
raw_W250,2046,1.0,0.9589665346425511,0.97,1.0525037479973596
raw_W250,2047,1.0,0.9572191573866159,0.985,1.0429627475039471
raw_W250,2048,1.0,0.9554511614425352,0.95,1.0336498761682484
raw_W250,2049,1.0,0.9533448470908507,0.97,1.0232166122838864
raw_W250,2050,1.0,0.9515194144731098,0.96,1.0143291938429764
raw_W250,2051,1.0,0.951448632639553,0.94,1.0140224421650383
raw_W250,2052,1.0,0.9515014982427519,0.955,1.0140592523685417
raw_W250,2053,1.0,0.9515106778192357,0.99,1.013997142419901
raw_W250,2054,1.0,0.951222995562458,0.965,1.0127941049961526
raw_W250,2055,1.0,0.9511102803724009,0.945,1.0122254090884937
raw_W250,2056,1.0,0.9512912607548616,0.955,1.0130371336807382
raw_W250,2057,1.0,0.9510937366001554,0.955,1.0122722000388429
raw_W250,2058,1.0,0.9512719666882883,0.95,1.0128830309522217
raw_W250,2059,1.0,0.9511444967095113,0.975,1.0122891943584906
raw_W250,2060,1.0,0.9510090341272469,0.93,1.0115624869227975
raw_W250,2061,1.0,0.9512562728114368,0.965,1.012708216702598
raw_W250,2062,1.0,0.9513580190189468,0.93,1.0132855491049897
raw_W250,2063,1.0,0.9515368820249117,0.955,1.0140834274500283
raw_W250,2064,1.0,0.9513484183655563,0.955,1.0131965465151498
raw_W250,2065,1.0,0.9513289223231396,0.955,1.0130130173317073
raw_W250,2066,1.0,0.9513003410655158,0.965,1.0128850063881671
raw_W250,2067,1.0,0.9512142518401564,0.965,1.0123679454901342
raw_W250,2068,1.0,0.9512751309329858,0.96,1.0127657273885406
raw_W250,2069,1.0,0.9511773273779606,0.95,1.0121550918852589
raw_W250,2070,1.0,0.9510384900395866,0.93,1.0116785361846332
raw_W250,2071,1.0,0.9512944555800683,0.95,1.0129628481929738
raw_W250,2072,1.0,0.9513241030943986,0.955,1.0131028895942478
raw_W250,2073,1.0,0.9512740688664472,0.975,1.0129932697976265
raw_W250,2074,1.0,0.9513282501744379,0.95,1.0131524974111987
raw_W250,2075,1.0,0.9512977837766949,0.955,1.0130873378403722
raw_W250,2076,1.0,0.9513705252908895,0.965,1.0133686667583193
raw_W250,2077,1.0,0.9514481898988153,0.975,1.0137443884070325
raw_W250,2078,1.0,0.951266267771616,0.965,1.0129349542049737
raw_W250,2079,1.0,0.9512068430825892,0.96,1.0127343188394133
raw_W250,2080,1.0,0.9510637645755387,0.97,1.012042856798579
raw_W250,2081,1.0,0.9508518741216727,0.97,1.0109486061340285
raw_W250,2082,1.0,0.9509211036281596,0.98,1.011033678350129
raw_W250,2083,1.0,0.9508859789713264,0.93,1.0109209502307102
raw_W250,2084,1.0,0.9509544648039207,0.965,1.0113667881555544
raw_W250,2085,1.0,0.9509277834083677,0.96,1.0111174736879993
raw_W250,2086,1.0,0.9507239569077374,0.98,1.0101166043771521
raw_W250,2087,1.0,0.9506129723203923,0.955,1.0098129891581167
raw_W250,2088,1.0,0.950674681590763,0.91,1.0099433169295475
raw_W250,2089,1.0,0.9508126669298521,0.93,1.0108638659063964
raw_W250,2090,1.0,0.9510134397834527,0.955,1.0117302474868528
raw_W250,2091,1.0,0.9511556146341235,0.975,1.0120897593619793
raw_W250,2092,1.0,0.9508280156104348,0.945,1.010689679841632
raw_W250,2093,1.0,0.9509037968548703,0.975,1.0110241528368642
raw_W250,2094,1.0,0.9507384467054253,0.945,1.0102562205563388
raw_W250,2095,1.0,0.950914245051905,0.945,1.0112282642946957
raw_W250,2096,1.0,0.9508442709242072,0.935,1.0107880742445081
raw_W250,2097,1.0,0.9509292902421896,0.93,1.0112837218212123
raw_W250,2098,1.0,0.9510925370693023,0.945,1.0119785523193028
raw_W250,2099,1.0,0.951032692741413,0.965,1.0116581027342983
raw_W250,2100,1.0,0.9508868358968262,0.935,1.0108760131039174
raw_W250,2101,1.0,0.9511036050984052,0.94,1.011808370122305
raw_W250,2102,1.0,0.9509917569967365,0.955,1.0109997980433472
raw_W250,2103,1.0,0.9510237411730676,0.93,1.011189191834589
raw_W250,2104,1.0,0.9509182574370315,0.96,1.0105886097917007
raw_W250,2105,1.0,0.95094580181464,0.97,1.010843842328719
raw_W250,2106,1.0,0.9510374807965926,0.94,1.0112498917051982
raw_W250,2107,1.0,0.9510319432703068,0.955,1.0114394247111311
raw_W250,2108,1.0,0.9508359540545592,0.935,1.010670806948054
raw_W250,2109,1.0,0.9509107121180327,0.99,1.011029980388489
raw_W250,2110,1.0,0.9507982035389492,0.96,1.0105758156211366
raw_W250,2111,1.0,0.9507144512058681,0.96,1.0102306167957775
raw_W250,2112,1.0,0.9508116694006523,0.965,1.0106116974573713
raw_W250,2113,1.0,0.9507759369777099,0.945,1.0105404012000767
raw_W250,2114,1.0,0.9509613642474816,0.95,1.0112684448927007
raw_W250,2115,1.0,0.9509634233119827,0.96,1.0112068391945979
raw_W250,2116,1.0,0.9511128599009302,0.955,1.011899754367812
raw_W250,2117,1.0,0.9510120749559681,0.925,1.0114933294515254
raw_W250,2118,1.0,0.9509119866879459,0.945,1.0112913650072353
raw_W250,2119,1.0,0.9508702481229413,0.95,1.0110239714363796
raw_W250,2120,1.0,0.9508659552318173,0.92,1.010962568373548
raw_W250,2121,1.0,0.9510002381395566,0.945,1.0115889415400723
raw_W250,2122,1.0,0.9510148928107095,0.975,1.0117576305438416
raw_W250,2123,1.0,0.9509353075717993,0.96,1.011374565437112
raw_W250,2124,1.0,0.9507774257760789,0.935,1.0104557494017143
raw_W250,2125,1.0,0.950905557483689,0.94,1.0110391317609149
raw_W250,2126,1.0,0.9507676715146941,0.975,1.0103623096638437
raw_W250,2127,1.0,0.9507060975111759,0.955,1.0101524830691306
raw_W250,2128,1.0,0.9505055359438646,0.955,1.0092963800133272
raw_W250,2129,1.0,0.9504840784205993,0.94,1.0093714673873502
raw_W250,2130,1.0,0.9504411674812558,0.95,1.0091394276360828
raw_W250,2131,1.0,0.9505525831066651,0.965,1.0095953647582223
raw_W250,2132,1.0,0.9503918037628338,0.945,1.0088556385190846
raw_W250,2133,1.0,0.9505430994994123,0.94,1.0095973155703881
raw_W250,2134,1.0,0.950489701396081,0.97,1.009307068087934
raw_W250,2135,1.0,0.9505371405915638,0.965,1.0095852048123928
raw_W250,2136,1.0,0.9504224393625071,0.965,1.009069340928237
raw_W250,2137,1.0,0.9502893994991513,0.945,1.0084706969000863
raw_W250,2138,1.0,0.9504287644393137,0.96,1.0091532444878915
raw_W250,2139,1.0,0.9503000885485445,0.96,1.0087473970467995
raw_W250,2140,1.0,0.9503164051576508,0.96,1.008811977877521
raw_W250,2141,1.0,0.9502984336960466,0.955,1.008703604500031
raw_W250,2142,1.0,0.9503074565216783,0.95,1.008702070669849
raw_W250,2143,1.0,0.9503558870741777,0.94,1.00893266301508
raw_W250,2144,1.0,0.9506501468045822,0.95,1.0102756254369796
raw_W250,2145,1.0,0.9506690222792371,0.985,1.0104684700635616
raw_W250,2146,1.0,0.9505078137319927,0.945,1.009552604395046
raw_W250,2147,1.0,0.9505265670609058,0.94,1.0097224928328554
raw_W250,2148,1.0,0.9505765283803578,0.95,1.0099588288881711
raw_W250,2149,1.0,0.950712843058731,0.95,1.0104995711309501
raw_W250,2150,1.0,0.9508203041144386,0.975,1.0111205913735501
raw_W250,2151,1.0,0.9507759584222568,0.945,1.0109510931371788
raw_W250,2152,1.0,0.9507086427393642,0.97,1.010587536168017
raw_W250,2153,1.0,0.9507447639032197,0.95,1.010746734505602
raw_W250,2154,1.0,0.9507913843570155,0.96,1.0109585339713476
raw_W250,2155,1.0,0.9507586858098724,0.96,1.0106825130496169
raw_W250,2156,1.0,0.9507474095441236,0.945,1.01059046309429
raw_W250,2157,1.0,0.9507293023369101,0.97,1.010496541648906
raw_W250,2158,1.0,0.9507711488551231,0.965,1.010681684188733
raw_W250,2159,1.0,0.9507535720631286,0.955,1.0107032894128907
raw_W250,2160,1.0,0.9506133344827379,0.975,1.0100052131570587
raw_W250,2161,1.0,0.9505099679463737,0.96,1.0095865450831196
raw_W250,2162,1.0,0.9504825140699426,0.945,1.0094460641100684
raw_W250,2163,1.0,0.9503641658556748,0.955,1.0090528418452678
raw_W250,2164,1.0,0.9502191977721057,0.94,1.008374539411021
raw_W250,2165,1.0,0.9502991438456192,0.945,1.0087283291213907
raw_W250,2166,1.0,0.9503021120511695,0.95,1.008726084091553
raw_W250,2167,1.0,0.9504547765462172,0.96,1.0093174570123538
raw_W250,2168,1.0,0.9504549180922485,0.955,1.0092304776223875
raw_W250,2169,1.0,0.950351970026054,0.955,1.0087383729323636
raw_W250,2170,1.0,0.9504812099307071,0.97,1.0092603501756827
raw_W250,2171,1.0,0.9504062783104211,0.95,1.0088023874253735
raw_W250,2172,1.0,0.9503546649313117,0.96,1.008699938375006
raw_W250,2173,1.0,0.9503324494221868,0.945,1.0086777459801357
raw_W250,2174,1.0,0.9503685326206534,0.97,1.008586488087269
raw_W250,2175,1.0,0.9501593162466833,0.96,1.0077595952059568
raw_W250,2176,1.0,0.9502552352183795,0.955,1.0081080252974077
raw_W250,2177,1.0,0.9500776678658248,0.93,1.0074838384921259
raw_W250,2178,1.0,0.950128303555503,0.945,1.0075777299191795
raw_W250,2179,1.0,0.9502898378555309,0.96,1.008117106184845
raw_W250,2180,1.0,0.9501702381897426,0.91,1.0076846045433232
raw_W250,2181,1.0,0.9503463991080551,0.94,1.0084716754360514
raw_W250,2182,1.0,0.9503695483661366,0.945,1.0086456390673633
raw_W250,2183,1.0,0.9503261857889512,0.93,1.0085673289970933
raw_W250,2184,1.0,0.9502189412257869,0.945,1.0081537748719591
raw_W250,2185,1.0,0.9503424052784771,0.94,1.008705138792912
raw_W250,2186,1.0,0.9504097313245594,0.97,1.0090724921024339
raw_W250,2187,1.0,0.9500543414422499,0.95,1.0072145620085247
raw_W250,2188,1.0,0.9502046239737075,0.97,1.0078626148719159
raw_W250,2189,1.0,0.9500816037764624,0.94,1.0074605938275254
raw_W250,2190,1.0,0.9500957147832199,0.955,1.0077427595286466
raw_W250,2191,1.0,0.9501425960663066,0.965,1.0079212882567754
raw_W250,2192,1.0,0.9499067676361043,0.98,1.0069325644359903
raw_W250,2193,1.0,0.9497095699879654,0.965,1.0059385443030169
raw_W250,2194,1.0,0.9495828448564672,0.96,1.0053000201246258
raw_W250,2195,1.0,0.9497087505666738,0.945,1.005614949250496
raw_W250,2196,1.0,0.9497470573983254,0.955,1.0058400091875106
raw_W250,2197,1.0,0.9497676683413288,0.96,1.0058914759366713
raw_W250,2198,1.0,0.9496069175432217,0.955,1.005264725075602
raw_W250,2199,1.0,0.9495182423132565,0.9,1.0050135797901247
raw_W250,2200,1.0,0.949674541070789,0.935,1.0058146202856286
raw_W250,2201,1.0,0.9497767153950147,0.96,1.0064026491812683
raw_W250,2202,1.0,0.9497786187606297,0.945,1.0062799219071494
raw_W250,2203,1.0,0.9498705878336864,0.95,1.0068518344401052
raw_W250,2204,1.0,0.9500644512433228,0.92,1.008008255634417
raw_W250,2205,1.0,0.9500472803032305,0.965,1.0078935641804543
raw_W250,2206,1.0,0.9499570307101317,0.93,1.0073834665022159
raw_W250,2207,1.0,0.9499815228591407,0.94,1.0076529279731217
raw_W250,2208,1.0,0.9500193341524914,0.96,1.007776358892813
raw_W250,2209,1.0,0.9499565947335092,0.945,1.00739346723715
raw_W250,2210,1.0,0.9496791588401915,0.935,1.0063553650079486
raw_W250,2211,1.0,0.9496488409745026,0.95,1.0061297244676857
raw_W250,2212,1.0,0.9496735923066595,0.965,1.006216218849793
raw_W250,2213,1.0,0.9496912719964848,0.94,1.0062822783740817
raw_W250,2214,1.0,0.9496875909927246,0.96,1.0062291235589047
raw_W250,2215,1.0,0.9496125960544789,0.95,1.0057909695146068
raw_W250,2216,1.0,0.9495847062639087,0.98,1.0056106615602844
raw_W250,2217,1.0,0.9493879325817867,0.97,1.004743339869608
raw_W250,2218,1.0,0.9492686426188618,0.97,1.0042976687511003
raw_W250,2219,1.0,0.9493189977413743,0.945,1.0044883614409306
raw_W250,2220,1.0,0.9494985983098582,0.935,1.0051503157466868
raw_W250,2221,1.0,0.9494703491464551,0.915,1.005022097355624
raw_W250,2222,1.0,0.9494806869778019,0.965,1.0050694345992535
raw_W250,2223,1.0,0.9495885341609571,0.945,1.0055358003518844
raw_W250,2224,1.0,0.949617880449093,0.96,1.005630035896486
raw_W250,2225,1.0,0.9495294402917839,0.955,1.0051969413306454
raw_W250,2226,1.0,0.9497152788551165,0.94,1.0058815647142036
raw_W250,2227,1.0,0.9497163760045276,0.965,1.0057342372997788
raw_W250,2228,1.0,0.9498278738419106,0.935,1.0060912529531487
raw_W250,2229,1.0,0.9499407435621223,0.935,1.006598675328827
raw_W250,2230,1.0,0.9500686997089436,0.94,1.0072587196243044
raw_W250,2231,1.0,0.9501135667373604,0.94,1.0073450267969746
raw_W250,2232,1.0,0.9502600006800112,0.93,1.00794466874988
raw_W250,2233,1.0,0.9503217832538283,0.915,1.0083358224340093
raw_W250,2234,1.0,0.9503541785676178,0.965,1.0084700823107566
raw_W250,2235,1.0,0.9502462009161511,0.97,1.0079968744472474
raw_W250,2236,1.0,0.950330917239672,0.935,1.0083060606658425
raw_W250,2237,1.0,0.9504312695490159,0.92,1.0087810991109705
raw_W250,2238,1.0,0.9503178584088278,0.955,1.0085542678310744
raw_W250,2239,1.0,0.9502140122807222,0.965,1.008050114690282
raw_W250,2240,1.0,0.9501982338481457,0.955,1.0079757917103138
raw_W250,2241,1.0,0.9501259687497856,0.965,1.0077422287506799
raw_W250,2242,1.0,0.9500892584733868,0.935,1.0074822328244084
raw_W250,2243,1.0,0.950174439002663,0.955,1.0078789602497211
raw_W250,2244,1.0,0.9503182796457524,0.94,1.0083885580655205
raw_W250,2245,1.0,0.9501235021768636,0.955,1.0074718979960933
raw_W250,2246,1.0,0.9502038443522878,0.96,1.0077425248943188
raw_W250,2247,1.0,0.9502211849843013,0.945,1.0077746338486437
raw_W250,2248,1.0,0.9503263780393477,0.955,1.0082739831600083
raw_W250,2249,1.0,0.9502108104984461,0.95,1.0077931548907748
raw_W250,2250,1.0,0.9504081595562218,0.955,1.0085106639736119
raw_W250,2251,1.0,0.9502842980002185,0.96,1.0079763718311296
raw_W250,2252,1.0,0.950260973138742,0.935,1.0078191301884276
raw_W250,2253,1.0,0.9504028346085766,0.95,1.0083970461029523
raw_W250,2254,1.0,0.9504586342714983,0.945,1.008338894597959
raw_W250,2255,1.0,0.9503903200925597,0.92,1.008105780665955
raw_W250,2256,1.0,0.950683102430005,0.935,1.0096046042911053
raw_W250,2257,1.0,0.9507116577184541,0.94,1.0096435793912328
raw_W250,2258,1.0,0.9507686270567451,0.96,1.009943796497757
raw_W250,2259,1.0,0.9508341692100802,0.975,1.0102882825629342
raw_W250,2260,1.0,0.9508519105994909,0.955,1.0103554641409207
raw_W250,2261,1.0,0.9509998895844939,0.945,1.0109672783954424
raw_W250,2262,1.0,0.9509927819206244,0.95,1.0111039702783693
raw_W250,2263,1.0,0.9508730989108585,0.96,1.0105115335687131
raw_W250,2264,1.0,0.9508482264812278,0.945,1.010418230496572
raw_W250,2265,1.0,0.9509682539816435,0.905,1.0108118400226138
raw_W250,2266,1.0,0.9511596439219676,0.97,1.0117082619180797
raw_W250,2267,1.0,0.9509487704867279,0.955,1.0108107454080681
raw_W250,2268,1.0,0.9509437507158286,0.955,1.0108099136354523
raw_W250,2269,1.0,0.9509570907963305,0.95,1.0109229272259734
raw_W250,2270,1.0,0.9508424111728832,0.935,1.0104991616690118
raw_W250,2271,1.0,0.9508008590504096,0.945,1.01065844917
raw_W250,2272,1.0,0.9507446211102252,0.965,1.010507352300526
raw_W250,2273,1.0,0.9507070100306052,0.93,1.0102462594692225
raw_W250,2274,1.0,0.9507820082485771,0.965,1.0106792878303617
raw_W250,2275,1.0,0.9506587013711305,0.935,1.0105938096253095
raw_W250,2276,1.0,0.9506602034093337,0.95,1.0106944967542157
raw_W250,2277,1.0,0.9506500719552509,0.965,1.0105592117143718
raw_W250,2278,1.0,0.9505457340380921,0.95,1.0102737878332313
raw_W250,2279,1.0,0.9505022930082879,0.975,1.0099108599447764
raw_W250,2280,1.0,0.9504089890132198,0.95,1.009434299411338
raw_W250,2281,1.0,0.9502919625370951,0.93,1.0087627760263014
raw_W250,2282,1.0,0.9505559273113786,0.95,1.0100923954024585
raw_W250,2283,1.0,0.9508158129096148,0.94,1.010961957679459
raw_W250,2284,1.0,0.950729874426569,0.945,1.0105102824341052
raw_W250,2285,1.0,0.950566248546699,0.96,1.0099939158131066
raw_W250,2286,1.0,0.9504822620995573,0.96,1.009749263200299
raw_W250,2287,1.0,0.9506132935266055,0.97,1.0103968010951012
raw_W250,2288,1.0,0.9504645765138409,0.965,1.0095461268204766
raw_W250,2289,1.0,0.9503718402745152,0.95,1.0090561743681206
raw_W250,2290,1.0,0.9504927158086026,0.97,1.0096516519614125
raw_W250,2291,1.0,0.9503374873572416,0.97,1.0089113934522507
raw_W250,2292,1.0,0.9501876542742491,0.935,1.008182668609223
raw_W250,2293,1.0,0.9503769454895786,0.955,1.0091400286602603
raw_W250,2294,1.0,0.9502369145991184,0.945,1.008321628886918
raw_W250,2295,1.0,0.9502274230122889,0.94,1.008300505406473
raw_W250,2296,1.0,0.950237625823699,0.925,1.0084486363438285
raw_W250,2297,1.0,0.9503779897874639,0.95,1.008982571920012
raw_W250,2298,1.0,0.9503819412399273,0.975,1.009208825307586
raw_W250,2299,1.0,0.9502901174064635,0.975,1.008681397754918
raw_W250,2300,1.0,0.950262757472712,0.925,1.0086358839103007
raw_W250,2301,1.0,0.9504540893240878,0.94,1.0095421248888796
raw_W250,2302,1.0,0.9506461750433172,0.96,1.0103392729645393
raw_W250,2303,1.0,0.9506393141099323,0.945,1.0102223742312881
raw_W250,2304,1.0,0.9508477605581348,0.945,1.011108090549778
raw_W250,2305,1.0,0.9507845213602729,0.96,1.0108526517653649
raw_W250,2306,1.0,0.9508742793350268,0.945,1.011354281762564
raw_W250,2307,1.0,0.9510447232468761,0.93,1.0120193370888997
raw_W250,2308,1.0,0.9511907237467043,0.95,1.0125987717065497
raw_W250,2309,1.0,0.9511897103849734,0.955,1.012579374692311
raw_W250,2310,1.0,0.9512671914465224,0.95,1.012883204605158
raw_W250,2311,1.0,0.9511769941134713,0.95,1.0123906390369644
raw_W250,2312,1.0,0.9512565053975268,0.98,1.012753333654874
raw_W250,2313,1.0,0.951018962317298,0.955,1.0116362282326505
raw_W250,2314,1.0,0.9510820672011155,0.975,1.011832011125127
raw_W250,2315,1.0,0.9510514452188698,0.945,1.011695940329375
raw_W250,2316,1.0,0.9510078640814963,0.98,1.0114529398179557
raw_W250,2317,1.0,0.9508831520505241,0.965,1.0108095900079825
raw_W250,2318,1.0,0.9509335920127332,0.95,1.011006593000556
raw_W250,2319,1.0,0.9509683125503509,0.96,1.011244054652308
raw_W250,2320,1.0,0.9508942921099276,0.935,1.0109827317752922
raw_W250,2321,1.0,0.9508849862588664,0.955,1.0112101224485894
raw_W250,2322,1.0,0.9509274328020119,0.92,1.0114901747270482
raw_W250,2323,1.0,0.9511624139587604,0.965,1.0122707217409426
raw_W250,2324,1.0,0.9511168564204335,0.905,1.0120930821817558
raw_W250,2325,1.0,0.9514400365645541,0.95,1.0133766239699622
raw_W250,2326,1.0,0.9515238778781421,0.935,1.0137463356557381
raw_W250,2327,1.0,0.9516229108600723,0.975,1.0140463300108378
raw_W250,2328,1.0,0.951415068648252,0.955,1.013261275846998
raw_W250,2329,1.0,0.9514139563125061,0.94,1.0131555074625562
raw_W250,2330,1.0,0.9516866080560394,0.965,1.0142870251902132
raw_W250,2331,1.0,0.9517254274841211,0.955,1.0143810208003996
raw_W250,2332,1.0,0.9518017182425936,0.97,1.0147083801293624
raw_W250,2333,1.0,0.9518135957020922,0.955,1.014865555447362
raw_W250,2334,1.0,0.9517313931445393,0.925,1.0145361166138116
raw_W250,2335,1.0,0.9520386227879899,0.975,1.0157999960192285
raw_W250,2336,1.0,0.9520384475717947,0.97,1.0158203831272652
raw_W250,2337,1.0,0.9520624670931332,0.95,1.015929154109136
raw_W250,2338,1.0,0.9521295089608689,0.955,1.0161431015993934
raw_W250,2339,1.0,0.952056057670151,0.955,1.0158280475456227
raw_W250,2340,1.0,0.9519545351281959,0.95,1.0154477028513498
raw_W250,2341,1.0,0.9519725292236163,0.94,1.0155143277638359
raw_W250,2342,1.0,0.9521283074146177,0.94,1.0163596736215974
raw_W250,2343,1.0,0.9521270602802627,0.975,1.016529734198145
raw_W250,2344,1.0,0.9521468285685628,0.95,1.0167678610760296
raw_W250,2345,1.0,0.9521907230905268,0.935,1.017012480512372
raw_W250,2346,1.0,0.9521615338214728,0.955,1.0167242788038655
raw_W250,2347,1.0,0.9520307400878696,0.955,1.0161288908155717
raw_W250,2348,1.0,0.9518959287292518,0.96,1.0154744154701447
raw_W250,2349,1.0,0.9520589439496603,0.94,1.0160339387228958
raw_W250,2350,1.0,0.9521095221082626,0.94,1.016274875254268
raw_W250,2351,1.0,0.9520799293882162,0.955,1.0160658811290368
raw_W250,2352,1.0,0.9518351672526484,0.93,1.0150123260872093
raw_W250,2353,1.0,0.9518779691309176,0.955,1.0153424794875507
raw_W250,2354,1.0,0.9519336697008726,0.93,1.0157776616472296
raw_W250,2355,1.0,0.9520520536794606,0.955,1.0161375385487326
raw_W250,2356,1.0,0.952130997264613,0.95,1.016489346017983
raw_W250,2357,1.0,0.952053607537861,0.95,1.0160441300998753
raw_W250,2358,1.0,0.9521176676857225,0.96,1.016266012430602
raw_W250,2359,1.0,0.9521351722955953,0.95,1.0163496367520957
raw_W250,2360,1.0,0.952130392094782,0.955,1.0165688088432132
raw_W250,2361,1.0,0.9520740924307396,0.975,1.0162170307210692
raw_W250,2362,1.0,0.9519154754278567,0.945,1.0157303325649785
raw_W250,2363,1.0,0.952089815260968,0.965,1.016627799190584
raw_W250,2364,1.0,0.9519909455258622,0.925,1.0162558814874914
raw_W250,2365,1.0,0.9520645756897924,0.975,1.0166705606591027
raw_W250,2366,1.0,0.951964082975953,0.955,1.0162904131351191
raw_W250,2367,1.0,0.9519742882592781,0.98,1.0163453513077128
raw_W250,2368,1.0,0.95172700008847,0.94,1.015281312091905
raw_W250,2369,1.0,0.9516842886885507,0.96,1.0153041521134714
raw_W250,2370,1.0,0.9515144084929636,0.945,1.0146356184930059
raw_W250,2371,1.0,0.9515821462505883,0.96,1.0148136003527877
raw_W250,2372,1.0,0.9515563813364218,0.955,1.0146267884278128
raw_W250,2373,1.0,0.9514216169325462,0.945,1.0142952836394161
raw_W250,2374,1.0,0.951442094633476,0.965,1.0144621047359712
raw_W250,2375,1.0,0.9512168209864449,0.94,1.0134260484825577
raw_W250,2376,1.0,0.9514432447628696,0.95,1.0141579333295707
raw_W250,2377,1.0,0.9515539010136593,0.965,1.0145941042317943
raw_W250,2378,1.0,0.9515233836318069,0.97,1.0142005116584647
raw_W250,2379,1.0,0.9514757247152835,0.97,1.0139845686261117
raw_W250,2380,1.0,0.9512572181372037,0.94,1.0129773809377212
raw_W250,2381,1.0,0.9512172098420367,0.935,1.012935015402544
raw_W250,2382,1.0,0.9514747353711374,0.955,1.0140175535401068
raw_W250,2383,1.0,0.9515312674194607,0.96,1.0143230892788586
raw_W250,2384,1.0,0.951566566392734,0.935,1.0142749961006239
raw_W250,2385,1.0,0.9517529856918397,0.925,1.0151273944062127
raw_W250,2386,1.0,0.9519906525098741,0.92,1.016175356362932
raw_W250,2387,1.0,0.9521588439704645,0.96,1.0169373012123166
raw_W250,2388,1.0,0.9520162393954152,0.99,1.0163516179267946
raw_W250,2389,1.0,0.9518883654960055,0.94,1.0157791535925675
raw_W250,2390,1.0,0.9519537036243694,0.945,1.0160597612039328
raw_W250,2391,1.0,0.9520294724047551,0.97,1.0163505391256997
raw_W250,2392,1.0,0.9520864624125429,0.955,1.0166174888670199
raw_W250,2393,1.0,0.9520300746898733,0.925,1.016335565958531
raw_W250,2394,1.0,0.9522989799237709,0.95,1.017544494152358
raw_W250,2395,1.0,0.9522302442590853,0.965,1.0172483170140907
raw_W250,2396,1.0,0.9523070735931608,0.96,1.0177070077085895
raw_W250,2397,1.0,0.9521737407123578,0.97,1.017057258638024
raw_W250,2398,1.0,0.9520120982727934,0.95,1.01623376006609
raw_W250,2399,1.0,0.9520876871619547,0.93,1.0165437473696413
raw_W250,2400,1.0,0.952253841309338,0.97,1.0172616147245623
raw_W250,2401,1.0,0.9523061764011561,0.955,1.0175424136001114
raw_W250,2402,1.0,0.952289340573129,0.955,1.0174899838179956
raw_W250,2403,1.0,0.95230895837132,0.945,1.0175950552821662
raw_W250,2404,1.0,0.9522888880109655,0.945,1.017628436176697
raw_W250,2405,1.0,0.9524130257478249,0.955,1.0181652565986343
raw_W250,2406,1.0,0.9524753488683604,0.99,1.0185063717169434
raw_W250,2407,1.0,0.9522724028656248,0.945,1.0177427610260532
raw_W250,2408,1.0,0.9523773562530391,0.925,1.0179861749356147
raw_W250,2409,1.0,0.9524367033648189,0.955,1.0182012801261537
raw_W250,2410,1.0,0.9524147735056048,0.965,1.0181258188527014
raw_W250,2411,1.0,0.9524530808640351,0.94,1.0184010002493593
raw_W250,2412,1.0,0.9523735771049446,0.94,1.0181652185395018
raw_W250,2413,1.0,0.9524746454339836,0.96,1.0185301357933088
raw_W250,2414,1.0,0.9524964335423004,0.93,1.0187056145327364
raw_W250,2415,1.0,0.9524934802457811,0.945,1.018739477026558
raw_W250,2416,1.0,0.9525053986433071,0.915,1.0188934426892269
raw_W250,2417,1.0,0.952943557789886,0.96,1.0207111737528525
raw_W250,2418,1.0,0.9529192009256959,0.96,1.020612124487835
raw_W250,2419,1.0,0.9529247506289326,0.93,1.0207496424294684
raw_W250,2420,1.0,0.9530016891043397,0.955,1.0209275519185474
raw_W250,2421,1.0,0.9530402285536141,0.94,1.0210332131593545
raw_W250,2422,1.0,0.9531188829114632,0.94,1.0213771776940683
raw_W250,2423,1.0,0.9530478049518136,0.975,1.0210738767599665
raw_W250,2424,1.0,0.9530016242330697,0.95,1.0209329488768841
raw_W250,2425,1.0,0.9531019017008971,0.97,1.0214006584426856
raw_W250,2426,1.0,0.9532135116606395,0.97,1.0218296772774773
raw_W250,2427,1.0,0.953219688815322,0.945,1.021864021549025
raw_W250,2428,1.0,0.9531643074612199,0.945,1.0219154839863358
raw_W250,2429,1.0,0.9530566928073128,0.95,1.0215432588684354
raw_W250,2430,1.0,0.9530609777229877,0.955,1.0215609320145513
raw_W250,2431,1.0,0.9529292242949472,0.94,1.0209685025632327
raw_W250,2432,1.0,0.9529716702629765,0.945,1.0212141325551685
raw_W250,2433,1.0,0.9529256085095057,0.95,1.0209097132631406
raw_W250,2434,1.0,0.952866286778901,0.94,1.020568096833674
raw_W250,2435,1.0,0.9529006785730902,0.965,1.020848247531916
raw_W250,2436,1.0,0.952866086671989,0.965,1.0205691566220114
raw_W250,2437,1.0,0.9529762648551867,0.935,1.021191028735118
raw_W250,2438,1.0,0.9531379345956141,0.94,1.0219176067153382
raw_W250,2439,1.0,0.9532589077014678,0.96,1.0224369300939515
raw_W250,2440,1.0,0.9531776892648608,0.95,1.0220244181046259
raw_W250,2441,1.0,0.9532512413485797,0.965,1.022472058101495
raw_W250,2442,1.0,0.9533083720123892,0.97,1.0227447443557307
raw_W250,2443,1.0,0.9534321783759424,0.94,1.0232986973247318
raw_W250,2444,1.0,0.953477616168857,0.945,1.0235103612174743
raw_W250,2445,1.0,0.953543352497091,0.945,1.0236722034873367
raw_W250,2446,1.0,0.9534389910524902,0.955,1.0231746242594462
raw_W250,2447,1.0,0.9533871402152039,0.96,1.022837256755767
raw_W250,2448,1.0,0.9534557489461389,0.96,1.022958315665727
raw_W250,2449,1.0,0.953242678152054,0.955,1.0218660034064044
raw_W250,2450,1.0,0.9528928155174708,0.975,1.0202037254274539
raw_W250,2451,1.0,0.9528147298729803,0.96,1.019801806984747
raw_W250,2452,1.0,0.9526781401107872,0.945,1.0193545504170485
raw_W250,2453,1.0,0.952667967834765,0.955,1.0194422397044838
raw_W250,2454,1.0,0.9526361284741058,0.955,1.0191688580577336
raw_W250,2455,1.0,0.9526039059958457,0.945,1.0190185692035316
raw_W250,2456,1.0,0.9527515146683805,0.96,1.0195308150689921
raw_W250,2457,1.0,0.9527330497236105,0.96,1.0197371531785109
raw_W250,2458,1.0,0.9526121427746503,0.94,1.0193085827399553
raw_W250,2459,1.0,0.9527484333506794,0.965,1.0199439907328702
raw_W250,2460,1.0,0.9526611143235009,0.97,1.0196030544426478
raw_W250,2461,1.0,0.9524169691275952,0.95,1.0183843297052473
raw_W250,2462,1.0,0.9524439969329788,0.975,1.0185645867264972
raw_W250,2463,1.0,0.9524617982825105,0.975,1.0186038323728075
raw_W250,2464,1.0,0.9524762823514863,0.965,1.0186349537167874
raw_W250,2465,1.0,0.9525065874463716,0.965,1.0189761931229109
raw_W250,2466,1.0,0.9524664006153486,0.975,1.0185769282566237
raw_W250,2467,1.0,0.9524857310634647,0.945,1.018684691914098
raw_W250,2468,1.0,0.9523536771018378,0.94,1.0182835403519146
raw_W250,2469,1.0,0.9524630743149565,0.945,1.018760770893886
raw_W250,2470,1.0,0.9525405038340372,0.93,1.0189803818911523
raw_W250,2471,1.0,0.95270289136663,0.945,1.0196217306580686
raw_W250,2472,1.0,0.952691944453353,0.925,1.019607751216509
raw_W250,2473,1.0,0.9528270061520377,0.94,1.0202222036599216
raw_W250,2474,1.0,0.9528478257672246,0.94,1.0203206050413849
raw_W250,2475,1.0,0.9530285908080022,0.965,1.0210803952637386
raw_W250,2476,1.0,0.9529945247053964,0.975,1.0207898107086735
raw_W250,2477,1.0,0.9529708054199468,0.945,1.0207920869162321
raw_W250,2478,1.0,0.953014213077711,0.97,1.020911449272999
raw_W250,2479,1.0,0.9529045700166495,0.935,1.0204673290158592
raw_W250,2480,1.0,0.9527890772318786,0.97,1.0199967740313434
raw_W250,2481,1.0,0.9528063379503661,0.965,1.0200362952868538
raw_W250,2482,1.0,0.9528128192267693,0.965,1.0197639916550905
raw_W250,2483,1.0,0.9526327352081697,0.93,1.0190039682520047
raw_W250,2484,1.0,0.9526611301881832,0.945,1.019251330983122
raw_W250,2485,1.0,0.9525476492307581,0.945,1.0186160014785297
raw_W250,2486,1.0,0.9526749063870602,0.965,1.0190665237383598
raw_W250,2487,1.0,0.9526892252335657,0.945,1.019154757580969
raw_W250,2488,1.0,0.9523796755934936,0.945,1.017663536414502
raw_W250,2489,1.0,0.9524092611752506,0.975,1.0179466070661698
raw_W250,2490,1.0,0.9523056894608527,0.935,1.0173889781158492
raw_W250,2491,1.0,0.9524397593404055,0.935,1.018118305501843
raw_W250,2492,1.0,0.9523836242134505,0.94,1.0179212824561785
raw_W250,2493,1.0,0.9524233807808454,0.96,1.0179868172943762
raw_W250,2494,1.0,0.952337143212477,0.955,1.017441341694856
raw_W250,2495,1.0,0.9522074814412421,0.95,1.0168535686671318
raw_W250,2496,1.0,0.9524335161239992,0.97,1.0177582677076327
raw_W250,2497,1.0,0.9524264197165269,0.975,1.0176088627654192
raw_W250,2498,1.0,0.9524134507859572,0.955,1.0174476686106593
raw_W250,2499,1.0,0.9524804844731452,0.985,1.0177919032617535
raw_W250,2500,1.0,0.9523935081817609,0.98,1.017399705896605
raw_W250,2501,1.0,0.9523152342953298,0.945,1.0170475393495888
raw_W250,2502,1.0,0.9522429751251505,0.935,1.016687395414533
raw_W250,2503,1.0,0.9523923296522,0.925,1.0173136124698194
raw_W250,2504,1.0,0.9524293172008389,0.945,1.017577800048776
raw_W250,2505,1.0,0.9523195745230538,0.95,1.0173882150801246
raw_W250,2506,1.0,0.9522022876422314,0.95,1.0169727952368148
raw_W250,2507,1.0,0.9521328325765092,0.965,1.0168053162653157
raw_W250,2508,1.0,0.9520913683516585,0.94,1.0165792392864779
raw_W250,2509,1.0,0.9523284531043071,0.985,1.0175685916461208
raw_W250,2510,1.0,0.9522798481768965,0.95,1.0173088610027898
raw_W250,2511,1.0,0.9522506206742192,0.98,1.0171778614831604
raw_W250,2512,1.0,0.9520056824250845,0.945,1.0161923308114513
raw_W250,2513,1.0,0.9518585406164864,0.93,1.0153934457479366
raw_W250,2514,1.0,0.9518750215911337,0.945,1.0155471146925068
raw_W250,2515,1.0,0.9519203964006657,0.95,1.0154532319418197
raw_W250,2516,1.0,0.9517428587141902,0.91,1.014646741939462
raw_W250,2517,1.0,0.9518829120115554,0.975,1.015620090778529
raw_W250,2518,1.0,0.9518256992013221,0.9,1.0152684472099422
raw_W250,2519,1.0,0.9519705456134838,0.95,1.016086417204751
raw_W250,2520,1.0,0.9521036185372941,0.95,1.0167008291105326
raw_W250,2521,1.0,0.9518680873165042,0.965,1.015543266151233
raw_W250,2522,1.0,0.9517289493196425,0.935,1.0148661309227318
raw_W250,2523,1.0,0.951888016409539,0.965,1.0153489835021785
raw_W250,2524,1.0,0.951786894668287,0.945,1.014924100560333
raw_W250,2525,1.0,0.9517968558068384,0.97,1.0148788328458758
raw_W250,2526,1.0,0.951874623250406,0.96,1.0152537090214662
raw_W250,2527,1.0,0.9519233265820871,0.94,1.0154019308404687
raw_W250,2528,1.0,0.9520873055780683,0.935,1.0160471404040559
raw_W250,2529,1.0,0.9519083858388114,0.945,1.0152896046216109
raw_W250,2530,1.0,0.9520178392767963,0.96,1.015662530771638
raw_W250,2531,1.0,0.9519529352671166,0.975,1.0153951014323597
raw_W250,2532,1.0,0.9516780681746038,0.955,1.01435733799717
raw_W250,2533,1.0,0.9516315245670174,0.96,1.0142984728229523
raw_W250,2534,1.0,0.9516177770976313,0.94,1.0142544034632675
raw_W250,2535,1.0,0.9517177008949915,0.96,1.014728093928249
raw_W250,2536,1.0,0.9517855602409006,0.98,1.015000930461591
raw_W250,2537,1.0,0.9516357793921358,0.96,1.0144875294053606
raw_W250,2538,1.0,0.9517261804270436,0.94,1.0148421012419362
raw_W250,2539,1.0,0.9518080625467542,0.95,1.0152439995792448
raw_W250,2540,1.0,0.9516883564139866,0.95,1.014868650317558
raw_W250,2541,1.0,0.9516461515439135,0.94,1.0145932847259784
raw_W250,2542,1.0,0.9517376104652739,0.95,1.0150483445247827
raw_W250,2543,1.0,0.951754387495042,0.95,1.014890775009967
raw_W250,2544,1.0,0.9518026856920829,0.96,1.0152103450168601
raw_W250,2545,1.0,0.9517701098498621,0.96,1.0149711020649772
raw_W250,2546,1.0,0.951781448936586,0.95,1.0149991927605584
raw_W250,2547,1.0,0.951624749889503,0.96,1.01432344462346
raw_W250,2548,1.0,0.9514884599515667,0.96,1.0139165639814531
raw_W250,2549,1.0,0.9515473560278673,0.985,1.0142158595307895
raw_W250,2550,1.0,0.951510624080982,0.965,1.0140291268018167
raw_W250,2551,1.0,0.9513017761222514,0.93,1.0131832633672497
raw_W250,2552,1.0,0.9513874182072141,0.925,1.0134350878955922
raw_W250,2553,1.0,0.9513774149517914,0.96,1.013443596492494
raw_W250,2554,1.0,0.9514822085191881,0.945,1.0139448465205443
raw_W250,2555,1.0,0.9514685370149337,0.95,1.0139189399183974
raw_W250,2556,1.0,0.9514226978145486,0.97,1.0137113594533491
raw_W250,2557,1.0,0.951216636684577,0.96,1.0129501515321921
raw_W250,2558,1.0,0.9511931874452368,0.94,1.0128495076325321
raw_W250,2559,1.0,0.9513421134211834,0.965,1.0133916262876614
raw_W250,2560,1.0,0.9511378498388702,0.94,1.0126790874821876
raw_W250,2561,1.0,0.9511526046098981,0.94,1.012793012016774
raw_W250,2562,1.0,0.9511868420998288,0.955,1.0129828468386954
raw_W250,2563,1.0,0.9512628868339221,0.95,1.0133721209742603
raw_W250,2564,1.0,0.9513906447927684,0.93,1.0140597704584835
raw_W250,2565,1.0,0.951490287306716,0.945,1.0145756530706693
raw_W250,2566,1.0,0.9515954367318886,0.94,1.0150609013193317
raw_W250,2567,1.0,0.9516749538724656,0.95,1.015553145526091
raw_W250,2568,1.0,0.9517955443960133,0.965,1.0161327148296895
raw_W250,2569,1.0,0.9517771528826071,0.955,1.0160680743732746
raw_W250,2570,1.0,0.9517907276553228,0.95,1.0160347298728636
raw_W250,2571,1.0,0.9516894391516416,0.94,1.0155487734877566
raw_W250,2572,1.0,0.9516610278959766,0.96,1.0153739254425085
raw_W250,2573,1.0,0.9515149989616364,0.955,1.0146400519533207
raw_W250,2574,1.0,0.9513999043872708,0.955,1.0141828017653713
raw_W250,2575,1.0,0.9511049156945849,0.965,1.0129430393308665
raw_W250,2576,1.0,0.9510262911988656,0.945,1.012759889635606
raw_W250,2577,1.0,0.9509369116693724,0.95,1.0121996599473182
raw_W250,2578,1.0,0.9509513264264284,0.96,1.0125119638780335
raw_W250,2579,1.0,0.9511344216054032,0.95,1.0130480481435589
raw_W250,2580,1.0,0.9512311750940512,0.97,1.0134683845761088
raw_W250,2581,1.0,0.9512613155696604,0.96,1.0136676482065576
raw_W250,2582,1.0,0.9512415356770988,0.925,1.0134756921077726
raw_W250,2583,1.0,0.9514076046776762,0.935,1.013985632648984
raw_W250,2584,1.0,0.9515550182429101,0.95,1.014568668714364
raw_W250,2585,1.0,0.9514380649395696,0.91,1.0141161631958344
raw_W250,2586,1.0,0.9517899785868421,0.955,1.0154094130512161
raw_W250,2587,1.0,0.9519586751086514,0.965,1.0160519012369624
raw_W250,2588,1.0,0.9517923595221558,0.925,1.0154295549810062
raw_W250,2589,1.0,0.9518693721609588,0.94,1.0158342267091098
raw_W250,2590,1.0,0.951923722992517,0.95,1.0163114854703934
raw_W250,2591,1.0,0.9516654647709898,0.945,1.015415531643651
raw_W250,2592,1.0,0.951715872791331,0.94,1.0155044780362328
raw_W250,2593,1.0,0.9516178038020613,0.955,1.0152175811605317
raw_W250,2594,1.0,0.9516713302788214,0.95,1.0154597913755818
raw_W250,2595,1.0,0.951613129637245,0.965,1.0152974206488354
raw_W250,2596,1.0,0.951401243061043,0.94,1.0146652272413232
raw_W250,2597,1.0,0.951537171712501,0.96,1.0151645094188537
raw_W250,2598,1.0,0.9514104419931294,0.965,1.014437173544954
raw_W250,2599,1.0,0.9514204933662893,0.95,1.0144094924502012
raw_W50,1000,1.0,0.9584509476512758,0.95,1.077405657463043
raw_W50,1001,1.0,0.9580352377633797,0.93,1.0755493244203997
raw_W50,1002,1.0,0.9583313059903574,0.955,1.0755792469052445
raw_W50,1003,1.0,0.9587018647228279,0.975,1.0766574807997928
raw_W50,1004,1.0,0.9590148158114162,0.95,1.077307242256721
raw_W50,1005,1.0,0.9592934191805398,0.975,1.0795923960118916
raw_W50,1006,1.0,0.9585406374643987,0.98,1.0788462048920155
raw_W50,1007,1.0,0.9584177499375653,0.945,1.0783650380220673
raw_W50,1008,1.0,0.9585979698888697,0.94,1.0780574953967756
raw_W50,1009,1.0,0.9590740299861824,0.97,1.0826998276074853
raw_W50,1010,1.0,0.9588959454900151,0.97,1.0822870180903008
raw_W50,1011,1.0,0.9574995841702062,0.97,1.0743145443191529
raw_W50,1012,1.0,0.9571656709355384,0.945,1.0719167367249234
raw_W50,1013,1.0,0.957805627458182,0.98,1.0730393780617817
raw_W50,1014,1.0,0.9580000640388239,0.97,1.0753389332580394
raw_W50,1015,1.0,0.9580363150951657,0.97,1.0754249297964704
raw_W50,1016,1.0,0.9581832661817506,0.96,1.075368298222245
raw_W50,1017,1.0,0.9584047718619445,0.955,1.0771245784779684
raw_W50,1018,1.0,0.9589781280589982,0.965,1.0798624043870246
raw_W50,1019,1.0,0.9578683893669256,0.97,1.0738144350073058
raw_W50,1020,1.0,0.9578177920638915,0.94,1.0746921543952421
raw_W50,1021,1.0,0.9581857950630334,0.975,1.0779528101217375
raw_W50,1022,1.0,0.957580403369361,0.94,1.0735472516247078
raw_W50,1023,1.0,0.9583250407083875,0.97,1.0778558991945215
raw_W50,1024,1.0,0.9585989510130069,0.985,1.0788513891715283
raw_W50,1025,1.0,0.9579041770913156,0.955,1.0749106580224517
raw_W50,1026,1.0,0.9583970179174445,0.92,1.0782906897827897
raw_W50,1027,1.0,0.9593812213846908,0.985,1.083356302526669
raw_W50,1028,1.0,0.9586433718039089,0.935,1.0809574177339905
raw_W50,1029,1.0,0.9595487684368001,0.97,1.0841079153181739
raw_W50,1030,1.0,0.9595101595842337,0.965,1.0852838469215211
raw_W50,1031,1.0,0.9597226165449407,0.955,1.0860565297431248
raw_W50,1032,1.0,0.9604824586720773,0.94,1.088580830283737
raw_W50,1033,1.0,0.9614219777462748,0.95,1.0928008032517285
raw_W50,1034,1.0,0.961154798124038,0.95,1.0933817395643184
raw_W50,1035,1.0,0.9604521087589785,0.965,1.090771346378425
raw_W50,1036,1.0,0.96077752153859,0.96,1.0922725945738656
raw_W50,1037,1.0,0.9610173520220218,0.945,1.0937941401085671
raw_W50,1038,1.0,0.9612936133417225,0.965,1.0931369564930433
raw_W50,1039,1.0,0.9608592427349588,0.95,1.091039746187827
raw_W50,1040,1.0,0.9615921938388202,0.965,1.0948868178954558
raw_W50,1041,1.0,0.9618069818916984,0.97,1.0961860527918008
raw_W50,1042,1.0,0.9618149170576643,0.955,1.0973662756863163
raw_W50,1043,1.0,0.961096079551634,0.975,1.0956672389101143
raw_W50,1044,1.0,0.9608953593019219,0.96,1.0946310452168615
raw_W50,1045,1.0,0.9612429897704224,0.925,1.0946738613051612
raw_W50,1046,1.0,0.9622397449476778,0.965,1.1006462790658242
raw_W50,1047,1.0,0.9613169759402486,0.98,1.0942435085985176
raw_W50,1048,1.0,0.9605718109765795,0.955,1.093367652011695
raw_W50,1049,1.0,0.9610844064617831,0.95,1.096605389927301
raw_W50,1050,1.0,0.961714126369009,0.96,1.0994723804758846
raw_W50,1051,1.0,0.9615411817338184,0.96,1.0989334668407114
raw_W50,1052,1.0,0.9612673629888575,0.975,1.0988331940271867
raw_W50,1053,1.0,0.9610966062470558,0.965,1.0978191932210881
raw_W50,1054,1.0,0.9614236196126407,0.955,1.0989033549831964
raw_W50,1055,1.0,0.9614039746609407,0.96,1.1006641527431773
raw_W50,1056,1.0,0.9615467184373686,0.96,1.101563298666708
raw_W50,1057,1.0,0.9620694785538817,0.965,1.1042243668945628
raw_W50,1058,1.0,0.9622902597004148,0.975,1.106089292028459
raw_W50,1059,1.0,0.9606323453983714,0.97,1.0980074865490075
raw_W50,1060,1.0,0.9612721803954412,0.95,1.1006188346296122
raw_W50,1061,1.0,0.9614044554315103,0.945,1.1017944465852765
raw_W50,1062,1.0,0.9616932670977103,0.97,1.1048898673740575
raw_W50,1063,1.0,0.9612157899277275,0.955,1.1030711959730317
raw_W50,1064,1.0,0.9615613047305797,0.93,1.1029856597468635
raw_W50,1065,1.0,0.9618349193438501,0.985,1.1034894932139323
raw_W50,1066,1.0,0.961775165520248,0.99,1.1033233733324386
raw_W50,1067,1.0,0.9612536421224052,0.965,1.1008913943628844
raw_W50,1068,1.0,0.960676576792419,0.95,1.0972766053358403
raw_W50,1069,1.0,0.9606319182012837,0.965,1.0974196762625508
raw_W50,1070,1.0,0.961086965778237,0.965,1.0993564438226453
raw_W50,1071,1.0,0.9600734791205155,0.955,1.0954247908621
raw_W50,1072,1.0,0.9608484461008575,0.955,1.098245476297039
raw_W50,1073,1.0,0.9603658048800563,0.925,1.096512340204546
raw_W50,1074,1.0,0.9615751015756205,0.95,1.1052297819152173
raw_W50,1075,1.0,0.9619684375080372,0.965,1.1063545961248185
raw_W50,1076,1.0,0.9618310545391818,0.95,1.1056663134002247
raw_W50,1077,1.0,0.9610784438571173,0.955,1.1012399252320932
raw_W50,1078,1.0,0.9612423902524995,0.955,1.102156759365228
raw_W50,1079,1.0,0.961211356251201,0.975,1.1020354243521093
raw_W50,1080,1.0,0.9611610552554395,0.95,1.1006287649080706
raw_W50,1081,1.0,0.9616536585365855,0.975,1.1020461826237378
raw_W50,1082,1.0,0.9613566520375979,0.95,1.1005191618970587
raw_W50,1083,1.0,0.9610366441938671,0.98,1.100691280002399
raw_W50,1084,1.0,0.9602526974989689,0.975,1.097258031733087
raw_W50,1085,1.0,0.9600644655533168,0.945,1.096340387285824
raw_W50,1086,1.0,0.9610357755035897,0.965,1.0998266487544575
raw_W50,1087,1.0,0.961313097090582,0.95,1.1003193147358732
raw_W50,1088,1.0,0.9617720900782141,0.935,1.099635341042245
raw_W50,1089,1.0,0.961549004151085,0.95,1.098916024589619
raw_W50,1090,1.0,0.9620921298813946,0.955,1.1021823735479517
raw_W50,1091,1.0,0.9626848729649718,0.955,1.1057643623468871
raw_W50,1092,1.0,0.9624383032992097,0.965,1.1048255036014618
raw_W50,1093,1.0,0.9622813305943352,0.97,1.1028017034210682
raw_W50,1094,1.0,0.9617693660393928,0.935,1.101713688636172
raw_W50,1095,1.0,0.9634794388393805,0.985,1.1105170365337185
raw_W50,1096,1.0,0.9620706815168198,0.98,1.1052416222057204
raw_W50,1097,1.0,0.9621791665941408,0.955,1.1068807929717976
raw_W50,1098,1.0,0.9622857604039422,0.945,1.1068539757808775
raw_W50,1099,1.0,0.962242644476908,0.98,1.105487188983252
raw_W50,1100,1.0,0.9616513612610855,0.925,1.1030056972648352
raw_W50,1101,1.0,0.9620234352322765,0.96,1.105172341388497
raw_W50,1102,1.0,0.9620725349299994,0.97,1.1054290620910383
raw_W50,1103,1.0,0.9616757935401324,0.965,1.101869313299822
raw_W50,1104,1.0,0.9619939296521761,0.95,1.1036698787416839
raw_W50,1105,1.0,0.9612337703901109,0.955,1.1008057962503428
raw_W50,1106,1.0,0.9618712362274962,0.945,1.1057441345503036
raw_W50,1107,1.0,0.9624143733880716,0.96,1.1068393724213663
raw_W50,1108,1.0,0.9625171505193609,0.94,1.1074088215088704
raw_W50,1109,1.0,0.9625378910626778,0.96,1.1072286565881286
raw_W50,1110,1.0,0.9617786002113285,0.965,1.104188500005138
raw_W50,1111,1.0,0.9619912262488788,0.96,1.1068684646238327
raw_W50,1112,1.0,0.9621734945476337,0.99,1.1081129350534236
raw_W50,1113,1.0,0.9618002488582558,0.975,1.1066877642317423
raw_W50,1114,1.0,0.9618260607733863,0.935,1.1070018258107475
raw_W50,1115,1.0,0.9614123041920472,0.955,1.1033432177404154
raw_W50,1116,1.0,0.9620903142775226,0.94,1.1068053960713602
raw_W50,1117,1.0,0.9626739081125767,0.95,1.1092982520659396
raw_W50,1118,1.0,0.9637254864952883,0.955,1.1125683756898175
raw_W50,1119,1.0,0.9636655164503076,0.99,1.1125010472404717
raw_W50,1120,1.0,0.9631465569267038,0.97,1.108710691157649
raw_W50,1121,1.0,0.9633851818999412,0.955,1.1102760771694171
raw_W50,1122,1.0,0.9638079078880557,0.965,1.1131196078286825
raw_W50,1123,1.0,0.9638171829236188,0.98,1.111758395690183
raw_W50,1124,1.0,0.962114372120092,0.96,1.103551290492279
raw_W50,1125,1.0,0.961964544864525,0.965,1.1030961024845025
raw_W50,1126,1.0,0.9621793959338626,0.95,1.102879370118935
raw_W50,1127,1.0,0.9627588084121775,0.955,1.1056647267505506
raw_W50,1128,1.0,0.9625412501957429,0.975,1.1054206410970608
raw_W50,1129,1.0,0.9619733374412511,0.965,1.103402631335276
raw_W50,1130,1.0,0.9621898567504412,0.95,1.1050590642392655
raw_W50,1131,1.0,0.962130783847289,0.945,1.102281502513251
raw_W50,1132,1.0,0.9626044064152552,0.95,1.1053679855599645
raw_W50,1133,1.0,0.9627457471661794,0.97,1.1056291057535055
raw_W50,1134,1.0,0.9632458346201909,0.945,1.1091082672881194
raw_W50,1135,1.0,0.9629552711790627,0.945,1.109936808362608
raw_W50,1136,1.0,0.9636531984465799,0.945,1.1120546885573186
raw_W50,1137,1.0,0.9643253711150718,0.97,1.1170757521636168
raw_W50,1138,1.0,0.9637821378533776,0.97,1.1131964893789636
raw_W50,1139,1.0,0.9634610592943335,0.965,1.1113652999771728
raw_W50,1140,1.0,0.962178070914425,0.975,1.105725563066146
raw_W50,1141,1.0,0.9624074312644679,0.98,1.1064855546089365
raw_W50,1142,1.0,0.9616647473669644,0.945,1.101871989662433
raw_W50,1143,1.0,0.9615035731341501,0.96,1.1055261124656721
raw_W50,1144,1.0,0.9615577131401198,0.93,1.1073404493854186
raw_W50,1145,1.0,0.9611479854451147,0.945,1.1054627766941438
raw_W50,1146,1.0,0.9618771814996032,0.935,1.1079218859775493
raw_W50,1147,1.0,0.9624091064288982,0.965,1.1123773465141014
raw_W50,1148,1.0,0.9622349370930611,0.96,1.1112067925160733
raw_W50,1149,1.0,0.9627920878448858,0.945,1.1127097438703175
raw_W50,1150,1.0,0.9630771168076261,0.98,1.1134434072025685
raw_W50,1151,1.0,0.9628087014385561,0.965,1.1112746007070635
raw_W50,1152,1.0,0.9627880412005938,0.975,1.1112533518287888
raw_W50,1153,1.0,0.9622057618305832,0.95,1.109479686665169
raw_W50,1154,1.0,0.96280779045672,0.965,1.1150896382152973
raw_W50,1155,1.0,0.9628480441016991,0.96,1.1160653497572068
raw_W50,1156,1.0,0.9633631415470885,0.97,1.1141655359682263
raw_W50,1157,1.0,0.96393783515457,0.955,1.1183655124996876
raw_W50,1158,1.0,0.9643614973599124,0.955,1.1208907213529848
raw_W50,1159,1.0,0.9644595432301517,0.98,1.1230757156233722
raw_W50,1160,1.0,0.9637608737931026,0.945,1.1180707959113039
raw_W50,1161,1.0,0.9632276792017203,0.97,1.1144814574762918
raw_W50,1162,1.0,0.9630030052203793,0.96,1.1115299628502198
raw_W50,1163,1.0,0.9630172386118638,0.975,1.1109300582949733
raw_W50,1164,1.0,0.9633597147239671,0.97,1.1129860146913608
raw_W50,1165,1.0,0.9630661068234266,0.925,1.10855791876117
raw_W50,1166,1.0,0.9638444817016331,0.96,1.1144676298011902
raw_W50,1167,1.0,0.9642321862390294,0.975,1.1158986474283128
raw_W50,1168,1.0,0.9635449806852929,0.96,1.1112071124914995
raw_W50,1169,1.0,0.963864615976793,0.965,1.1112229095421875
raw_W50,1170,1.0,0.9640899349520987,0.94,1.113448774257283
raw_W50,1171,1.0,0.9641388929943595,0.955,1.1158305400686082
raw_W50,1172,1.0,0.9637649335320034,0.98,1.114602622497457
raw_W50,1173,1.0,0.964007153657061,0.95,1.1158665762206939
raw_W50,1174,1.0,0.9642705313444949,0.96,1.1174408140164116
raw_W50,1175,1.0,0.9644524710157577,0.955,1.11889355128615
raw_W50,1176,1.0,0.9644960250362823,0.97,1.1187559548068862
raw_W50,1177,1.0,0.9646117517009557,0.96,1.1187811784233972
raw_W50,1178,1.0,0.9648073905997637,0.94,1.1176565335211828
raw_W50,1179,1.0,0.9650563797109232,0.97,1.1195336328517826
raw_W50,1180,1.0,0.9653980282905621,0.955,1.1217459035039288
raw_W50,1181,1.0,0.9639242898530288,0.97,1.1169857710823572
raw_W50,1182,1.0,0.9641094840380694,0.965,1.1186714142797387
raw_W50,1183,1.0,0.9642545847711201,0.965,1.1178472768252745
raw_W50,1184,1.0,0.9635449614408137,0.95,1.1149224598693086
raw_W50,1185,1.0,0.963632882118934,0.965,1.1139378109307918
raw_W50,1186,1.0,0.9638925147793959,0.945,1.116808033347344
raw_W50,1187,1.0,0.9642763268302069,0.98,1.1185853523653773
raw_W50,1188,1.0,0.9638556449784315,0.945,1.1161311594686156
raw_W50,1189,1.0,0.9653351919897976,0.955,1.1211895666428449
raw_W50,1190,1.0,0.9660200907073226,0.955,1.1241405149467625
raw_W50,1191,1.0,0.9658126874734039,0.965,1.1239888031370568
raw_W50,1192,1.0,0.9658546666992117,0.97,1.1244922152632544
raw_W50,1193,1.0,0.9655161327211854,0.95,1.1249619906248614
raw_W50,1194,1.0,0.9654421771517359,0.975,1.124807207097106
raw_W50,1195,1.0,0.9655974452514681,0.975,1.1239823782127107
raw_W50,1196,1.0,0.9658281907736033,0.975,1.125146376349651
raw_W50,1197,1.0,0.9644163059869794,0.965,1.1157094580794515
raw_W50,1198,1.0,0.9644212697763465,0.965,1.1164092051938483
raw_W50,1199,1.0,0.9642874377231151,0.95,1.1155352319339709
raw_W50,1200,3.0,0.5318443558514384,0.485,0.3720323827869086
raw_W50,1201,3.0,0.5618730590691059,0.545,0.39841304374805736
raw_W50,1202,3.0,0.607391900174649,0.54,0.44862757351607085
raw_W50,1203,3.0,0.6553059065150945,0.67,0.4998187018019236
raw_W50,1204,3.0,0.68171792782197,0.695,0.5305556430332455
raw_W50,1205,3.0,0.7189892230631638,0.69,0.5766668744498251
raw_W50,1206,3.0,0.748440283868865,0.73,0.61989797072204
raw_W50,1207,3.0,0.7767159354035112,0.78,0.6602963438023337
raw_W50,1208,3.0,0.7969549686414985,0.79,0.6920448008793783
raw_W50,1209,3.0,0.8174828416958262,0.785,0.7198649574940849
raw_W50,1210,3.0,0.8354591428894845,0.79,0.7502380776947253
raw_W50,1211,3.0,0.8499204517353307,0.855,0.7790353839538509
raw_W50,1212,3.0,0.8586237187619804,0.805,0.7947063943633694
raw_W50,1213,3.0,0.873095010355143,0.875,0.8214178854517781
raw_W50,1214,3.0,0.8800617097257861,0.9,0.8360217982837195
raw_W50,1215,3.0,0.8845858009258504,0.89,0.8445113881218479
raw_W50,1216,3.0,0.8900290675890977,0.9,0.8568016662867411
raw_W50,1217,3.0,0.894032328761321,0.88,0.8662648060422208
raw_W50,1218,3.0,0.8991120609572459,0.905,0.8782777087281158
raw_W50,1219,3.0,0.9035381896788409,0.92,0.8912267261134724
raw_W50,1220,3.0,0.9073571422828656,0.915,0.9034851814341716
raw_W50,1221,3.0,0.9112161455330926,0.93,0.9159951495943989
raw_W50,1222,3.0,0.9128708038079486,0.9,0.9205326584285529
raw_W50,1223,3.0,0.9166542364806242,0.93,0.9291434870967179
raw_W50,1224,3.0,0.919788399964292,0.915,0.937763473290359
raw_W50,1225,3.0,0.9228317625995733,0.925,0.9477976191755865
raw_W50,1226,3.0,0.926676321245109,0.91,0.9595409758460599
raw_W50,1227,3.0,0.9289580391040427,0.88,0.9694440301497417
raw_W50,1228,3.0,0.9335123328300693,0.925,0.9834083791192134
raw_W50,1229,3.0,0.9352032481246217,0.93,0.989642281106623
raw_W50,1230,3.0,0.9368292830496824,0.95,0.9949118641174931
raw_W50,1231,3.0,0.9390670740659206,0.93,1.0011270445196316
raw_W50,1232,3.0,0.9409020442046898,0.95,1.0083661335753147
raw_W50,1233,3.0,0.9422368698266723,0.95,1.0128177031879941
raw_W50,1234,3.0,0.9442898891841044,0.94,1.0188435559993214
raw_W50,1235,3.0,0.9463541895091567,0.935,1.0289164471353474
raw_W50,1236,3.0,0.9486015178254736,0.95,1.0391494396504908
raw_W50,1237,3.0,0.9501151865666861,0.95,1.0459722231808026
raw_W50,1238,3.0,0.9518766191900775,0.97,1.054256997880925
raw_W50,1239,3.0,0.9523482819533439,0.95,1.0563120103294106
raw_W50,1240,3.0,0.9534982323925307,0.94,1.0607031473842685
raw_W50,1241,3.0,0.9544368401818659,0.94,1.0650541172911412
raw_W50,1242,3.0,0.955654004709989,0.955,1.0725692041799078
raw_W50,1243,3.0,0.9574721244398173,0.985,1.0807688932663424
raw_W50,1244,3.0,0.9577931686851301,0.97,1.0820929646501536
raw_W50,1245,3.0,0.9583913325620764,0.96,1.084084803177228
raw_W50,1246,3.0,0.9590216937482586,0.945,1.088405022900314
raw_W50,1247,3.0,0.9610723645541203,0.955,1.0964131282798675
raw_W50,1248,3.0,0.962466767999059,0.96,1.1031605195470386
raw_W50,1249,3.0,0.9633136118260078,0.935,1.107445612595004
raw_W50,1250,3.0,0.9644955137108682,0.97,1.1130703724269047
raw_W50,1251,3.0,0.9638058237337535,0.975,1.1097570547355065
raw_W50,1252,3.0,0.9632262281672428,0.98,1.1053814826553918
raw_W50,1253,3.0,0.9628179935291935,0.955,1.1034967301178458
raw_W50,1254,3.0,0.9628012960745189,0.94,1.1036499533972541
raw_W50,1255,3.0,0.9636104373595127,0.945,1.1080605894625237
raw_W50,1256,3.0,0.9635840720179939,0.95,1.1083274537361854
raw_W50,1257,3.0,0.9639301326582285,0.975,1.1116972157895557
raw_W50,1258,3.0,0.9633181080455546,0.975,1.108534532214865
raw_W50,1259,3.0,0.9612648050528398,0.965,1.0992216051467658
raw_W50,1260,3.0,0.9606437807396995,0.96,1.0952345102762593
raw_W50,1261,3.0,0.9612186261052014,0.955,1.0980969034893306
raw_W50,1262,3.0,0.962115254072055,0.98,1.1018876609805497
raw_W50,1263,3.0,0.9620743500992793,0.97,1.1002407435999524
raw_W50,1264,3.0,0.9615023354876766,0.98,1.0986650209371955
raw_W50,1265,3.0,0.9614147137530017,0.975,1.10032729827442
raw_W50,1266,3.0,0.9613275364538189,0.965,1.0998159680018085
raw_W50,1267,3.0,0.9620510626757732,0.955,1.1017746200503677
raw_W50,1268,3.0,0.9614785370369031,0.965,1.1010593531271429
raw_W50,1269,3.0,0.9613788942297714,0.95,1.1019229184535921
raw_W50,1270,3.0,0.9616822845475821,0.955,1.10251244118508
raw_W50,1271,3.0,0.9620529961550937,0.95,1.1036571198729717
raw_W50,1272,3.0,0.9623954385695888,0.955,1.1043933278351548
raw_W50,1273,3.0,0.9626913962062664,0.97,1.1068676476771457
raw_W50,1274,3.0,0.9626041053257367,0.94,1.1078566301119634
raw_W50,1275,3.0,0.9622450905363406,0.97,1.1060755339185058
raw_W50,1276,3.0,0.9619517918855585,0.965,1.1051927958015542
raw_W50,1277,3.0,0.9617147758813122,0.975,1.1034109493779032
raw_W50,1278,3.0,0.9613057359410814,0.94,1.1006359092392857
raw_W50,1279,3.0,0.9617085875938521,0.965,1.1012544883210418
raw_W50,1280,3.0,0.9619381588099191,0.95,1.1015727269533317
raw_W50,1281,3.0,0.9617557790388284,0.95,1.1027248630849602
raw_W50,1282,3.0,0.9617479282023942,0.97,1.1033389387161794
raw_W50,1283,3.0,0.9609025502401313,0.96,1.1000522463147266
raw_W50,1284,3.0,0.9610740923867374,0.955,1.0997821559329668
raw_W50,1285,3.0,0.9616587659654908,0.96,1.0991557591944272
raw_W50,1286,3.0,0.9609900167180123,0.98,1.0958007553023899
raw_W50,1287,3.0,0.9605900586602738,0.965,1.0950354457961389
raw_W50,1288,3.0,0.9603026788938478,0.94,1.0933546494015416
raw_W50,1289,3.0,0.9604882797517851,0.975,1.0970413301466322
raw_W50,1290,3.0,0.9604683780037834,0.94,1.0984604786971206
raw_W50,1291,3.0,0.960405765755885,0.975,1.0982396711598517
raw_W50,1292,3.0,0.9591303055117423,0.955,1.0911955012284402
raw_W50,1293,3.0,0.9594828015406642,0.96,1.0923046611614204
raw_W50,1294,3.0,0.9591685524045885,0.975,1.089221601242249
raw_W50,1295,3.0,0.95912385943591,0.97,1.089039283025954
raw_W50,1296,3.0,0.959747337039756,0.97,1.090199138721659
raw_W50,1297,3.0,0.959562405184771,0.96,1.089556201971923
raw_W50,1298,3.0,0.9597913615188892,0.955,1.089627267215022
raw_W50,1299,3.0,0.9600141000105734,0.945,1.0895052987832474
raw_W50,1300,3.0,0.9605192532617672,0.955,1.0940901917113448
raw_W50,1301,3.0,0.9603246278043577,0.94,1.0945365288750901
raw_W50,1302,3.0,0.9606711645085073,0.97,1.0964169360291174
raw_W50,1303,3.0,0.9604731116481845,0.965,1.094191940634952
raw_W50,1304,3.0,0.9608301944093175,0.935,1.0946462077192205
raw_W50,1305,3.0,0.9614205144798709,0.935,1.0963373003298622
raw_W50,1306,3.0,0.961895429699819,0.975,1.0995518049192188
raw_W50,1307,3.0,0.9614222220331256,0.955,1.094126189064513
raw_W50,1308,3.0,0.962254000364912,0.975,1.0975202844501666
raw_W50,1309,3.0,0.96184227895324,0.965,1.0962744928256485
raw_W50,1310,3.0,0.9620693816592757,0.955,1.0993083018352288
raw_W50,1311,3.0,0.9616416682095119,0.98,1.0977821573338518
raw_W50,1312,3.0,0.9613202471594486,0.945,1.0949961648234372
raw_W50,1313,3.0,0.9612823070826575,0.99,1.0954817315115708
raw_W50,1314,3.0,0.9606544053313967,0.955,1.092064628819533
raw_W50,1315,3.0,0.9607157767352622,0.945,1.0930194625785563
raw_W50,1316,3.0,0.9612019914024408,0.975,1.0936717807335654
raw_W50,1317,3.0,0.9609476183637738,0.97,1.0942241315461567
raw_W50,1318,3.0,0.9607443940178451,0.925,1.0947440253799052
raw_W50,1319,3.0,0.9609919296744336,0.96,1.0972645392700113
raw_W50,1320,3.0,0.9599984817906776,0.965,1.093617245305258
raw_W50,1321,3.0,0.9607319775039901,0.975,1.0974494036217173
raw_W50,1322,3.0,0.9595165305952071,0.99,1.0918377372486043
raw_W50,1323,3.0,0.9594443853677241,0.96,1.0903976744505166
raw_W50,1324,3.0,0.9595887090473741,0.97,1.0897074858270477
raw_W50,1325,3.0,0.9594898599235271,0.94,1.090253418577495
raw_W50,1326,3.0,0.9601936207965361,0.96,1.0952635418044379
raw_W50,1327,3.0,0.9607232392166408,0.975,1.0963533472693776
raw_W50,1328,3.0,0.96071810712577,0.98,1.0979423366215233
raw_W50,1329,3.0,0.9598355688086955,0.965,1.0950452908380806
raw_W50,1330,3.0,0.9596936101370752,0.96,1.095038851384601
raw_W50,1331,3.0,0.9596123969704083,0.98,1.0952252822524435
raw_W50,1332,3.0,0.9583358806909468,0.945,1.0886720959483138
raw_W50,1333,3.0,0.9591091648398085,0.96,1.093581221787788
raw_W50,1334,3.0,0.9593238567029156,0.95,1.0937104755380596
raw_W50,1335,3.0,0.9595633469265036,0.955,1.0964397222108113
raw_W50,1336,3.0,0.959448013416048,0.94,1.0946682579045803
raw_W50,1337,3.0,0.9602657135284413,0.945,1.0978394814054542
raw_W50,1338,3.0,0.960646355597829,0.97,1.0990881275342355
raw_W50,1339,3.0,0.9601205391504146,0.96,1.0958369597746822
raw_W50,1340,3.0,0.9594428253121785,0.94,1.0916710362990238
raw_W50,1341,3.0,0.9598036012351997,0.95,1.0923251479353362
raw_W50,1342,3.0,0.9605423281016436,0.935,1.0958613307464953
raw_W50,1343,3.0,0.9613150047037496,0.98,1.102070681036976
raw_W50,1344,3.0,0.9605737069477014,0.98,1.0993218769217576
raw_W50,1345,3.0,0.9603589485270102,0.955,1.0979143739413704
raw_W50,1346,3.0,0.9602898543533385,0.97,1.0984225764389015
raw_W50,1347,3.0,0.9607744857668616,0.97,1.1006817312941128
raw_W50,1348,3.0,0.9608158289536434,0.98,1.0992573689802978
raw_W50,1349,3.0,0.9599599149285448,0.955,1.0956410789824504
raw_W50,1350,3.0,0.9602282993638147,0.96,1.0964346644635257
raw_W50,1351,3.0,0.9602531810630548,0.955,1.0958751458147193
raw_W50,1352,3.0,0.9590121748459169,0.95,1.092102895192388
raw_W50,1353,3.0,0.9594913954356015,0.94,1.0939475891023862
raw_W50,1354,3.0,0.958834351724631,0.98,1.0917304162360084
raw_W50,1355,3.0,0.9584982053957711,0.97,1.0893190035175455
raw_W50,1356,3.0,0.9584095286534452,0.96,1.0885887381382
raw_W50,1357,3.0,0.959371113535774,0.91,1.0911704243177136
raw_W50,1358,3.0,0.9606270072438398,0.945,1.0971676998814153
raw_W50,1359,3.0,0.9606319393773404,0.95,1.099096072749846
raw_W50,1360,3.0,0.9612470078273506,0.97,1.0992455055364503
raw_W50,1361,3.0,0.9609652451593368,0.97,1.0973500241636274
raw_W50,1362,3.0,0.9608305708446045,0.965,1.0975560052791966
raw_W50,1363,3.0,0.9603753251088488,0.97,1.0934695589889225
raw_W50,1364,3.0,0.9597998232839015,0.945,1.0927166323321573
raw_W50,1365,3.0,0.9604064896474257,0.965,1.0970148122147174
raw_W50,1366,3.0,0.9598397065344864,0.97,1.097564216392089
raw_W50,1367,3.0,0.9609695978412708,0.95,1.10150160253154
raw_W50,1368,3.0,0.961348997104647,0.965,1.102874427260246
raw_W50,1369,3.0,0.9606274103325383,0.96,1.0978861499739643
raw_W50,1370,3.0,0.9606275812112455,0.99,1.0988845150802389
raw_W50,1371,3.0,0.9605453928544996,0.955,1.0962339812290398
raw_W50,1372,3.0,0.9606135501597904,0.96,1.0967263815585906
raw_W50,1373,3.0,0.9613659267594344,0.95,1.1006184748888175
raw_W50,1374,3.0,0.9613986386128401,0.96,1.1004096468307747
raw_W50,1375,3.0,0.9610750874024967,0.95,1.0965839547483576
raw_W50,1376,3.0,0.9607543119426029,0.96,1.0958374200345196
raw_W50,1377,3.0,0.9611218779587781,0.955,1.0975024916089862
raw_W50,1378,3.0,0.9614468233274144,0.97,1.1000985314379716
raw_W50,1379,3.0,0.9615994519325581,0.95,1.1004841032633346
raw_W50,1380,3.0,0.9622274915400405,0.965,1.1040773527023788
raw_W50,1381,3.0,0.9628002290390711,0.965,1.107007698077962
raw_W50,1382,3.0,0.9626973943202628,0.965,1.1071481868174227
raw_W50,1383,3.0,0.9617425929484823,0.98,1.102149578742695
raw_W50,1384,3.0,0.9615337635875792,0.995,1.1008588747651187
raw_W50,1385,3.0,0.9609545141526641,0.945,1.0974135404736627
raw_W50,1386,3.0,0.9612824904142105,0.99,1.0998683002638467
raw_W50,1387,3.0,0.9604827714003261,0.965,1.0947441583096966
raw_W50,1388,3.0,0.9595597801867451,0.965,1.092535023949235
raw_W50,1389,3.0,0.9599085343397491,0.97,1.0950467861369597
raw_W50,1390,3.0,0.9598456325240617,0.95,1.093586583080464
raw_W50,1391,3.0,0.9598648871043707,0.955,1.0929928002206237
raw_W50,1392,3.0,0.9592564592590438,0.945,1.0917574363556275
raw_W50,1393,3.0,0.9595320704238114,0.995,1.093624504963735
raw_W50,1394,3.0,0.9590190070844778,0.95,1.0907747083201667
raw_W50,1395,3.0,0.9595552073861809,0.965,1.0940178038007977
raw_W50,1396,3.0,0.9590028259298353,0.955,1.0905158431290234
raw_W50,1397,3.0,0.9593258741447201,0.97,1.0920691014454444
raw_W50,1398,3.0,0.9584599303564609,0.965,1.090217372659497
raw_W50,1399,3.0,0.9584852451629098,0.94,1.0901343034088857
raw_W50,1400,3.0,0.9590247281362888,0.96,1.094550877442181
raw_W50,1401,3.0,0.9591435670420657,0.965,1.0951694841543487
raw_W50,1402,3.0,0.95907532308067,0.98,1.0930055063754736
raw_W50,1403,3.0,0.9591793211105791,0.965,1.0921806398224978
raw_W50,1404,3.0,0.9590862583674901,0.965,1.0909045970928108
raw_W50,1405,3.0,0.9590356675704349,0.975,1.0914544739225767
raw_W50,1406,3.0,0.9587338449624615,0.98,1.0883496354576243
raw_W50,1407,3.0,0.9574804674757392,0.93,1.0847055101842364
raw_W50,1408,3.0,0.957094018622924,0.97,1.0827285970479839
raw_W50,1409,3.0,0.9566514319777704,0.965,1.0792224431372204
raw_W50,1410,3.0,0.9563996373609714,0.965,1.0781619125571669
raw_W50,1411,3.0,0.9576205734152486,0.955,1.0807515416682778
raw_W50,1412,3.0,0.9580000672922937,0.98,1.0823325768112815
raw_W50,1413,3.0,0.9573603131961699,0.95,1.0801300703187136
raw_W50,1414,3.0,0.9572075050502902,0.94,1.0777617301759908
raw_W50,1415,3.0,0.9578283353775433,0.975,1.0814276689472309
raw_W50,1416,3.0,0.9579555441429747,0.96,1.0831714852434466
raw_W50,1417,3.0,0.9578418147896873,0.94,1.082596308257285
raw_W50,1418,3.0,0.9584133905727883,0.99,1.0837371835367962
raw_W50,1419,3.0,0.9576603492290471,0.955,1.0813650843043756
raw_W50,1420,3.0,0.9578201272786441,0.96,1.0821610153410037
raw_W50,1421,3.0,0.9580594827116254,0.95,1.0864470133616866
raw_W50,1422,3.0,0.9587943060752872,0.945,1.0887605521710455
raw_W50,1423,3.0,0.9591695654466187,0.955,1.0918317044723294
raw_W50,1424,3.0,0.9586994175369423,0.95,1.0915222992349431
raw_W50,1425,3.0,0.959379542829334,0.945,1.0971617271798397
raw_W50,1426,3.0,0.9590374463801207,0.975,1.0987735514527195
raw_W50,1427,3.0,0.9588992805275137,0.94,1.0977665445080143
raw_W50,1428,3.0,0.9588722535450565,0.945,1.097028500724154
raw_W50,1429,3.0,0.9595298388221781,0.965,1.100007200137789
raw_W50,1430,3.0,0.9591482465440905,0.96,1.097631116642018
raw_W50,1431,3.0,0.959365293578704,0.955,1.0969628853699762
raw_W50,1432,3.0,0.9586582545015486,0.955,1.0983791599854644
raw_W50,1433,3.0,0.9582049690135166,0.975,1.0968186132519424
raw_W50,1434,3.0,0.9575930216344112,0.965,1.0953370208350293
raw_W50,1435,3.0,0.958099715030322,0.97,1.0980610014221082
raw_W50,1436,3.0,0.9581983543437919,0.93,1.0975355664825828
raw_W50,1437,3.0,0.9592423563839827,0.97,1.1043297382435848
raw_W50,1438,3.0,0.959053660521298,0.96,1.1030088787980086
raw_W50,1439,3.0,0.9589272740835929,0.98,1.1006611722852395
raw_W50,1440,3.0,0.9589608303399255,0.955,1.1016354395605499
raw_W50,1441,3.0,0.9586887194450676,0.96,1.1012191982442658
raw_W50,1442,3.0,0.9589671509611304,0.975,1.1008709853788505
raw_W50,1443,3.0,0.9583581036729685,0.925,1.0982790745441977
raw_W50,1444,3.0,0.9599142981087364,0.945,1.1067231561786224
raw_W50,1445,3.0,0.9602019616731096,0.955,1.1095636312762758
raw_W50,1446,3.0,0.9601897018862817,0.95,1.1104586546294717
raw_W50,1447,3.0,0.9611333912437396,0.935,1.1113996669878794
raw_W50,1448,3.0,0.9613613757706605,0.945,1.112119472894484
raw_W50,1449,3.0,0.9618021184289316,0.965,1.1138062676715401
raw_W50,1450,3.0,0.9616511827329753,0.955,1.1123191297499402
raw_W50,1451,3.0,0.9625063973281875,0.96,1.1151826578643043
raw_W50,1452,3.0,0.962915255695129,0.985,1.114441008088503
raw_W50,1453,3.0,0.9625671197977446,0.965,1.1132338382714004
raw_W50,1454,3.0,0.9631109420119216,0.955,1.1173139762297883
raw_W50,1455,3.0,0.963917240886799,0.95,1.1207741069859312
raw_W50,1456,3.0,0.9638342686543928,0.965,1.1197582485471265
raw_W50,1457,3.0,0.9642757918344799,0.98,1.1209129249073277
raw_W50,1458,3.0,0.9631005011603844,0.96,1.11499929457461
raw_W50,1459,3.0,0.9624667579832876,0.97,1.1135317772648736
raw_W50,1460,3.0,0.962214955352232,0.985,1.1138538645791383
raw_W50,1461,3.0,0.9621678252305509,0.955,1.1113980842756908
raw_W50,1462,3.0,0.9619362855955511,0.97,1.1105460274902597
raw_W50,1463,3.0,0.9618338978749728,0.97,1.1112980429589847
raw_W50,1464,3.0,0.9612123253372247,0.965,1.1102216616117775
raw_W50,1465,3.0,0.9604529258186776,0.97,1.106142379797313
raw_W50,1466,3.0,0.9605450578329032,0.935,1.1051967360208501
raw_W50,1467,3.0,0.9612125721032307,0.945,1.1072190643903925
raw_W50,1468,3.0,0.9619460370189818,0.975,1.1092217254152235
raw_W50,1469,3.0,0.962037010516682,0.945,1.1094831953741835
raw_W50,1470,3.0,0.962792597686952,0.96,1.1121088602191
raw_W50,1471,3.0,0.9624318685059546,0.965,1.1093372992643213
raw_W50,1472,3.0,0.962169887574379,0.92,1.107950380105133
raw_W50,1473,3.0,0.9631340147101919,0.95,1.1105287911423227
raw_W50,1474,3.0,0.9636368006959348,0.97,1.1147895163989292
raw_W50,1475,3.0,0.9627225218691745,0.945,1.1100760991332965
raw_W50,1476,3.0,0.9623613670583266,0.95,1.1050404330883612
raw_W50,1477,3.0,0.9627017983354924,0.96,1.1088349318328645
raw_W50,1478,3.0,0.9624621048587284,0.91,1.1054216791567206
raw_W50,1479,3.0,0.9640855236396608,0.99,1.1142156728563064
raw_W50,1480,3.0,0.9635457556490364,0.925,1.1105124019002057
raw_W50,1481,3.0,0.9639496301388577,0.96,1.112992230451723
raw_W50,1482,3.0,0.9642773788034553,0.955,1.1133222510789653
raw_W50,1483,3.0,0.9649818724093803,0.945,1.1153274001916103
raw_W50,1484,3.0,0.965757005555958,0.945,1.117200818209151
raw_W50,1485,3.0,0.9655034997584786,0.96,1.1171906815526738
raw_W50,1486,3.0,0.965442295999733,0.98,1.117280322784898
raw_W50,1487,3.0,0.9644744083322098,0.975,1.1117838172685282
raw_W50,1488,3.0,0.9645392338663413,0.97,1.1122509459366816
raw_W50,1489,3.0,0.964536770173128,0.96,1.1118431418303203
raw_W50,1490,3.0,0.9649375447658116,0.955,1.1156649898213475
raw_W50,1491,3.0,0.96544296666415,0.98,1.1172884743079126
raw_W50,1492,3.0,0.9651806945154986,0.96,1.1173604364018723
raw_W50,1493,3.0,0.9652318622220111,0.955,1.1184278039841125
raw_W50,1494,3.0,0.9652263552186876,0.965,1.1173157484943448
raw_W50,1495,3.0,0.965274137509521,0.95,1.1174178711884704
raw_W50,1496,3.0,0.9655902850147189,0.965,1.1196852370434163
raw_W50,1497,3.0,0.9652469386282126,0.945,1.1182281419676279
raw_W50,1498,3.0,0.9644815566590657,0.945,1.1152606438128516
raw_W50,1499,3.0,0.9652906466731362,0.98,1.1195301957645953
raw_W50,1500,3.0,0.9654793589498518,0.965,1.1200385333016178
raw_W50,1501,3.0,0.9660541948778154,0.98,1.1227373079460647
raw_W50,1502,3.0,0.9653808450513819,0.98,1.1210598915346555
raw_W50,1503,3.0,0.9651861346076503,0.975,1.1198032216030191
raw_W50,1504,3.0,0.9652597370941928,0.95,1.1184236824545521
raw_W50,1505,3.0,0.9650415237604357,0.955,1.1182755497242838
raw_W50,1506,3.0,0.9652210458706338,0.985,1.1185618819525371
raw_W50,1507,3.0,0.9648634195776512,0.975,1.117401868221475
raw_W50,1508,3.0,0.9648146964689309,0.955,1.1171723205820223
raw_W50,1509,3.0,0.9648517641013201,0.97,1.1155963534754456
raw_W50,1510,3.0,0.9645225614893842,0.96,1.1139846477373587
raw_W50,1511,3.0,0.9647275673257028,0.945,1.115565183640249
raw_W50,1512,3.0,0.9649722495723819,0.96,1.116638685562643
raw_W50,1513,3.0,0.9650856878498111,0.97,1.1168929113275559
raw_W50,1514,3.0,0.9650659082352817,0.965,1.115913609376168
raw_W50,1515,3.0,0.9649737922077644,0.98,1.1156314213176117
raw_W50,1516,3.0,0.9645536369991428,0.96,1.1130559548182355
raw_W50,1517,3.0,0.9646342104252689,0.955,1.114033186968143
raw_W50,1518,3.0,0.9642808617349425,0.94,1.114602032323818
raw_W50,1519,3.0,0.9643638252032133,0.965,1.1177796138765925
raw_W50,1520,3.0,0.9638211007802415,0.955,1.1160157653178964
raw_W50,1521,3.0,0.9645894415936647,0.985,1.1193866402509016
raw_W50,1522,3.0,0.9642715164200146,0.96,1.1178875788590634
raw_W50,1523,3.0,0.9641158251582616,0.965,1.1161824677375618
raw_W50,1524,3.0,0.9634752979039706,0.985,1.1113470705451136
raw_W50,1525,3.0,0.963020050942222,0.965,1.1089675476156489
raw_W50,1526,3.0,0.9628172695380909,0.99,1.1092785733370636
raw_W50,1527,3.0,0.9619652994724581,0.96,1.1025272001506494
raw_W50,1528,3.0,0.9620386962790175,0.97,1.1031292177907497
raw_W50,1529,3.0,0.961759770549412,0.98,1.1001629752787656
raw_W50,1530,3.0,0.9614854434546588,0.96,1.0991876926566388
raw_W50,1531,3.0,0.9607620116946753,0.97,1.0971367685882034
raw_W50,1532,3.0,0.9606798295116072,0.98,1.0975894804763888
raw_W50,1533,3.0,0.9603740415778694,0.96,1.095613071368607
raw_W50,1534,3.0,0.9599449994328078,0.96,1.0936567299598723
raw_W50,1535,3.0,0.9587356635103711,0.96,1.085667441287477
raw_W50,1536,3.0,0.9590752009111057,0.965,1.0876119410028848
raw_W50,1537,3.0,0.9583674919540645,0.97,1.0856131068245254
raw_W50,1538,3.0,0.9584615865458573,0.97,1.0861120509906321
raw_W50,1539,3.0,0.9582214957487235,0.965,1.0866782403960427
raw_W50,1540,3.0,0.9577981273315835,0.955,1.0852439408468229
raw_W50,1541,3.0,0.9577972242088358,0.97,1.0842818538845131
raw_W50,1542,3.0,0.9573482260019671,0.965,1.0808445332507466
raw_W50,1543,3.0,0.9568059722348241,0.955,1.0777561772636393
raw_W50,1544,3.0,0.9567937613046261,0.985,1.0736557305089014
raw_W50,1545,3.0,0.9561292635751875,0.96,1.0694893673232717
raw_W50,1546,3.0,0.9556993995113473,0.985,1.0686070252210895
raw_W50,1547,3.0,0.9555538366558745,0.99,1.0674615476463432
raw_W50,1548,3.0,0.9549290435821155,0.935,1.0644919038198546
raw_W50,1549,3.0,0.955826699565392,0.945,1.068739780581357
raw_W50,1550,3.0,0.9558104344942729,0.935,1.0694593285909852
raw_W50,1551,3.0,0.9551746706058012,0.96,1.0680494012796884
raw_W50,1552,3.0,0.9558251968341338,0.935,1.0721129186719258
raw_W50,1553,3.0,0.9568784612192556,0.97,1.0785631273578145
raw_W50,1554,3.0,0.9557470612439419,0.965,1.0754731429101272
raw_W50,1555,3.0,0.955131273960821,0.94,1.073036798650624
raw_W50,1556,3.0,0.9560714981531404,0.955,1.0777414946345933
raw_W50,1557,3.0,0.9571130140728406,0.98,1.0823632682216628
raw_W50,1558,3.0,0.9569291290889141,0.935,1.0820873868380518
raw_W50,1559,3.0,0.9577347634611683,0.965,1.0832477561049132
raw_W50,1560,3.0,0.9576406104489449,0.95,1.0830289090746754
raw_W50,1561,3.0,0.957571710677358,0.925,1.083607108245684
raw_W50,1562,3.0,0.9580283460107156,0.97,1.0843558262558617
raw_W50,1563,3.0,0.958031323288819,0.95,1.0836410169460944
raw_W50,1564,3.0,0.9582934943486433,0.995,1.085103117455462
raw_W50,1565,3.0,0.957897111395936,0.945,1.0821891677543949
raw_W50,1566,3.0,0.9578805029458262,0.96,1.0823129874307518
raw_W50,1567,3.0,0.9574454459798899,0.975,1.080428324094122
raw_W50,1568,3.0,0.9559800086635641,0.96,1.073498379336665
raw_W50,1569,3.0,0.955821588249152,0.955,1.0709133043409056
raw_W50,1570,3.0,0.9561999985877165,0.96,1.0707641165850843
raw_W50,1571,3.0,0.9562816536615085,0.96,1.0698443166776448
raw_W50,1572,3.0,0.9568483918461532,0.925,1.0727095986304933
raw_W50,1573,3.0,0.9575894612088862,0.935,1.0753180552732082
raw_W50,1574,3.0,0.9580571042822962,0.965,1.0779740688683817
raw_W50,1575,3.0,0.9578623163552114,0.955,1.0764840386604007
raw_W50,1576,3.0,0.9581252025670658,0.965,1.076963207391321
raw_W50,1577,3.0,0.9583696616882353,0.955,1.0798640396109749
raw_W50,1578,3.0,0.9590109907481092,0.955,1.0817778801738647
raw_W50,1579,3.0,0.9591035588922614,0.975,1.0831000767763819
raw_W50,1580,3.0,0.9589757301149996,0.95,1.085876849857935
raw_W50,1581,3.0,0.9587954214930838,0.97,1.0863415079269105
raw_W50,1582,3.0,0.9594057888855173,0.94,1.0878855358516057
raw_W50,1583,3.0,0.9606242534355149,0.96,1.0925174201986947
raw_W50,1584,3.0,0.9607572160252553,0.97,1.0943599969282294
raw_W50,1585,3.0,0.9606391957257543,0.965,1.0936184890835126
raw_W50,1586,3.0,0.9607859167944678,0.96,1.0924585393499868
raw_W50,1587,3.0,0.960620082163005,0.985,1.0935479037408322
raw_W50,1588,3.0,0.9602072173192036,0.97,1.0915971325283882
raw_W50,1589,3.0,0.9602806858549354,0.945,1.0922015866974208
raw_W50,1590,3.0,0.960428112697671,0.965,1.0933783159236596
raw_W50,1591,3.0,0.9605298299357312,0.97,1.093556936612045
raw_W50,1592,3.0,0.9601653931914308,0.95,1.092080930122308
raw_W50,1593,3.0,0.9607646585585323,0.945,1.093672269036401
raw_W50,1594,3.0,0.9610856759630141,0.97,1.0952015605998746
raw_W50,1595,3.0,0.9612369140869822,0.95,1.0963891679501068
raw_W50,1596,3.0,0.9610917901611558,0.975,1.095975370817232
raw_W50,1597,3.0,0.9608855946079495,0.96,1.09568347592331
raw_W50,1598,3.0,0.9610891767041473,0.975,1.0980332002332487
raw_W50,1599,3.0,0.9607473089963122,0.955,1.0949361850260508
raw_W50,1600,3.0,0.9614921580956954,0.975,1.100732262666142
raw_W50,1601,3.0,0.9606452334541282,0.935,1.096889206969197
raw_W50,1602,3.0,0.9609350607481811,0.96,1.0991622094789606
raw_W50,1603,3.0,0.960735389999706,0.96,1.0968606269550438
raw_W50,1604,3.0,0.9610540471432745,0.975,1.0975476856233277
raw_W50,1605,3.0,0.9607431914878017,0.965,1.0952917735271357
raw_W50,1606,3.0,0.9598914039181357,0.945,1.0921569468415937
raw_W50,1607,3.0,0.9604879952934252,0.96,1.0964417022324127
raw_W50,1608,3.0,0.9605042626839849,0.945,1.096034822831658
raw_W50,1609,3.0,0.9603818844541502,0.935,1.096576519356828
raw_W50,1610,3.0,0.9615795487926162,0.955,1.101978278269554
raw_W50,1611,3.0,0.9610885289071132,0.96,1.0981947237436742
raw_W50,1612,3.0,0.9609530887944829,0.97,1.0955012647084443
raw_W50,1613,3.0,0.9614024861506223,0.965,1.098685321585765
raw_W50,1614,3.0,0.9619561702246108,0.955,1.1021015915797077
raw_W50,1615,3.0,0.9625699680659013,0.97,1.105315286413004
raw_W50,1616,3.0,0.9622715048243071,0.96,1.1043856633609803
raw_W50,1617,3.0,0.9622169823995236,0.955,1.103183023872472
raw_W50,1618,3.0,0.9635812729346286,0.985,1.1088431304625683
raw_W50,1619,3.0,0.9631319915590165,0.96,1.10712788570192
raw_W50,1620,3.0,0.9636847204164016,0.965,1.1101375882607392
raw_W50,1621,3.0,0.9637609033926008,0.98,1.1099818418679348
raw_W50,1622,3.0,0.9642026462295737,0.95,1.1102056413471042
raw_W50,1623,3.0,0.963856323936235,0.975,1.1076487239402537
raw_W50,1624,3.0,0.9623154592930995,0.95,1.1016529295182327
raw_W50,1625,3.0,0.9624929516107382,0.94,1.1033011737257277
raw_W50,1626,3.0,0.9625151791869533,0.95,1.1066767575489431
raw_W50,1627,3.0,0.9630346597410547,0.98,1.1089091917826297
raw_W50,1628,3.0,0.9628564206491754,0.97,1.1084064699881835
raw_W50,1629,3.0,0.9629740482383358,0.95,1.1099466866334742
raw_W50,1630,3.0,0.9632604016467694,0.975,1.110200526979701
raw_W50,1631,3.0,0.9630988318209015,0.985,1.109356720054519
raw_W50,1632,3.0,0.9627155177387049,0.965,1.108071035015903
raw_W50,1633,3.0,0.9627321290590032,0.965,1.1085674965944279
raw_W50,1634,3.0,0.9632073482847306,0.97,1.1104637782421014
raw_W50,1635,3.0,0.9627663793032931,0.945,1.1079697754556168
raw_W50,1636,3.0,0.9635029767329959,0.985,1.110657481211546
raw_W50,1637,3.0,0.9623773211841411,0.94,1.1037100452295794
raw_W50,1638,3.0,0.9627562211839376,0.945,1.1076624866984195
raw_W50,1639,3.0,0.9634882424946656,0.96,1.1132625646624497
raw_W50,1640,3.0,0.9626053920806649,0.94,1.1091339531725428
raw_W50,1641,3.0,0.9638821462664771,0.975,1.1143072603982878
raw_W50,1642,3.0,0.9641371075661249,0.95,1.1155650990795092
raw_W50,1643,3.0,0.964408079590294,0.95,1.1155929388302153
raw_W50,1644,3.0,0.964933715240104,0.97,1.1187349727412996
raw_W50,1645,3.0,0.9647214649869664,0.965,1.1183152570713029
raw_W50,1646,3.0,0.9647218558158073,0.98,1.1184699225190713
raw_W50,1647,3.0,0.9644425512760304,0.995,1.116516086971635
raw_W50,1648,3.0,0.9639807041275711,0.985,1.1144501562257842
raw_W50,1649,3.0,0.9636800533965072,0.95,1.1132457628781316
raw_W50,1650,3.0,0.9647134389766014,0.96,1.117290880390218
raw_W50,1651,3.0,0.9634598600193099,0.965,1.1141522571710547
raw_W50,1652,3.0,0.9631740838756712,0.98,1.1124281240847116
raw_W50,1653,3.0,0.9630021386184775,0.95,1.1094651114546001
raw_W50,1654,3.0,0.9637077640089745,0.955,1.1109551846223136
raw_W50,1655,3.0,0.9630875415008251,0.96,1.1102375538409348
raw_W50,1656,3.0,0.9627784467792542,0.94,1.1092431385184798
raw_W50,1657,3.0,0.9630572621506991,0.95,1.1094638699294983
raw_W50,1658,3.0,0.9637722679202108,0.975,1.1142760518087538
raw_W50,1659,3.0,0.9634728927196515,0.97,1.1125780450174403
raw_W50,1660,3.0,0.9636637067859884,0.97,1.1125893928671409
raw_W50,1661,3.0,0.9630599189433917,0.955,1.1103307951955461
raw_W50,1662,3.0,0.9642186175344872,0.945,1.114280190664159
raw_W50,1663,3.0,0.9650427327613217,0.965,1.118750342497837
raw_W50,1664,3.0,0.9647433114054692,0.965,1.1179514432317723
raw_W50,1665,3.0,0.9643033922693328,0.965,1.11642492241581
raw_W50,1666,3.0,0.9642300177090399,0.955,1.1152248596371275
raw_W50,1667,3.0,0.963963267706414,0.975,1.115710716755172
raw_W50,1668,3.0,0.9636444401698624,0.99,1.1136387116794655
raw_W50,1669,3.0,0.9636059374048028,0.96,1.112783280427072
raw_W50,1670,3.0,0.9629767102029416,0.98,1.1090522347908407
raw_W50,1671,3.0,0.9624692074585713,0.96,1.1081884655481604
raw_W50,1672,3.0,0.962516680754592,0.96,1.1085490560770157
raw_W50,1673,3.0,0.9626184864341297,0.97,1.108905847984446
raw_W50,1674,3.0,0.9619579652438566,0.965,1.106691792422084
raw_W50,1675,3.0,0.9623123928459427,0.95,1.107874965435865
raw_W50,1676,3.0,0.9626219315196317,0.955,1.1119268185922424
raw_W50,1677,3.0,0.9630856499099464,0.955,1.1120252530372143
raw_W50,1678,3.0,0.9636790639881702,0.98,1.1149433387581364
raw_W50,1679,3.0,0.9630693263473664,0.955,1.1120869840472554
raw_W50,1680,3.0,0.9627558835965236,0.965,1.1087873331387457
raw_W50,1681,3.0,0.9625130467440717,0.95,1.1084291654221423
raw_W50,1682,3.0,0.9622554043068478,0.955,1.1102961931460913
raw_W50,1683,3.0,0.9627671813231836,0.98,1.1115797976031616
raw_W50,1684,3.0,0.9623557561638898,0.965,1.109493736053495
raw_W50,1685,3.0,0.9622324071024349,0.95,1.1084557930440175
raw_W50,1686,3.0,0.9625672565151691,0.98,1.1099184546344016
raw_W50,1687,3.0,0.9627599295062202,0.985,1.1102187235779712
raw_W50,1688,3.0,0.9617244173463563,0.965,1.1044762786163416
raw_W50,1689,3.0,0.9609444559193338,0.98,1.1011784423785018
raw_W50,1690,3.0,0.9608432255676038,0.99,1.10061070738088
raw_W50,1691,3.0,0.9600090307919014,0.965,1.0946913203435564
raw_W50,1692,3.0,0.9604822828864262,0.975,1.096395033362974
raw_W50,1693,3.0,0.9598881235689136,0.975,1.0932845082455092
raw_W50,1694,3.0,0.9593100916148827,0.95,1.0899881371796953
raw_W50,1695,3.0,0.9593015355915238,0.955,1.0913420051993203
raw_W50,1696,3.0,0.9600604472669173,0.94,1.0948239441415784
raw_W50,1697,3.0,0.960193707934129,0.975,1.0963104327375168
raw_W50,1698,3.0,0.960508629807603,0.98,1.0977852298698505
raw_W50,1699,3.0,0.9605158284395527,0.94,1.0954918651056362
raw_W50,1700,3.0,0.9604622921557526,0.98,1.096056616129211
raw_W50,1701,3.0,0.9606003187474978,0.975,1.094508203199333
raw_W50,1702,3.0,0.9601689973794636,0.965,1.092972693919191
raw_W50,1703,3.0,0.9604851953207801,0.965,1.0972698498972313
raw_W50,1704,3.0,0.9606553366338467,0.985,1.0997990690615536
raw_W50,1705,3.0,0.9603493619582588,0.96,1.100130692646619
raw_W50,1706,3.0,0.9598996310557573,0.965,1.09405687635335
raw_W50,1707,3.0,0.9600009408546265,0.96,1.0925085412977906
raw_W50,1708,3.0,0.959800033086356,0.97,1.0926247594625678
raw_W50,1709,3.0,0.9596809903338896,0.96,1.0918041394653344
raw_W50,1710,3.0,0.9599717730708005,0.955,1.0906289598642278
raw_W50,1711,3.0,0.9606071996528803,0.93,1.093664095787763
raw_W50,1712,3.0,0.9612319742268427,0.965,1.0978918705788017
raw_W50,1713,3.0,0.9617204913587375,0.955,1.1006991136516564
raw_W50,1714,3.0,0.9607770971257328,0.955,1.0982101204903616
raw_W50,1715,3.0,0.960740588356729,0.98,1.0960019976837616
raw_W50,1716,3.0,0.9600323548869888,0.98,1.0920239120563584
raw_W50,1717,3.0,0.9596835914629582,0.97,1.0895132474136877
raw_W50,1718,3.0,0.9594838151853687,0.985,1.089849579797315
raw_W50,1719,3.0,0.9596162806319388,0.95,1.0917518460923723
raw_W50,1720,3.0,0.958707679257632,0.95,1.0883950858699258
raw_W50,1721,3.0,0.9596635992364264,0.96,1.093650400828433
raw_W50,1722,3.0,0.9599731746874397,0.98,1.0954010433728338
raw_W50,1723,3.0,0.9594316656772862,0.975,1.091252900351783
raw_W50,1724,3.0,0.9587928934026598,0.955,1.0876984838737327
raw_W50,1725,3.0,0.9586120641161867,0.97,1.0868512911780146
raw_W50,1726,3.0,0.9572874162156509,0.95,1.079060877068662
raw_W50,1727,3.0,0.9577197472059771,0.955,1.0796720837619764
raw_W50,1728,3.0,0.9576091010165766,0.955,1.0793681507662318
raw_W50,1729,3.0,0.9577836059738963,0.95,1.0802643631168152
raw_W50,1730,3.0,0.9584326599005917,0.955,1.0821367521126497
raw_W50,1731,3.0,0.9581729516343986,0.945,1.0843451319356177
raw_W50,1732,3.0,0.9588571665938355,0.955,1.083866303743234
raw_W50,1733,3.0,0.958795002462673,0.935,1.0826249260370298
raw_W50,1734,3.0,0.9595613983731255,0.935,1.088393176393117
raw_W50,1735,3.0,0.9597215999842663,0.98,1.089874678437423
raw_W50,1736,3.0,0.9591911019616353,0.95,1.0866975608325415
raw_W50,1737,3.0,0.9591627974764791,0.965,1.0881949354855802
raw_W50,1738,3.0,0.9596477818883768,0.955,1.090126659163743
raw_W50,1739,3.0,0.9592191242559309,0.96,1.0887590800670406
raw_W50,1740,3.0,0.9595151382129161,0.965,1.0884231455899405
raw_W50,1741,3.0,0.959874926060517,0.945,1.090479256630482
raw_W50,1742,3.0,0.9596204094799934,0.97,1.0906029761693312
raw_W50,1743,3.0,0.9597387404564703,0.94,1.091415708806278
raw_W50,1744,3.0,0.9605298815692928,0.945,1.095703497232153
raw_W50,1745,3.0,0.9606826672665079,0.92,1.0974180021382653
raw_W50,1746,3.0,0.9624227540792855,0.96,1.1044293816756987
raw_W50,1747,3.0,0.9621363229272479,0.95,1.1030145851470001
raw_W50,1748,3.0,0.9621980036128011,0.955,1.1035166022182876
raw_W50,1749,3.0,0.962699718176204,0.945,1.107711949150471
raw_W50,1750,3.0,0.963111016070476,0.985,1.1072386706095323
raw_W50,1751,3.0,0.9630730018503325,0.965,1.1060477836229183
raw_W50,1752,3.0,0.963446148531072,0.975,1.1072124578999145
raw_W50,1753,3.0,0.9631431113138643,0.975,1.1055565450713067
raw_W50,1754,3.0,0.9626006807873054,0.97,1.10316802729995
raw_W50,1755,3.0,0.9626091308888121,0.97,1.1025745986342503
raw_W50,1756,3.0,0.9630617411099771,0.975,1.1058137935885106
raw_W50,1757,3.0,0.9634125161653878,0.97,1.1081995910245015
raw_W50,1758,3.0,0.9630842322331639,0.955,1.1060720502401435
raw_W50,1759,3.0,0.9633178143580281,0.965,1.1069735489739172
raw_W50,1760,3.0,0.9630765132119248,0.96,1.107526554289621
raw_W50,1761,3.0,0.9626854332752413,0.97,1.1038685677486857
raw_W50,1762,3.0,0.961776343917411,0.97,1.0990411921132994
raw_W50,1763,3.0,0.9616152815325608,0.955,1.0977208084069972
raw_W50,1764,3.0,0.9611765659572333,0.975,1.0955502731633464
raw_W50,1765,3.0,0.9614886736261309,0.96,1.0977944896927563
raw_W50,1766,3.0,0.9612562622367222,0.96,1.0990289680222056
raw_W50,1767,3.0,0.9619973509206268,0.96,1.1036891194222462
raw_W50,1768,3.0,0.9622926441240854,0.955,1.1026105141034503
raw_W50,1769,3.0,0.9624151161125192,0.945,1.1036130206548878
raw_W50,1770,3.0,0.9628126120105995,0.955,1.1044312995082373
raw_W50,1771,3.0,0.9629208166581811,0.97,1.1059059120069161
raw_W50,1772,3.0,0.9627601039942445,0.975,1.105425276278703
raw_W50,1773,3.0,0.9634185791454344,0.97,1.109355747964781
raw_W50,1774,3.0,0.9633344643303056,0.97,1.11005251258173
raw_W50,1775,3.0,0.9631716373083397,0.955,1.1083561821267371
raw_W50,1776,3.0,0.9633484363364262,0.93,1.112305645465685
raw_W50,1777,3.0,0.9631190429489936,0.965,1.1106796139478028
raw_W50,1778,3.0,0.9637675861712274,0.96,1.1153035033825822
raw_W50,1779,3.0,0.9641054507063599,0.96,1.1168394715967738
raw_W50,1780,3.0,0.964143262535746,0.94,1.1189810067407282
raw_W50,1781,3.0,0.9643424615269575,0.975,1.1222837385768454
raw_W50,1782,3.0,0.9635896103666011,0.985,1.1178990686028751
raw_W50,1783,3.0,0.9627569441544312,0.96,1.1119478385784347
raw_W50,1784,3.0,0.9625356814896086,0.94,1.109543957519559
raw_W50,1785,3.0,0.963099962020147,0.955,1.1102176268805422
raw_W50,1786,3.0,0.9635538291006295,0.96,1.1125304173315833
raw_W50,1787,3.0,0.9643878338478276,0.97,1.1163487420748754
raw_W50,1788,3.0,0.9641445243478395,0.965,1.115504924328051
raw_W50,1789,3.0,0.9640822836233702,0.975,1.1152748444409308
raw_W50,1790,3.0,0.9638468027710954,0.965,1.116293127442071
raw_W50,1791,3.0,0.9637258197738637,0.97,1.1149012965988379
raw_W50,1792,3.0,0.9631871820078061,0.945,1.1140780910360797
raw_W50,1793,3.0,0.9633783284696691,0.97,1.1180311642751104
raw_W50,1794,3.0,0.9629283117258208,0.96,1.115171890091634
raw_W50,1795,3.0,0.962505841862592,0.96,1.1094825424134214
raw_W50,1796,3.0,0.9615005334258733,0.965,1.1035384125685588
raw_W50,1797,3.0,0.9613507959306438,0.975,1.1016259450685206
raw_W50,1798,3.0,0.9604147824638758,0.94,1.0985124461118574
raw_W50,1799,3.0,0.9614765560198114,0.955,1.1027306544821567
raw_W50,1800,1.0,0.9999999156370073,1.0,3.308419664000695
raw_W50,1801,1.0,0.9999999053224911,1.0,3.302235237949532
raw_W50,1802,1.0,0.9999998939156207,1.0,3.2926621636202413
raw_W50,1803,1.0,0.9999998914618213,1.0,3.2758798935358313
raw_W50,1804,1.0,0.9999998876306746,1.0,3.262243728987329
raw_W50,1805,1.0,0.9999998691486554,1.0,3.252378149799842
raw_W50,1806,1.0,0.9999998402439112,1.0,3.2439712639892195
raw_W50,1807,1.0,0.9999997891049104,1.0,3.2285161135476947
raw_W50,1808,1.0,0.9999997667230608,1.0,3.21369107082651
raw_W50,1809,1.0,0.999999752430032,1.0,3.1982089341251845
raw_W50,1810,1.0,0.9999996780098983,1.0,3.190028054659779
raw_W50,1811,1.0,0.9999996774186147,1.0,3.1739852736679706
raw_W50,1812,1.0,0.9999996728551358,1.0,3.162763765005543
raw_W50,1813,1.0,0.9999996492540132,1.0,3.155842050515294
raw_W50,1814,1.0,0.9999995822541078,1.0,3.121058347133154
raw_W50,1815,1.0,0.9999995718953392,1.0,3.099764252135691
raw_W50,1816,1.0,0.9999993905108185,1.0,3.0777445941907904
raw_W50,1817,1.0,0.9999985514730223,1.0,3.0624671912466046
raw_W50,1818,1.0,0.9999984823780176,1.0,3.0426521047940414
raw_W50,1819,1.0,0.9999983601529329,1.0,3.022956863992657
raw_W50,1820,1.0,0.9999982894608689,1.0,2.9880987147926983
raw_W50,1821,1.0,0.9999971157774595,1.0,2.9659288315605954
raw_W50,1822,1.0,0.9999968222001873,1.0,2.94105010567842
raw_W50,1823,1.0,0.9999966377083109,1.0,2.9258997833287332
raw_W50,1824,1.0,0.9999934746771342,1.0,2.9081214576096257
raw_W50,1825,1.0,0.9999890121964765,1.0,2.8772861432372303
raw_W50,1826,1.0,0.999974355281539,1.0,2.834158047265008
raw_W50,1827,1.0,0.9999542372175307,1.0,2.80185322511079
raw_W50,1828,1.0,0.9999535999787049,1.0,2.7765734407067963
raw_W50,1829,1.0,0.9999522597802724,1.0,2.74610872647102
raw_W50,1830,1.0,0.999942750234778,1.0,2.7058034799836492
raw_W50,1831,1.0,0.999939385392313,1.0,2.6640212642221117
raw_W50,1832,1.0,0.9999369748016019,1.0,2.648973757749021
raw_W50,1833,1.0,0.9999136055511982,1.0,2.6164011694373444
raw_W50,1834,1.0,0.9998871308604887,1.0,2.5667081482154415
raw_W50,1835,1.0,0.9998067653218428,1.0,2.5157007480883307
raw_W50,1836,1.0,0.9997806510766098,1.0,2.4658741801669515
raw_W50,1837,1.0,0.9996847710876091,1.0,2.422520998441519
raw_W50,1838,1.0,0.9995518700238706,1.0,2.378824829608556
raw_W50,1839,1.0,0.9992335367425054,1.0,2.3116416969654985
raw_W50,1840,1.0,0.9990157517852778,1.0,2.266155733995075
raw_W50,1841,1.0,0.9980243756200943,1.0,2.1843621319166995
raw_W50,1842,1.0,0.9971915068357242,1.0,2.100458279028379
raw_W50,1843,1.0,0.9962469867293734,0.995,1.9595091271211555
raw_W50,1844,1.0,0.9943109734466637,1.0,1.8237674262315884
raw_W50,1845,1.0,0.991807250354484,0.985,1.7045941436263434
raw_W50,1846,1.0,0.9875551176501816,0.995,1.5847995438834375
raw_W50,1847,1.0,0.9821464901888245,0.98,1.4237918178797089
raw_W50,1848,1.0,0.9761917545293295,0.97,1.31091605929807
raw_W50,1849,1.0,0.9682514878496806,0.965,1.1661973213240353
raw_W50,1850,1.0,0.9589687271654941,0.975,1.0870317419608162
raw_W50,1851,1.0,0.958349654616332,0.955,1.0831122218456637
raw_W50,1852,1.0,0.9578612117430941,0.97,1.080576780199762
raw_W50,1853,1.0,0.9575998347842032,0.925,1.080719315990017
raw_W50,1854,1.0,0.9583610204191002,0.985,1.0842814511262353
raw_W50,1855,1.0,0.9583306865701741,0.98,1.0834038330721747
raw_W50,1856,1.0,0.9585282743623358,0.965,1.0842476093784554
raw_W50,1857,1.0,0.9580068791320042,0.95,1.0805945384377234
raw_W50,1858,1.0,0.9588278567217767,0.97,1.0851028269305374
raw_W50,1859,1.0,0.9586449110574429,0.97,1.0820791686469766
raw_W50,1860,1.0,0.958607594901734,0.945,1.082374777407606
raw_W50,1861,1.0,0.9595622387766116,0.975,1.0870701860070588
raw_W50,1862,1.0,0.9600975901063555,0.955,1.0888006744729923
raw_W50,1863,1.0,0.9603012699286394,0.96,1.090995688696639
raw_W50,1864,1.0,0.9594449338643304,0.945,1.0866987335575962
raw_W50,1865,1.0,0.9600873030311418,0.965,1.089478233226477
raw_W50,1866,1.0,0.9599441962101158,0.95,1.0882612644714365
raw_W50,1867,1.0,0.9606788264535565,0.955,1.0924741081117915
raw_W50,1868,1.0,0.9610741736767272,0.965,1.094170354183129
raw_W50,1869,1.0,0.9615864467677295,0.955,1.095940327068487
raw_W50,1870,1.0,0.9617652434138948,0.98,1.096660389597676
raw_W50,1871,1.0,0.9610658067701365,0.98,1.0966713550187677
raw_W50,1872,1.0,0.9603893399794501,0.945,1.0919093692695816
raw_W50,1873,1.0,0.9608432773934413,0.955,1.0948287343031202
raw_W50,1874,1.0,0.9608125308088037,0.96,1.0954964986986055
raw_W50,1875,1.0,0.9595265470170345,0.965,1.0915580277283894
raw_W50,1876,1.0,0.9594414351853916,0.99,1.0916875992089954
raw_W50,1877,1.0,0.9587993096606876,0.965,1.089715347222635
raw_W50,1878,1.0,0.9587043785192424,0.94,1.0884377285432039
raw_W50,1879,1.0,0.9589284300315107,0.955,1.089075811453882
raw_W50,1880,1.0,0.9591272387704807,0.975,1.088224216587134
raw_W50,1881,1.0,0.957099848972149,0.945,1.0786164645817793
raw_W50,1882,1.0,0.9577134061884571,0.985,1.0847401879146292
raw_W50,1883,1.0,0.9575718261826529,0.95,1.084135684064907
raw_W50,1884,1.0,0.9583249270766947,0.965,1.0865668359389984
raw_W50,1885,1.0,0.9580984877769962,0.95,1.0835739835117366
raw_W50,1886,1.0,0.9584642398507885,0.955,1.0862191899916085
raw_W50,1887,1.0,0.9589969761362935,0.95,1.088293498858626
raw_W50,1888,1.0,0.9596733469222687,0.97,1.092930862281002
raw_W50,1889,1.0,0.9589479792910386,0.95,1.091508642537214
raw_W50,1890,1.0,0.9595061341382507,0.975,1.0931032626652626
raw_W50,1891,1.0,0.9591848911409003,0.98,1.0929124876298828
raw_W50,1892,1.0,0.9591888779342045,0.935,1.0936321691846502
raw_W50,1893,1.0,0.9605088774226626,0.98,1.1012206644132607
raw_W50,1894,1.0,0.9597093992253347,0.985,1.09782771358039
raw_W50,1895,1.0,0.9585612155498279,0.97,1.0922939051507936
raw_W50,1896,1.0,0.9594129746130864,0.97,1.0944722641108928
raw_W50,1897,1.0,0.9597339684956111,0.96,1.095795211075735
raw_W50,1898,1.0,0.9591647526883128,0.955,1.0911893887413424
raw_W50,1899,1.0,0.9597246932511493,0.95,1.0945055551760883
raw_W50,1900,1.0,0.9586705613290607,0.98,1.0872936038521124
raw_W50,1901,1.0,0.958169724145367,0.96,1.0851224261182593
raw_W50,1902,1.0,0.9573945643269905,0.96,1.0836056650614687
raw_W50,1903,1.0,0.9577070009695535,0.965,1.0849882758700253
raw_W50,1904,1.0,0.9577161067878603,0.975,1.0836474999859464
raw_W50,1905,1.0,0.9579767295577338,0.98,1.0862296499394803
raw_W50,1906,1.0,0.9582139159336194,0.93,1.0879170631297936
raw_W50,1907,1.0,0.9584211727924921,0.965,1.0893543419033227
raw_W50,1908,1.0,0.9584096045845957,0.97,1.0878745444136368
raw_W50,1909,1.0,0.9575211507774816,0.945,1.0840601120969218
raw_W50,1910,1.0,0.9581333880233587,0.965,1.0857456834185406
raw_W50,1911,1.0,0.9580195686313506,0.97,1.0871521493785363
raw_W50,1912,1.0,0.9579549543110696,0.97,1.0864988362253998
raw_W50,1913,1.0,0.9585352185525835,0.935,1.0890390250151996
raw_W50,1914,1.0,0.9589014171035842,0.955,1.0934044923202828
raw_W50,1915,1.0,0.9581560144398463,0.98,1.0905732656243665
raw_W50,1916,1.0,0.9585704713319312,0.97,1.0910086601347384
raw_W50,1917,1.0,0.958669156027357,0.95,1.0896690529953434
raw_W50,1918,1.0,0.9586971335652175,0.955,1.0875423938304118
raw_W50,1919,1.0,0.9588724184309838,0.945,1.0894933025110816
raw_W50,1920,1.0,0.9599514843746735,0.965,1.0942284206021529
raw_W50,1921,1.0,0.9602333395917441,0.97,1.0969078910259684
raw_W50,1922,1.0,0.9602990334094603,0.98,1.0993897381942122
raw_W50,1923,1.0,0.9594753001298997,0.975,1.0959357866165542
raw_W50,1924,1.0,0.9596116879337189,0.975,1.0969664208253045
raw_W50,1925,1.0,0.958925146233255,0.95,1.0934084599210987
raw_W50,1926,1.0,0.958480201107133,0.955,1.0911604424428811
raw_W50,1927,1.0,0.9592709952177926,0.955,1.093709177194589
raw_W50,1928,1.0,0.9595166184857413,0.95,1.095187792341885
raw_W50,1929,1.0,0.9589621704491599,0.96,1.0920927516606052
raw_W50,1930,1.0,0.9583199390691377,0.97,1.0883502557165468
raw_W50,1931,1.0,0.9582846053952337,0.955,1.0868644329318176
raw_W50,1932,1.0,0.9582676998215279,0.965,1.0883171824043776
raw_W50,1933,1.0,0.9580672478108542,0.935,1.0886088331725887
raw_W50,1934,1.0,0.9582637156284245,0.96,1.0894438399270796
raw_W50,1935,1.0,0.9585448249576387,0.95,1.0913009031704426
raw_W50,1936,1.0,0.9591061585021741,0.945,1.092023103575746
raw_W50,1937,1.0,0.9592097882842815,0.97,1.0928958672703435
raw_W50,1938,1.0,0.9585895276435582,0.965,1.0892774766033713
raw_W50,1939,1.0,0.9583598370011529,0.98,1.0882577109538858
raw_W50,1940,1.0,0.9582596554040111,0.945,1.0875501322301562
raw_W50,1941,1.0,0.9585104971755201,0.955,1.0903907869665448
raw_W50,1942,1.0,0.9589829267387957,0.93,1.0931672153892986
raw_W50,1943,1.0,0.9598425184119503,0.94,1.0953498343623278
raw_W50,1944,1.0,0.9606746806051443,0.97,1.0994093689874176
raw_W50,1945,1.0,0.9604608761634542,0.975,1.099928165908496
raw_W50,1946,1.0,0.9600824924316995,0.96,1.0980688903761098
raw_W50,1947,1.0,0.9601684779085372,0.94,1.0977895456154037
raw_W50,1948,1.0,0.9607851154086426,0.95,1.1007070758660378
raw_W50,1949,1.0,0.9594396807284025,0.98,1.095719896066334
raw_W50,1950,1.0,0.9589223363368123,0.955,1.0931204062501958
raw_W50,1951,1.0,0.9592066575761683,0.96,1.0939477614593363
raw_W50,1952,1.0,0.9591529188767447,0.96,1.0942965007969618
raw_W50,1953,1.0,0.9602908515043026,0.95,1.0982833825865357
raw_W50,1954,1.0,0.9603682784826918,0.95,1.0985429453775446
raw_W50,1955,1.0,0.9604586613831263,0.97,1.0984241118860567
raw_W50,1956,1.0,0.9609860380719099,0.96,1.100268667656146
raw_W50,1957,1.0,0.9612681418278161,0.945,1.1001237781328372
raw_W50,1958,1.0,0.9617963245256061,0.97,1.1038912370133807
raw_W50,1959,1.0,0.9618801511178787,0.965,1.1040774572014853
raw_W50,1960,1.0,0.961610749327735,0.95,1.101570547798545
raw_W50,1961,1.0,0.9617878463441473,0.975,1.1031923888954251
raw_W50,1962,1.0,0.962199614859043,0.965,1.1047977007499086
raw_W50,1963,1.0,0.9617369143072351,0.95,1.1032396995183693
raw_W50,1964,1.0,0.9614862276357599,0.955,1.0998916411046327
raw_W50,1965,1.0,0.9614088307138857,0.95,1.1004671862221704
raw_W50,1966,1.0,0.9624691614009407,0.935,1.1047905834323724
raw_W50,1967,1.0,0.9630570432981037,0.95,1.1068515804857866
raw_W50,1968,1.0,0.9633784667813071,0.97,1.1068894868416168
raw_W50,1969,1.0,0.9629437576807386,0.975,1.1044169149285614
raw_W50,1970,1.0,0.9623691768264772,0.955,1.1010435615604635
raw_W50,1971,1.0,0.9625308162431844,0.98,1.100563027493696
raw_W50,1972,1.0,0.962150795367555,0.985,1.0986496978538391
raw_W50,1973,1.0,0.9618714400095654,0.95,1.097285731307581
raw_W50,1974,1.0,0.9619398587179088,0.965,1.097714240882489
raw_W50,1975,1.0,0.9622180130291182,0.98,1.0982053068213522
raw_W50,1976,1.0,0.9619591098739606,0.965,1.0984235918204994
raw_W50,1977,1.0,0.9623453264164519,0.96,1.100024981161885
raw_W50,1978,1.0,0.9617214315398748,0.97,1.0958564765325953
raw_W50,1979,1.0,0.9612120928581861,0.98,1.0946777130483027
raw_W50,1980,1.0,0.9610250168234071,0.95,1.094400283078458
raw_W50,1981,1.0,0.9612609029881566,0.955,1.0960443345206223
raw_W50,1982,1.0,0.9617019109165699,0.995,1.0998213369309602
raw_W50,1983,1.0,0.9609077694585898,0.98,1.093223342205329
raw_W50,1984,1.0,0.9601319857858929,0.955,1.0898243466179767
raw_W50,1985,1.0,0.9610534845636011,0.975,1.0934065601157892
raw_W50,1986,1.0,0.9611641779245317,0.99,1.0945770176204224
raw_W50,1987,1.0,0.9597474868872788,0.955,1.0879094802500004
raw_W50,1988,1.0,0.9596410161808916,0.935,1.088143716604084
raw_W50,1989,1.0,0.9596670806816838,0.965,1.0913241588185503
raw_W50,1990,1.0,0.9594474234486331,0.96,1.0900146410392493
raw_W50,1991,1.0,0.9592198697112199,0.95,1.087691129143434
raw_W50,1992,1.0,0.9596672937441242,0.97,1.0894424655226502
raw_W50,1993,1.0,0.9588298723637834,0.965,1.0869811261316995
raw_W50,1994,1.0,0.9585444991680394,0.94,1.085726315284188
raw_W50,1995,1.0,0.9592480696637906,0.945,1.0881585963803009
raw_W50,1996,1.0,0.9599625115993178,0.95,1.091245125036421
raw_W50,1997,1.0,0.9595100180575442,0.975,1.0904296795205042
raw_W50,1998,1.0,0.9586377672215315,0.965,1.0848418348721516
raw_W50,1999,1.0,0.9590621199480063,0.955,1.087998545241012
raw_W50,2000,1.0,0.9608065181282076,0.955,1.0952514601653847
raw_W50,2001,1.0,0.9608994353763649,0.965,1.0952267058168395
raw_W50,2002,1.0,0.9603499168768684,0.975,1.09324394187452
raw_W50,2003,1.0,0.9595167916757616,0.945,1.0886766049825258
raw_W50,2004,1.0,0.9599524889159449,0.95,1.0912632155285984
raw_W50,2005,1.0,0.9599750067082736,0.97,1.090274550699726
raw_W50,2006,1.0,0.9593097593729971,0.95,1.0877402669093974
raw_W50,2007,1.0,0.9593070428407933,0.965,1.0869131698306649
raw_W50,2008,1.0,0.9592001935373233,0.965,1.0867773681809993
raw_W50,2009,1.0,0.9593834709767077,0.96,1.0871541325795928
raw_W50,2010,1.0,0.9590883753490473,0.965,1.0865930468406197
raw_W50,2011,1.0,0.9586903950463995,0.96,1.0838175531633711
raw_W50,2012,1.0,0.9588782101959756,0.945,1.085007118837556
raw_W50,2013,1.0,0.9592187410648699,0.97,1.088056815544239
raw_W50,2014,1.0,0.9595296749577025,0.96,1.0902098925576726
raw_W50,2015,1.0,0.9594153880214913,0.975,1.0893132716640166
raw_W50,2016,1.0,0.958861472526136,0.92,1.086942641277838
raw_W50,2017,1.0,0.9598584209185407,0.95,1.0918834614960071
raw_W50,2018,1.0,0.9592628692424532,0.96,1.0887158794439855
raw_W50,2019,1.0,0.9589509493576801,0.955,1.0898132305291035
raw_W50,2020,1.0,0.9601644028306373,0.95,1.0950822478915276
raw_W50,2021,1.0,0.9594261906232222,0.975,1.0931007492819116
raw_W50,2022,1.0,0.959542195683627,0.975,1.0929991462388537
raw_W50,2023,1.0,0.9594422147240632,0.94,1.0931945066969668
raw_W50,2024,1.0,0.9593119329817564,0.96,1.091614468386902
raw_W50,2025,1.0,0.9593660329319552,0.995,1.0922408530554815
raw_W50,2026,1.0,0.9592564149808231,0.95,1.0919207964788695
raw_W50,2027,1.0,0.9598889325938416,0.965,1.092710315627653
raw_W50,2028,1.0,0.9595287373678029,0.965,1.0920623781592098
raw_W50,2029,1.0,0.9596081160117298,0.965,1.0931255840791783
raw_W50,2030,1.0,0.9596700399814492,0.92,1.0939750284675864
raw_W50,2031,1.0,0.9601613484954741,0.96,1.1004138806152033
raw_W50,2032,1.0,0.9598944208525719,0.945,1.0993650685404612
raw_W50,2033,1.0,0.9610460758092405,0.97,1.1043815678306454
raw_W50,2034,1.0,0.9612814751563735,0.96,1.1052863156834007
raw_W50,2035,1.0,0.9609026479150643,0.965,1.1041567797023568
raw_W50,2036,1.0,0.9613523561304325,0.99,1.1061967689976056
raw_W50,2037,1.0,0.961254326207963,0.955,1.1046437946451173
raw_W50,2038,1.0,0.9612691085932089,0.965,1.1048217801871534
raw_W50,2039,1.0,0.9610233922639421,0.96,1.0995236320636592
raw_W50,2040,1.0,0.9613208033488811,0.97,1.1012897590577853
raw_W50,2041,1.0,0.9610321596287338,0.965,1.0997296153829232
raw_W50,2042,1.0,0.9612640596374651,0.975,1.100856881752666
raw_W50,2043,1.0,0.9604145915185086,0.96,1.09906658089625
raw_W50,2044,1.0,0.9599870051048702,0.96,1.0991909802399717
raw_W50,2045,1.0,0.96032641246944,0.965,1.0991207396494247
raw_W50,2046,1.0,0.9606971461401173,0.975,1.101182551760465
raw_W50,2047,1.0,0.96036071942518,0.975,1.0967514788643506
raw_W50,2048,1.0,0.9604957598336091,0.955,1.0962686225932958
raw_W50,2049,1.0,0.9613102827260098,0.98,1.098900141733795
raw_W50,2050,1.0,0.9610762278582657,0.965,1.0982773095631828
raw_W50,2051,1.0,0.9609869077940394,0.955,1.0983642162219962
raw_W50,2052,1.0,0.9611987491034355,0.955,1.0996698115928967
raw_W50,2053,1.0,0.9608890209160534,0.995,1.0988989378866987
raw_W50,2054,1.0,0.9600979409846296,0.97,1.0928363446589333
raw_W50,2055,1.0,0.9595960067733827,0.96,1.0900898202666676
raw_W50,2056,1.0,0.959249133259772,0.97,1.0882749732981687
raw_W50,2057,1.0,0.9579764387279411,0.96,1.0819072652502622
raw_W50,2058,1.0,0.9581688388548506,0.94,1.0822335240543746
raw_W50,2059,1.0,0.9584920953777725,0.975,1.0849165641105811
raw_W50,2060,1.0,0.9592421244356512,0.95,1.0871760169259772
raw_W50,2061,1.0,0.959127676483309,0.97,1.0872489466861859
raw_W50,2062,1.0,0.9589179705546309,0.95,1.0872800032371321
raw_W50,2063,1.0,0.9590945414084419,0.95,1.0910874677482116
raw_W50,2064,1.0,0.9594703346048141,0.965,1.0909854887661874
raw_W50,2065,1.0,0.9586403631069725,0.945,1.0873007269400643
raw_W50,2066,1.0,0.9599365321840041,0.97,1.0933040519720167
raw_W50,2067,1.0,0.9594128429874386,0.965,1.091420269522411
raw_W50,2068,1.0,0.9593647292047619,0.97,1.0895779324236674
raw_W50,2069,1.0,0.9590514580422124,0.96,1.0864585154804498
raw_W50,2070,1.0,0.9589728408001246,0.95,1.0842817848500808
raw_W50,2071,1.0,0.958760615544846,0.975,1.0826550847110272
raw_W50,2072,1.0,0.9584579141972054,0.955,1.0845567337947355
raw_W50,2073,1.0,0.9581355743418314,0.97,1.0830196738985587
raw_W50,2074,1.0,0.9586507606406002,0.94,1.0839598255123213
raw_W50,2075,1.0,0.9582500915015748,0.965,1.0837735642116288
raw_W50,2076,1.0,0.9579456714330997,0.97,1.0820786512283496
raw_W50,2077,1.0,0.9572568278541584,0.965,1.0803527186387598
raw_W50,2078,1.0,0.9563438649447176,0.96,1.0777402039866164
raw_W50,2079,1.0,0.9552603186816193,0.935,1.0740415246548565
raw_W50,2080,1.0,0.9557668751023166,0.965,1.075904837269354
raw_W50,2081,1.0,0.9550336200181292,0.96,1.0718380820663265
raw_W50,2082,1.0,0.9553725514581523,0.99,1.0738356483246547
raw_W50,2083,1.0,0.954931845181754,0.93,1.0709290951392383
raw_W50,2084,1.0,0.9555799849305495,0.96,1.0760160025711545
raw_W50,2085,1.0,0.9556976317199283,0.97,1.0734218043176667
raw_W50,2086,1.0,0.95562747800734,0.98,1.0723038795872972
raw_W50,2087,1.0,0.9555962119643321,0.965,1.0727019683216816
raw_W50,2088,1.0,0.9544276122240427,0.935,1.0673490381193738
raw_W50,2089,1.0,0.9551778967958,0.94,1.070646112897088
raw_W50,2090,1.0,0.9552897105794901,0.955,1.0698868100471688
raw_W50,2091,1.0,0.9556806014982743,0.97,1.0710644841879093
raw_W50,2092,1.0,0.9559524625521274,0.94,1.0725037408445015
raw_W50,2093,1.0,0.9562596126948664,0.975,1.0734388901363936
raw_W50,2094,1.0,0.9556660691391765,0.955,1.0694535865242394
raw_W50,2095,1.0,0.9565520577707829,0.955,1.0739270232566833
raw_W50,2096,1.0,0.9564606041221083,0.94,1.0741627404936807
raw_W50,2097,1.0,0.9563511851027567,0.935,1.0734751711448438
raw_W50,2098,1.0,0.9569964620340005,0.96,1.0778838823048864
raw_W50,2099,1.0,0.9569039767356996,0.96,1.0777003287443159
raw_W50,2100,1.0,0.9563108407429846,0.93,1.0773827498350406
raw_W50,2101,1.0,0.9572086464579709,0.94,1.0821635277086135
raw_W50,2102,1.0,0.9576776198950157,0.965,1.0816667501230628
raw_W50,2103,1.0,0.9574469192030363,0.955,1.0798247394112657
raw_W50,2104,1.0,0.9581287762168367,0.97,1.0832242131191456
raw_W50,2105,1.0,0.9579865319549343,0.975,1.0818183980146707
raw_W50,2106,1.0,0.9577691532918087,0.965,1.0803952800563454
raw_W50,2107,1.0,0.9582643897871052,0.96,1.0815801321183005
raw_W50,2108,1.0,0.958614183962062,0.95,1.08464481828529
raw_W50,2109,1.0,0.9591475231416537,0.985,1.0865088113002457
raw_W50,2110,1.0,0.9592173817855874,0.965,1.0864829315906068
raw_W50,2111,1.0,0.9585149817442613,0.97,1.0823105784941318
raw_W50,2112,1.0,0.9585700657566975,0.975,1.0819745845386408
raw_W50,2113,1.0,0.9580553227001809,0.955,1.0780970792983389
raw_W50,2114,1.0,0.9581834633461309,0.955,1.0768585992819424
raw_W50,2115,1.0,0.9584027732790926,0.965,1.0797500574145236
raw_W50,2116,1.0,0.9581403548078563,0.97,1.0785054607474773
raw_W50,2117,1.0,0.9582078614673635,0.945,1.0792673840802285
raw_W50,2118,1.0,0.9584216038399075,0.965,1.0779139818688637
raw_W50,2119,1.0,0.9584093445323211,0.97,1.0788518314132458
raw_W50,2120,1.0,0.9579932303694991,0.95,1.0779083107855902
raw_W50,2121,1.0,0.9573701024204633,0.96,1.074926865631064
raw_W50,2122,1.0,0.9577777383623558,0.98,1.0763030842111199
raw_W50,2123,1.0,0.9569548560347996,0.965,1.072611100719955
raw_W50,2124,1.0,0.9581597511528027,0.95,1.0770515194946153
raw_W50,2125,1.0,0.9591252765236046,0.945,1.0826965574748662
raw_W50,2126,1.0,0.9596517019190703,0.97,1.0853759335551574
raw_W50,2127,1.0,0.9595485649069002,0.965,1.08454931633159
raw_W50,2128,1.0,0.959839128112535,0.965,1.0860497673465412
raw_W50,2129,1.0,0.9602127448293032,0.955,1.0882249946037759
raw_W50,2130,1.0,0.9603855926264049,0.975,1.0893765138827183
raw_W50,2131,1.0,0.9612533658940715,0.975,1.0931098564316228
raw_W50,2132,1.0,0.9604554663716672,0.95,1.0890544729388016
raw_W50,2133,1.0,0.9610695301758497,0.945,1.0948114656814867
raw_W50,2134,1.0,0.9609265475322241,0.98,1.0919785529491668
raw_W50,2135,1.0,0.9602698640348026,0.97,1.0890592499593905
raw_W50,2136,1.0,0.9600989086157667,0.965,1.0890493006245314
raw_W50,2137,1.0,0.9603450865735919,0.96,1.0895287370757152
raw_W50,2138,1.0,0.9605146502604274,0.96,1.0899614983687844
raw_W50,2139,1.0,0.9591635377760229,0.955,1.082891534283555
raw_W50,2140,1.0,0.9587048469255349,0.96,1.0792444091447109
raw_W50,2141,1.0,0.958891051325594,0.965,1.0816062315526074
raw_W50,2142,1.0,0.9586391146776978,0.97,1.0800338737175794
raw_W50,2143,1.0,0.9581985812487688,0.955,1.0781714936110018
raw_W50,2144,1.0,0.9585554277567567,0.97,1.0796620875652547
raw_W50,2145,1.0,0.9586017880091918,0.98,1.0791900837177293
raw_W50,2146,1.0,0.9580694289595431,0.94,1.076328142134556
raw_W50,2147,1.0,0.9584981518405382,0.95,1.0788944424675635
raw_W50,2148,1.0,0.9580766489001781,0.955,1.077471568621582
raw_W50,2149,1.0,0.9583718938359379,0.96,1.0786189565325115
raw_W50,2150,1.0,0.9581535544860631,0.96,1.0795484845167893
raw_W50,2151,1.0,0.9576328765385321,0.95,1.0773517980999343
raw_W50,2152,1.0,0.9574042797110522,0.955,1.0753405334134876
raw_W50,2153,1.0,0.957499939234759,0.96,1.074686169300913
raw_W50,2154,1.0,0.9575737742221868,0.965,1.0760803636692575
raw_W50,2155,1.0,0.9577017125593654,0.965,1.0770999934484957
raw_W50,2156,1.0,0.9579681064584102,0.965,1.0799856955018408
raw_W50,2157,1.0,0.9578627567939896,0.98,1.077665711775508
raw_W50,2158,1.0,0.9580186691003241,0.96,1.0771012103278321
raw_W50,2159,1.0,0.9575490071838195,0.975,1.0743131640825072
raw_W50,2160,1.0,0.957538089023917,0.965,1.0747036491700712
raw_W50,2161,1.0,0.957668389842933,0.965,1.075293660443475
raw_W50,2162,1.0,0.9573721555349579,0.965,1.073806163011413
raw_W50,2163,1.0,0.9573455707031061,0.965,1.0740766093479999
raw_W50,2164,1.0,0.9566864130253174,0.945,1.0704610935646468
raw_W50,2165,1.0,0.9576584232336048,0.955,1.0740061928247178
raw_W50,2166,1.0,0.9579885243144246,0.95,1.073440133311767
raw_W50,2167,1.0,0.9585965623762271,0.97,1.07642169208152
raw_W50,2168,1.0,0.958216674285249,0.955,1.0730374838126615
raw_W50,2169,1.0,0.95820400805632,0.965,1.0723565470465033
raw_W50,2170,1.0,0.9581901983237242,0.96,1.0724674368463416
raw_W50,2171,1.0,0.9577881071356279,0.965,1.0722124181369184
raw_W50,2172,1.0,0.9572675618790316,0.965,1.0700965724363924
raw_W50,2173,1.0,0.9572964837318786,0.94,1.0710916790473082
raw_W50,2174,1.0,0.9579421900854572,0.97,1.0763641984637975
raw_W50,2175,1.0,0.9575287457420805,0.97,1.0742480351381507
raw_W50,2176,1.0,0.9570034692837733,0.96,1.0719721159137694
raw_W50,2177,1.0,0.9571105731830872,0.94,1.072605811489184
raw_W50,2178,1.0,0.9575837304801297,0.94,1.0733787826922798
raw_W50,2179,1.0,0.9578912097443592,0.96,1.0754115391469454
raw_W50,2180,1.0,0.9566038198612489,0.915,1.0704884520979996
raw_W50,2181,1.0,0.9570166894913933,0.945,1.0753183812245062
raw_W50,2182,1.0,0.9574365260391818,0.96,1.0776295542501786
raw_W50,2183,1.0,0.9576554600017109,0.945,1.0753207635954336
raw_W50,2184,1.0,0.9579540459328973,0.95,1.0783763993543964
raw_W50,2185,1.0,0.9586980482739966,0.95,1.0813293843318115
raw_W50,2186,1.0,0.9590126776126081,0.965,1.083624559128096
raw_W50,2187,1.0,0.9593826188516884,0.945,1.0836167991236103
raw_W50,2188,1.0,0.9597375533234367,0.965,1.085386543190708
raw_W50,2189,1.0,0.9596812901581706,0.955,1.086350371294902
raw_W50,2190,1.0,0.9599229603333685,0.96,1.0865427598255364
raw_W50,2191,1.0,0.9600092436424131,0.975,1.087123081773993
raw_W50,2192,1.0,0.9598195262880022,0.975,1.086322244945761
raw_W50,2193,1.0,0.9598683112551197,0.97,1.0863170063722491
raw_W50,2194,1.0,0.9586314963608593,0.97,1.0809868838235643
raw_W50,2195,1.0,0.9579162831757105,0.965,1.0787916679700644
raw_W50,2196,1.0,0.9587250910472125,0.96,1.0827135248845565
raw_W50,2197,1.0,0.9591836971530446,0.98,1.083073164522083
raw_W50,2198,1.0,0.9589069465236073,0.95,1.0805007249067498
raw_W50,2199,1.0,0.9584846944844573,0.92,1.0801357332679324
raw_W50,2200,1.0,0.9586322371256364,0.95,1.0833537410517031
raw_W50,2201,1.0,0.9589684574109769,0.96,1.087288975556791
raw_W50,2202,1.0,0.9585805586430972,0.95,1.0860671598623761
raw_W50,2203,1.0,0.9589656473094474,0.965,1.0885144845217587
raw_W50,2204,1.0,0.9591308173707068,0.925,1.088258674972051
raw_W50,2205,1.0,0.9601535134363786,0.975,1.0915123768384871
raw_W50,2206,1.0,0.9601924896352196,0.955,1.0905841216203533
raw_W50,2207,1.0,0.9598489511309587,0.945,1.090334958725528
raw_W50,2208,1.0,0.960045035209106,0.965,1.0929495543132732
raw_W50,2209,1.0,0.9599294565603338,0.95,1.0933447582435958
raw_W50,2210,1.0,0.9606963481889838,0.955,1.0966291966319868
raw_W50,2211,1.0,0.9609588110699727,0.965,1.1010925968767589
raw_W50,2212,1.0,0.9607047474983798,0.96,1.1003706407574283
raw_W50,2213,1.0,0.9603378903677285,0.965,1.1008760089667728
raw_W50,2214,1.0,0.9612335727248592,0.975,1.1043447499810548
raw_W50,2215,1.0,0.9603821424853978,0.97,1.1002025505585815
raw_W50,2216,1.0,0.96060991960401,0.995,1.1030133047551252
raw_W50,2217,1.0,0.9596966104733101,0.965,1.099569039329444
raw_W50,2218,1.0,0.9599190930873149,0.965,1.1016605058948619
raw_W50,2219,1.0,0.959293183738438,0.955,1.1005200372760333
raw_W50,2220,1.0,0.9593045812119536,0.95,1.1030720549967108
raw_W50,2221,1.0,0.9605119291414116,0.935,1.1095786394691052
raw_W50,2222,1.0,0.9610966601733344,0.97,1.11114289500979
raw_W50,2223,1.0,0.9599306915130924,0.955,1.107930851823129
raw_W50,2224,1.0,0.9605006901344058,0.97,1.1095455445443199
raw_W50,2225,1.0,0.9605980996666702,0.965,1.1107276875663326
raw_W50,2226,1.0,0.9603274624250742,0.955,1.1088200931974008
raw_W50,2227,1.0,0.9609955183285029,0.96,1.109273585887461
raw_W50,2228,1.0,0.9617672292174766,0.955,1.1112879144724976
raw_W50,2229,1.0,0.9614179737276889,0.955,1.107596005945786
raw_W50,2230,1.0,0.9619173437859462,0.945,1.1120315212495209
raw_W50,2231,1.0,0.961745343175391,0.945,1.1075869432188241
raw_W50,2232,1.0,0.9614504227931147,0.97,1.105278859647114
raw_W50,2233,1.0,0.9607636059457246,0.925,1.1034533349163118
raw_W50,2234,1.0,0.9617968851342611,0.97,1.1080642352461134
raw_W50,2235,1.0,0.9618784146804984,0.985,1.1085174542526501
raw_W50,2236,1.0,0.9612608947140278,0.95,1.1046257729095528
raw_W50,2237,1.0,0.9621814735791133,0.96,1.110646338164281
raw_W50,2238,1.0,0.9615396840145592,0.945,1.1063461563951644
raw_W50,2239,1.0,0.9614378388237113,0.985,1.1046130378683374
raw_W50,2240,1.0,0.9608227983516571,0.965,1.1006854739676653
raw_W50,2241,1.0,0.960809938509658,0.965,1.1017090812573511
raw_W50,2242,1.0,0.960710013008523,0.94,1.10060017423684
raw_W50,2243,1.0,0.9622126454188275,0.975,1.1074410560166672
raw_W50,2244,1.0,0.9621901006593592,0.955,1.108161070165966
raw_W50,2245,1.0,0.9623584506253653,0.97,1.1084569300107499
raw_W50,2246,1.0,0.9615312972318208,0.965,1.106893459801587
raw_W50,2247,1.0,0.9616441282992786,0.96,1.105048294441285
raw_W50,2248,1.0,0.9618569164860301,0.97,1.1072508835793227
raw_W50,2249,1.0,0.9623386686703299,0.955,1.1091165811996688
raw_W50,2250,1.0,0.9608185793372219,0.965,1.1034788838500031
raw_W50,2251,1.0,0.9609376288053051,0.965,1.099583218134719
raw_W50,2252,1.0,0.9606964363967095,0.955,1.099122796032486
raw_W50,2253,1.0,0.9610019716724969,0.965,1.100979571965657
raw_W50,2254,1.0,0.9611225580413629,0.95,1.0997802133450951
raw_W50,2255,1.0,0.9610223510129976,0.945,1.0989655316515416
raw_W50,2256,1.0,0.9616200042166188,0.945,1.099909996213979
raw_W50,2257,1.0,0.9615484032187861,0.945,1.1008227632874337
raw_W50,2258,1.0,0.9620267074378509,0.975,1.1030646134137831
raw_W50,2259,1.0,0.9619930405800319,0.975,1.1027977689556672
raw_W50,2260,1.0,0.9621449786362056,0.965,1.103400583094774
raw_W50,2261,1.0,0.9615315228075383,0.96,1.100414131858359
raw_W50,2262,1.0,0.9623514367717886,0.95,1.1043449813488697
raw_W50,2263,1.0,0.9628526718686024,0.985,1.105433712358098
raw_W50,2264,1.0,0.962065873602207,0.945,1.1015826967497615
raw_W50,2265,1.0,0.9633809039304297,0.94,1.106905082257783
raw_W50,2266,1.0,0.9636605123757692,0.975,1.109417916212907
raw_W50,2267,1.0,0.9643814115478939,0.97,1.1126598782995705
raw_W50,2268,1.0,0.9644124187663249,0.965,1.1172167933073371
raw_W50,2269,1.0,0.964179143715079,0.96,1.1180132028472303
raw_W50,2270,1.0,0.964814253342649,0.955,1.123542606824452
raw_W50,2271,1.0,0.9647103542997587,0.95,1.1236432860550425
raw_W50,2272,1.0,0.9642983182374733,0.97,1.1234107328354233
raw_W50,2273,1.0,0.9638857172956768,0.94,1.1232656222963684
raw_W50,2274,1.0,0.9649219360940452,0.965,1.127064148434541
raw_W50,2275,1.0,0.9650867723301354,0.95,1.1285955226739426
raw_W50,2276,1.0,0.9651226847519158,0.955,1.1297294725065654
raw_W50,2277,1.0,0.9645510734173403,0.97,1.1262772331933482
raw_W50,2278,1.0,0.9643365781371854,0.96,1.1251953952405285
raw_W50,2279,1.0,0.9636924622533759,0.98,1.1222594943335125
raw_W50,2280,1.0,0.96301019128728,0.97,1.11799019930352
raw_W50,2281,1.0,0.9635120560502495,0.96,1.1205928127472335
raw_W50,2282,1.0,0.9638567120644104,0.955,1.121397898007504
raw_W50,2283,1.0,0.9631668141565322,0.95,1.1193231052621186
raw_W50,2284,1.0,0.9634961840028439,0.96,1.121170877536481
raw_W50,2285,1.0,0.9634357241243486,0.98,1.1223764305824315
raw_W50,2286,1.0,0.9630853991987334,0.965,1.1205481821240206
raw_W50,2287,1.0,0.9624404505918993,0.97,1.117018530798042
raw_W50,2288,1.0,0.962548460041124,0.965,1.1147189642589417
raw_W50,2289,1.0,0.9618578255049232,0.955,1.1101846800797441
raw_W50,2290,1.0,0.9627118529140684,0.97,1.115517433463484
raw_W50,2291,1.0,0.9621090100402873,0.98,1.1123842537554547
raw_W50,2292,1.0,0.9618761949427268,0.945,1.1104096606917455
raw_W50,2293,1.0,0.9621880675018258,0.98,1.1107132132816968
raw_W50,2294,1.0,0.9625090997978692,0.95,1.1089306598705486
raw_W50,2295,1.0,0.9616867612005291,0.955,1.1037158142008212
raw_W50,2296,1.0,0.9613997760948635,0.96,1.1028228284979078
raw_W50,2297,1.0,0.962040445134046,0.975,1.1045509590460751
raw_W50,2298,1.0,0.9616252232635009,0.975,1.10299971917292
raw_W50,2299,1.0,0.9617433415096298,0.975,1.103356141952462
raw_W50,2300,1.0,0.9616488465034823,0.96,1.1035527358910842
raw_W50,2301,1.0,0.9621583158272745,0.94,1.104177021991095
raw_W50,2302,1.0,0.9621716802646674,0.97,1.1050041710267071
raw_W50,2303,1.0,0.9611584970201338,0.96,1.0999187751282835
raw_W50,2304,1.0,0.961859512006045,0.955,1.1020265131208367
raw_W50,2305,1.0,0.9626178343662991,0.975,1.1065174468858725
raw_W50,2306,1.0,0.9624959900297293,0.95,1.1064354782796573
raw_W50,2307,1.0,0.9625780212096005,0.95,1.10609508464132
raw_W50,2308,1.0,0.9628039324428473,0.95,1.1088238169659559
raw_W50,2309,1.0,0.9634598998730601,0.96,1.1120615843947328
raw_W50,2310,1.0,0.9634606740518515,0.97,1.1131845587808464
raw_W50,2311,1.0,0.9627915324589706,0.96,1.11006731306338
raw_W50,2312,1.0,0.9626027585624377,0.98,1.1092311302798712
raw_W50,2313,1.0,0.9620250265255692,0.98,1.1060070865374798
raw_W50,2314,1.0,0.961694476192545,0.975,1.1042056489894012
raw_W50,2315,1.0,0.9617088906692365,0.955,1.1042824448843944
raw_W50,2316,1.0,0.96040331601103,0.99,1.0972786599620008
raw_W50,2317,1.0,0.9600816322103043,0.955,1.0965632529244098
raw_W50,2318,1.0,0.9600540189099153,0.97,1.0934887422944726
raw_W50,2319,1.0,0.9595936125690013,0.95,1.0939714851540931
raw_W50,2320,1.0,0.959749949501871,0.965,1.0934615804673091
raw_W50,2321,1.0,0.9593634536583852,0.98,1.0918014491838584
raw_W50,2322,1.0,0.9590836072173536,0.93,1.0895711637734655
raw_W50,2323,1.0,0.9599367597137402,0.97,1.0930517754260154
raw_W50,2324,1.0,0.9596637656965875,0.92,1.0926770708282714
raw_W50,2325,1.0,0.9607351757692092,0.955,1.0982555497246251
raw_W50,2326,1.0,0.9601122114474545,0.945,1.0933133242192357
raw_W50,2327,1.0,0.9605144642943216,0.965,1.0942664875775754
raw_W50,2328,1.0,0.9606548529620799,0.96,1.0956433042137927
raw_W50,2329,1.0,0.9600836189496991,0.95,1.0924682889464183
raw_W50,2330,1.0,0.9608522666187096,0.98,1.0968602634426035
raw_W50,2331,1.0,0.9602283424815439,0.955,1.0937879320641017
raw_W50,2332,1.0,0.9597474044232629,0.98,1.0904301945418404
raw_W50,2333,1.0,0.9591071737647472,0.96,1.0859342730867376
raw_W50,2334,1.0,0.9588794509802878,0.92,1.0848885238550072
raw_W50,2335,1.0,0.9591559423258376,0.97,1.0869619184418746
raw_W50,2336,1.0,0.9594914021057978,0.975,1.0887996348689
raw_W50,2337,1.0,0.9591743027224837,0.97,1.0866907960054275
raw_W50,2338,1.0,0.9591028170869521,0.97,1.0870542237389573
raw_W50,2339,1.0,0.9589701684287388,0.96,1.0864209072585822
raw_W50,2340,1.0,0.9590929334552039,0.965,1.088188672642754
raw_W50,2341,1.0,0.9589769161970285,0.965,1.0875740951107613
raw_W50,2342,1.0,0.9600916986240482,0.955,1.0923848469033561
raw_W50,2343,1.0,0.9602045391197943,0.98,1.091168698510806
raw_W50,2344,1.0,0.9599286263814929,0.95,1.0902738408532135
raw_W50,2345,1.0,0.9602706723996228,0.935,1.0918614779844886
raw_W50,2346,1.0,0.960621442577878,0.955,1.0955174962133354
raw_W50,2347,1.0,0.9611005007729274,0.96,1.0978680684761641
raw_W50,2348,1.0,0.9607509649084947,0.965,1.0941735708795082
raw_W50,2349,1.0,0.9609178199723627,0.95,1.0941922113338094
raw_W50,2350,1.0,0.9613876171347198,0.95,1.0965806723529818
raw_W50,2351,1.0,0.9613320139901095,0.97,1.095119750752735
raw_W50,2352,1.0,0.9611287776818941,0.96,1.0928249017464682
raw_W50,2353,1.0,0.9610865266014819,0.95,1.0909597334899572
raw_W50,2354,1.0,0.9611122623100857,0.925,1.0919030727660601
raw_W50,2355,1.0,0.961959029607439,0.96,1.094929132296186
raw_W50,2356,1.0,0.9619559131118933,0.98,1.0957014476076863
raw_W50,2357,1.0,0.9613742427205615,0.96,1.0928149131820177
raw_W50,2358,1.0,0.961279744412964,0.96,1.092361360624991
raw_W50,2359,1.0,0.9610241620919935,0.96,1.091251454412256
raw_W50,2360,1.0,0.9605149256437522,0.975,1.0890167586168777
raw_W50,2361,1.0,0.9599698264350763,0.97,1.0856708717094938
raw_W50,2362,1.0,0.9596322908498561,0.95,1.0835696554138505
raw_W50,2363,1.0,0.9601075258236995,0.985,1.0854536080696282
raw_W50,2364,1.0,0.9598110428145803,0.94,1.0843463949207486
raw_W50,2365,1.0,0.9608095627168951,0.965,1.089174086360964
raw_W50,2366,1.0,0.9602302072029602,0.965,1.086369019337361
raw_W50,2367,1.0,0.9601500232005487,0.975,1.0865429474727706
raw_W50,2368,1.0,0.9602011644930653,0.95,1.0855749712354115
raw_W50,2369,1.0,0.9597431611105349,0.96,1.0844766459496475
raw_W50,2370,1.0,0.9599037698699882,0.96,1.0842498392740894
raw_W50,2371,1.0,0.9595807282114195,0.96,1.0819779949184336
raw_W50,2372,1.0,0.9602244188616601,0.95,1.0852842801474776
raw_W50,2373,1.0,0.9590023323662007,0.945,1.0814118248003406
raw_W50,2374,1.0,0.9588498194481364,0.98,1.0810571211529958
raw_W50,2375,1.0,0.9580309567706581,0.955,1.0770426194828437
raw_W50,2376,1.0,0.9585737706189,0.945,1.0790647372300017
raw_W50,2377,1.0,0.9589856476819187,0.97,1.080257275387545
raw_W50,2378,1.0,0.95861408074094,0.975,1.081342238042631
raw_W50,2379,1.0,0.9585629026148519,0.97,1.081909128638157
raw_W50,2380,1.0,0.9582236274629355,0.96,1.0802867005413352
raw_W50,2381,1.0,0.9588049449543391,0.955,1.0842345759998906
raw_W50,2382,1.0,0.9588198719512177,0.955,1.0871287068911222
raw_W50,2383,1.0,0.959750647599854,0.95,1.0913540747559793
raw_W50,2384,1.0,0.9603510971604237,0.935,1.0934129285172172
raw_W50,2385,1.0,0.9603945814528649,0.94,1.0924059621506128
raw_W50,2386,1.0,0.9613373706059616,0.935,1.0969025872464069
raw_W50,2387,1.0,0.9620882161416132,0.96,1.1000001998913664
raw_W50,2388,1.0,0.9622217360945254,0.99,1.0999477771780146
raw_W50,2389,1.0,0.9611656382254675,0.935,1.0961298106899033
raw_W50,2390,1.0,0.9602760718359785,0.96,1.0940479985634546
raw_W50,2391,1.0,0.9604241683218423,0.965,1.09467048528108
raw_W50,2392,1.0,0.9602710314184723,0.96,1.093427447386949
raw_W50,2393,1.0,0.9608462987966496,0.94,1.0946758183747531
raw_W50,2394,1.0,0.9609652772328796,0.955,1.096508111857646
raw_W50,2395,1.0,0.9606007995422172,0.98,1.094127068926319
raw_W50,2396,1.0,0.9594941269865055,0.96,1.092678939609311
raw_W50,2397,1.0,0.9598090196753977,0.965,1.0927933928364095
raw_W50,2398,1.0,0.9596911192339016,0.96,1.09195679555621
raw_W50,2399,1.0,0.9602420418102338,0.96,1.0957982739831673
raw_W50,2400,1.0,0.9602041277151429,0.975,1.0952109544206468
raw_W50,2401,1.0,0.9602162329813768,0.955,1.0944074066125882
raw_W50,2402,1.0,0.9597550128697364,0.97,1.0910921289873174
raw_W50,2403,1.0,0.9594180447034834,0.955,1.0897271098517414
raw_W50,2404,1.0,0.9593217156576022,0.945,1.0889822566287657
raw_W50,2405,1.0,0.9600934201947656,0.96,1.0907618069770078
raw_W50,2406,1.0,0.9601203087054643,0.975,1.0903083017418
raw_W50,2407,1.0,0.9598927972830674,0.955,1.0898770669448603
raw_W50,2408,1.0,0.959960978741388,0.955,1.0902082659474168
raw_W50,2409,1.0,0.9597667162896846,0.965,1.0932673044879797
raw_W50,2410,1.0,0.9596471992349059,0.98,1.0921796122400977
raw_W50,2411,1.0,0.958725490336819,0.945,1.0898980324944558
raw_W50,2412,1.0,0.9600659037779544,0.965,1.0944066233091942
raw_W50,2413,1.0,0.9600498689951903,0.97,1.09379550838994
raw_W50,2414,1.0,0.959913364584493,0.95,1.092325910797154
raw_W50,2415,1.0,0.9596404893574187,0.965,1.0930762567960286
raw_W50,2416,1.0,0.9597244040045523,0.935,1.0932819650753185
raw_W50,2417,1.0,0.9611347846871439,0.985,1.100694018653377
raw_W50,2418,1.0,0.961042924628272,0.935,1.1013522685495916
raw_W50,2419,1.0,0.9621153857223703,0.95,1.1048805094398457
raw_W50,2420,1.0,0.9626462605380749,0.96,1.1069720955385296
raw_W50,2421,1.0,0.9628793089914922,0.96,1.1082887239900694
raw_W50,2422,1.0,0.9634443073815223,0.955,1.1093989263683597
raw_W50,2423,1.0,0.9635397272841582,0.975,1.1102461844490248
raw_W50,2424,1.0,0.9625573275911576,0.96,1.1052976992760066
raw_W50,2425,1.0,0.9624219663823055,0.965,1.1046686799524792
raw_W50,2426,1.0,0.962046506325087,0.975,1.1033861414936696
raw_W50,2427,1.0,0.9608657254915155,0.955,1.0968706898400915
raw_W50,2428,1.0,0.9614799620190772,0.95,1.0995363858708036
raw_W50,2429,1.0,0.9620302801664451,0.96,1.1020079672685188
raw_W50,2430,1.0,0.9618744873785449,0.96,1.1014936480702846
raw_W50,2431,1.0,0.9622917642870967,0.955,1.1041460305208557
raw_W50,2432,1.0,0.9626322243584521,0.945,1.1039339984199033
raw_W50,2433,1.0,0.9627274807935361,0.965,1.103337335614363
raw_W50,2434,1.0,0.9619293126265731,0.95,1.099844904591177
raw_W50,2435,1.0,0.9629275038509132,0.98,1.1044835152745032
raw_W50,2436,1.0,0.9627996741167206,0.975,1.1035037583124019
raw_W50,2437,1.0,0.9616031519082091,0.955,1.097275707054844
raw_W50,2438,1.0,0.9620338926945999,0.95,1.0979303358104093
raw_W50,2439,1.0,0.9631136150541201,0.965,1.1033563603577223
raw_W50,2440,1.0,0.9627523093198869,0.955,1.1010713603261097
raw_W50,2441,1.0,0.9628231435654278,0.97,1.1019760871111395
raw_W50,2442,1.0,0.9629350104051754,0.98,1.1018301548552814
raw_W50,2443,1.0,0.9628562789333066,0.955,1.1009587751551373
raw_W50,2444,1.0,0.9621920329284626,0.95,1.0976776368169487
raw_W50,2445,1.0,0.963010241314571,0.965,1.1012679665189975
raw_W50,2446,1.0,0.9627485181225262,0.97,1.101477034195439
raw_W50,2447,1.0,0.9632356814334703,0.955,1.1036792350690776
raw_W50,2448,1.0,0.9631253052861389,0.975,1.104797846493664
raw_W50,2449,1.0,0.9628694004683562,0.97,1.1041093483052713
raw_W50,2450,1.0,0.9620999489751608,0.98,1.1010383333154632
raw_W50,2451,1.0,0.9618241586950366,0.96,1.0989534203210216
raw_W50,2452,1.0,0.9621365301718464,0.94,1.1008627492679977
raw_W50,2453,1.0,0.9626494007376478,0.975,1.1031911779954677
raw_W50,2454,1.0,0.962154142652961,0.97,1.101437038440077
raw_W50,2455,1.0,0.9620172147187935,0.955,1.1035464616271735
raw_W50,2456,1.0,0.9611493209518612,0.97,1.0988522347383887
raw_W50,2457,1.0,0.9612424387344148,0.96,1.1019645168573424
raw_W50,2458,1.0,0.9615176648654896,0.955,1.1025600691708697
raw_W50,2459,1.0,0.9615139275745278,0.97,1.1040144167974157
raw_W50,2460,1.0,0.9613675334358249,0.965,1.1033098171319766
raw_W50,2461,1.0,0.9617264838221407,0.955,1.1025773679273954
raw_W50,2462,1.0,0.9621496633830534,0.975,1.1035084805429387
raw_W50,2463,1.0,0.9609637921240198,0.995,1.095609104909588
raw_W50,2464,1.0,0.960858707334296,0.97,1.0954695582612501
raw_W50,2465,1.0,0.9599336500207599,0.965,1.0917554676402272
raw_W50,2466,1.0,0.9601596591348628,0.965,1.093580474761329
raw_W50,2467,1.0,0.9588394012311271,0.97,1.0878309658546055
raw_W50,2468,1.0,0.959399650457075,0.93,1.0907939990752706
raw_W50,2469,1.0,0.9604411531936343,0.97,1.0948591708450193
raw_W50,2470,1.0,0.9600124794523126,0.945,1.0911229828708295
raw_W50,2471,1.0,0.9596053727948041,0.965,1.091017755205794
raw_W50,2472,1.0,0.959843919221957,0.935,1.092777344404399
raw_W50,2473,1.0,0.9601146588742986,0.95,1.0953459038693543
raw_W50,2474,1.0,0.9604211911217344,0.95,1.0970144219367226
raw_W50,2475,1.0,0.9609577468905758,0.98,1.1027208326459126
raw_W50,2476,1.0,0.9602828610419075,0.965,1.0999126660012553
raw_W50,2477,1.0,0.9608391210190969,0.945,1.1026252103004985
raw_W50,2478,1.0,0.9610375927780478,0.98,1.1049442303868549
raw_W50,2479,1.0,0.9599827132637809,0.945,1.0990626426801486
raw_W50,2480,1.0,0.9605918589067586,0.97,1.1014021932374303
raw_W50,2481,1.0,0.9604310478189149,0.965,1.0972138920633059
raw_W50,2482,1.0,0.9595252817676916,0.97,1.0937202508505701
raw_W50,2483,1.0,0.9586003835704556,0.945,1.0909754916017795
raw_W50,2484,1.0,0.9588992481126177,0.96,1.0922641633877357
raw_W50,2485,1.0,0.9596285439684076,0.96,1.0919686359806149
raw_W50,2486,1.0,0.9597078346022553,0.965,1.0908475908391415
raw_W50,2487,1.0,0.960200948597149,0.955,1.091812204196528
raw_W50,2488,1.0,0.9601795978753578,0.96,1.0925218813279123
raw_W50,2489,1.0,0.9603607056171215,0.98,1.095246716032065
raw_W50,2490,1.0,0.9606336295106837,0.94,1.0968619964392838
raw_W50,2491,1.0,0.9603474939021255,0.945,1.0958785720752573
raw_W50,2492,1.0,0.9611154753119295,0.955,1.0996829543972413
raw_W50,2493,1.0,0.9616756226869677,0.96,1.102373688924347
raw_W50,2494,1.0,0.9613227655977826,0.965,1.1005055716452048
raw_W50,2495,1.0,0.9614964934493061,0.935,1.103221253018111
raw_W50,2496,1.0,0.9619921111464944,0.97,1.1059413220782097
raw_W50,2497,1.0,0.9621374793061145,0.99,1.1047188803877424
raw_W50,2498,1.0,0.9610534903030259,0.95,1.0974948486630485
raw_W50,2499,1.0,0.9612676995555236,0.995,1.098997741368648
raw_W50,2500,1.0,0.9606694039227476,0.98,1.0944270244987981
raw_W50,2501,1.0,0.9604776654705492,0.945,1.09242351412848
raw_W50,2502,1.0,0.9608033859653671,0.96,1.0918318388599866
raw_W50,2503,1.0,0.9601350772603878,0.935,1.0899283008610932
raw_W50,2504,1.0,0.9606648786354597,0.98,1.0921096165681847
raw_W50,2505,1.0,0.9606367210271398,0.95,1.0926757460648135
raw_W50,2506,1.0,0.9612241892972913,0.955,1.0964978464826514
raw_W50,2507,1.0,0.9608647800343718,0.985,1.0953336555636068
raw_W50,2508,1.0,0.9603229682611802,0.955,1.095541065617172
raw_W50,2509,1.0,0.9597220195423927,0.985,1.091763119055106
raw_W50,2510,1.0,0.9596836671162032,0.965,1.090413899659887
raw_W50,2511,1.0,0.9600129788625443,0.99,1.0935094565198467
raw_W50,2512,1.0,0.9596400454389615,0.955,1.0924545334094329
raw_W50,2513,1.0,0.9602079462097726,0.965,1.095238215682722
raw_W50,2514,1.0,0.9606894569611834,0.95,1.0976733358576376
raw_W50,2515,1.0,0.9616001978250991,0.945,1.1013762027749379
raw_W50,2516,1.0,0.9623833361902396,0.915,1.1083803576143927
raw_W50,2517,1.0,0.962722637857631,0.99,1.1132895151037758
raw_W50,2518,1.0,0.9625085225033757,0.925,1.11146292920825
raw_W50,2519,1.0,0.9633337778737393,0.96,1.1144278078170478
raw_W50,2520,1.0,0.9627010268589848,0.95,1.1111692132644633
raw_W50,2521,1.0,0.9619988503255681,0.99,1.1074951260317518
raw_W50,2522,1.0,0.9613542434775654,0.945,1.1015688149293075
raw_W50,2523,1.0,0.9619670728991352,0.97,1.1032094586137082
raw_W50,2524,1.0,0.9615980433995225,0.96,1.1006889075042583
raw_W50,2525,1.0,0.9616128224022424,0.975,1.0988828723640063
raw_W50,2526,1.0,0.9616405203768656,0.97,1.0994007983244212
raw_W50,2527,1.0,0.9615348201878511,0.95,1.099387877142609
raw_W50,2528,1.0,0.9616441814289908,0.95,1.0998546089338124
raw_W50,2529,1.0,0.9620103799965609,0.955,1.1001423753117685
raw_W50,2530,1.0,0.9619536060025002,0.96,1.0984560073452678
raw_W50,2531,1.0,0.9627386941517243,0.985,1.1014318301472057
raw_W50,2532,1.0,0.9620799240228689,0.955,1.0970169398168996
raw_W50,2533,1.0,0.9625537303883216,0.965,1.1004711854283746
raw_W50,2534,1.0,0.9627053332527535,0.95,1.1003178379414786
raw_W50,2535,1.0,0.9630715228028541,0.965,1.1030841584133482
raw_W50,2536,1.0,0.963218043347274,0.98,1.1021543942091296
raw_W50,2537,1.0,0.9626369483428605,0.965,1.1004364290707425
raw_W50,2538,1.0,0.9618635314551824,0.945,1.0982086884965991
raw_W50,2539,1.0,0.9614484796812295,0.96,1.0966661716331014
raw_W50,2540,1.0,0.9617295711679189,0.96,1.0993826231240849
raw_W50,2541,1.0,0.9610431459995169,0.965,1.0959784656478526
raw_W50,2542,1.0,0.9604333676823993,0.97,1.0945341192704532
raw_W50,2543,1.0,0.9604180984073329,0.97,1.09287733708213
raw_W50,2544,1.0,0.9598985698319327,0.97,1.0912303068764315
raw_W50,2545,1.0,0.9601873287463099,0.97,1.0912339042763615
raw_W50,2546,1.0,0.9605421282152339,0.965,1.0948201596414302
raw_W50,2547,1.0,0.9602665956031267,0.96,1.0956349224767385
raw_W50,2548,1.0,0.9604155989310739,0.97,1.0970376726262367
raw_W50,2549,1.0,0.9607084489694673,0.98,1.0973381607147288
raw_W50,2550,1.0,0.9606481114617832,0.975,1.0973388014157963
raw_W50,2551,1.0,0.9609556423790474,0.95,1.0990277236140944
raw_W50,2552,1.0,0.9610775809195409,0.955,1.0990480172902355
raw_W50,2553,1.0,0.9607023051730021,0.965,1.0979597631026958
raw_W50,2554,1.0,0.9599615704741171,0.96,1.0949579643441212
raw_W50,2555,1.0,0.960780670272591,0.96,1.0976544763770741
raw_W50,2556,1.0,0.9611014955243289,0.965,1.0999709353199416
raw_W50,2557,1.0,0.9607546460097808,0.97,1.0988364249263338
raw_W50,2558,1.0,0.9607456660497985,0.96,1.0971855995154285
raw_W50,2559,1.0,0.9600679180801751,0.965,1.0947237411910673
raw_W50,2560,1.0,0.9598759074253406,0.955,1.0950009726167134
raw_W50,2561,1.0,0.9596207047429963,0.94,1.0951466377013566
raw_W50,2562,1.0,0.9606657978615182,0.97,1.0997749872668166
raw_W50,2563,1.0,0.9598934463090315,0.96,1.0967090542075022
raw_W50,2564,1.0,0.9596689371910432,0.965,1.092771029273159
raw_W50,2565,1.0,0.9592262324386642,0.955,1.090505250529229
raw_W50,2566,1.0,0.9595170965126286,0.945,1.0931312942351723
raw_W50,2567,1.0,0.9587159051541508,0.955,1.0895570823347407
raw_W50,2568,1.0,0.9589266958737624,0.975,1.090943353948751
raw_W50,2569,1.0,0.9579689746815041,0.965,1.0869778133411518
raw_W50,2570,1.0,0.9581467454475614,0.965,1.0875240103943873
raw_W50,2571,1.0,0.9575607430531303,0.955,1.0853063056845627
raw_W50,2572,1.0,0.9573727169433768,0.98,1.0858025153733362
raw_W50,2573,1.0,0.9567499535879892,0.965,1.0812897203355027
raw_W50,2574,1.0,0.9568325117702381,0.96,1.0834275921757917
raw_W50,2575,1.0,0.9570464549834906,0.96,1.0848508484380142
raw_W50,2576,1.0,0.957018198772726,0.935,1.0860490299332348
raw_W50,2577,1.0,0.9576881117933211,0.965,1.0882964182431638
raw_W50,2578,1.0,0.9574271253904045,0.96,1.08678427513334
raw_W50,2579,1.0,0.9574429975233,0.95,1.08722465326617
raw_W50,2580,1.0,0.9571383367900625,0.97,1.0856445367819088
raw_W50,2581,1.0,0.957577749884271,0.955,1.087537981645746
raw_W50,2582,1.0,0.9579199536920516,0.93,1.088512103162353
raw_W50,2583,1.0,0.9584039357472183,0.945,1.089679949072906
raw_W50,2584,1.0,0.9593068697835343,0.955,1.0927903411742552
raw_W50,2585,1.0,0.9595592505817788,0.925,1.0947305329683845
raw_W50,2586,1.0,0.9603786667099661,0.96,1.0976543618524055
raw_W50,2587,1.0,0.9605788541853232,0.985,1.098275156790993
raw_W50,2588,1.0,0.9606973779202056,0.965,1.098444283441415
raw_W50,2589,1.0,0.9609025382820862,0.94,1.0993075098545004
raw_W50,2590,1.0,0.9614998428716471,0.955,1.1022107807204236
raw_W50,2591,1.0,0.9618474160838352,0.945,1.104579931708482
raw_W50,2592,1.0,0.9627387081631832,0.93,1.1067087672724032
raw_W50,2593,1.0,0.9627439602302202,0.965,1.1088757112943437
raw_W50,2594,1.0,0.9626493433215054,0.955,1.1098376689835796
raw_W50,2595,1.0,0.9627105742390185,0.97,1.1104158597802434
raw_W50,2596,1.0,0.9631607189598111,0.965,1.111937379213639
raw_W50,2597,1.0,0.963363419508349,0.96,1.1133974501074302
raw_W50,2598,1.0,0.9636079495362858,0.96,1.1136533068156727
raw_W50,2599,1.0,0.9637300327364804,0.95,1.1150324534215015
ewma_W250,1000,1.0,0.952167000937323,0.95,1.0466861195918742
ewma_W250,1001,1.0,0.9519867487254657,0.92,1.0492904121485842
ewma_W250,1002,1.0,0.9526111999223965,0.945,1.0523592718760388
ewma_W250,1003,1.0,0.9539505062588673,0.98,1.057695774556337
ewma_W250,1004,1.0,0.9524902972941092,0.955,1.0502966623706846
ewma_W250,1005,1.0,0.9530992717069096,0.955,1.049879176039543
ewma_W250,1006,1.0,0.9522051619855272,0.965,1.0448163096862257
ewma_W250,1007,1.0,0.9520591274069881,0.94,1.0462099638349311
ewma_W250,1008,1.0,0.9519650332795666,0.935,1.0452661260134488
ewma_W250,1009,1.0,0.9525788775049986,0.96,1.049713725921225
ewma_W250,1010,1.0,0.9527758033354174,0.945,1.0510257473108249
ewma_W250,1011,1.0,0.9525764972099239,0.965,1.0484781983991303
ewma_W250,1012,1.0,0.952560580638265,0.935,1.048687077746132
ewma_W250,1013,1.0,0.9525130938381124,0.98,1.0489848036498213
ewma_W250,1014,1.0,0.9516258386920537,0.965,1.045653035722591
ewma_W250,1015,1.0,0.9511643074240611,0.975,1.0422685836568888
ewma_W250,1016,1.0,0.9506077538523428,0.965,1.0398952705313957
ewma_W250,1017,1.0,0.9500729969074186,0.94,1.039687384159949
ewma_W250,1018,1.0,0.9513600337544661,0.945,1.0444464749742188
ewma_W250,1019,1.0,0.9516792428137912,0.955,1.0449439033822592
ewma_W250,1020,1.0,0.9508439530583763,0.925,1.0413421662830067
ewma_W250,1021,1.0,0.9528331813391964,0.975,1.0511326187767167
ewma_W250,1022,1.0,0.9519449387242784,0.935,1.0475209093679783
ewma_W250,1023,1.0,0.9533553221181417,0.97,1.0522832065960044
ewma_W250,1024,1.0,0.9525493482618392,0.975,1.0477834692063335
ewma_W250,1025,1.0,0.950702549356929,0.955,1.03789637936801
ewma_W250,1026,1.0,0.9510254909528316,0.91,1.0413779839957067
ewma_W250,1027,1.0,0.9518024305262638,0.96,1.0469256090809547
ewma_W250,1028,1.0,0.9513875846263903,0.925,1.0448692870915992
ewma_W250,1029,1.0,0.9522782227653344,0.96,1.0501942725265934
ewma_W250,1030,1.0,0.9517651712364554,0.96,1.0483324669747218
ewma_W250,1031,1.0,0.9519438770524326,0.935,1.0481050374027228
ewma_W250,1032,1.0,0.9521965792562957,0.93,1.0467091746909298
ewma_W250,1033,1.0,0.9530600015468644,0.95,1.0508061019200468
ewma_W250,1034,1.0,0.9524432019912616,0.95,1.0522491247088284
ewma_W250,1035,1.0,0.9522699491100383,0.945,1.0518468114423285
ewma_W250,1036,1.0,0.9520746230269236,0.96,1.0507708427598985
ewma_W250,1037,1.0,0.9518603496338333,0.94,1.0489044943021184
ewma_W250,1038,1.0,0.9534452066422228,0.955,1.0514261625163235
ewma_W250,1039,1.0,0.9524816639400171,0.955,1.0486451514831883
ewma_W250,1040,1.0,0.9534130594333486,0.96,1.0531827143855466
ewma_W250,1041,1.0,0.9521876115000965,0.96,1.0488656819706688
ewma_W250,1042,1.0,0.9517589482196672,0.925,1.0483909605822015
ewma_W250,1043,1.0,0.9527198763842389,0.97,1.0533961860239194
ewma_W250,1044,1.0,0.9514883823663243,0.965,1.0510488147721695
ewma_W250,1045,1.0,0.9513729060623131,0.92,1.0489858612827792
ewma_W250,1046,1.0,0.9526997414195736,0.955,1.054154628167877
ewma_W250,1047,1.0,0.9524243040348236,0.965,1.0532143241662655
ewma_W250,1048,1.0,0.952806201988744,0.95,1.0532487016214185
ewma_W250,1049,1.0,0.9527957156596042,0.95,1.054805035019154
ewma_W250,1050,1.0,0.9537983945398597,0.955,1.060299196257593
ewma_W250,1051,1.0,0.9536829214440695,0.945,1.060136147343226
ewma_W250,1052,1.0,0.9536575566035853,0.96,1.0640544366284015
ewma_W250,1053,1.0,0.954000887763813,0.95,1.0649119157040887
ewma_W250,1054,1.0,0.9541486980129252,0.945,1.0650829047563641
ewma_W250,1055,1.0,0.9541073999171691,0.95,1.064985077438362
ewma_W250,1056,1.0,0.9549028001656135,0.955,1.0674174897100013
ewma_W250,1057,1.0,0.9544942902074043,0.98,1.063095351452744
ewma_W250,1058,1.0,0.9533169579078252,0.975,1.058749379366209
ewma_W250,1059,1.0,0.9526643468903156,0.95,1.0540097252667093
ewma_W250,1060,1.0,0.9519967563865643,0.945,1.052043339107624
ewma_W250,1061,1.0,0.9524869344071755,0.94,1.052348973430155
ewma_W250,1062,1.0,0.9525220474736713,0.955,1.0532392684168839
ewma_W250,1063,1.0,0.953021849767047,0.955,1.056234716430631
ewma_W250,1064,1.0,0.9523955941873848,0.925,1.0539237535342134
ewma_W250,1065,1.0,0.9533172595350411,0.975,1.0577914282503145
ewma_W250,1066,1.0,0.952735502506442,0.99,1.0535326747394433
ewma_W250,1067,1.0,0.9516089800433,0.965,1.0481357430123517
ewma_W250,1068,1.0,0.9509307019176205,0.935,1.0461179550293085
ewma_W250,1069,1.0,0.950912049583091,0.945,1.0452888064626882
ewma_W250,1070,1.0,0.9507662974659365,0.96,1.0485694402696744
ewma_W250,1071,1.0,0.9503993909446293,0.96,1.0468380464147555
ewma_W250,1072,1.0,0.9507259003808725,0.95,1.0466081489003625
ewma_W250,1073,1.0,0.9511477013786027,0.92,1.0463757823749629
ewma_W250,1074,1.0,0.9523161058450944,0.94,1.0520539024070275
ewma_W250,1075,1.0,0.953125989454553,0.95,1.0536102341901192
ewma_W250,1076,1.0,0.9529958357504185,0.945,1.052212350405907
ewma_W250,1077,1.0,0.9533426309388223,0.95,1.056081099779083
ewma_W250,1078,1.0,0.9539214861370533,0.945,1.0579296145854442
ewma_W250,1079,1.0,0.9541162987720169,0.97,1.0598268652324714
ewma_W250,1080,1.0,0.9544711926030253,0.94,1.0595020921521838
ewma_W250,1081,1.0,0.9541058371617609,0.96,1.0588575476241133
ewma_W250,1082,1.0,0.9538843860861008,0.94,1.0569074973438513
ewma_W250,1083,1.0,0.9539041696028496,0.96,1.0589383992095074
ewma_W250,1084,1.0,0.9542537162849568,0.955,1.0585872227147521
ewma_W250,1085,1.0,0.9535710607586444,0.94,1.0546945008179707
ewma_W250,1086,1.0,0.9532447487144071,0.96,1.052917471618797
ewma_W250,1087,1.0,0.9528585759112361,0.945,1.0512257752839396
ewma_W250,1088,1.0,0.9526124712103697,0.945,1.0503113065519076
ewma_W250,1089,1.0,0.9548323426191933,0.94,1.060598590013665
ewma_W250,1090,1.0,0.9551779157503384,0.94,1.0637271075334949
ewma_W250,1091,1.0,0.9560296757698474,0.945,1.0659602059017426
ewma_W250,1092,1.0,0.9553859121203897,0.98,1.0630776230739503
ewma_W250,1093,1.0,0.9542357166645522,0.98,1.0587085709648496
ewma_W250,1094,1.0,0.9536063915161145,0.935,1.0572540764379619
ewma_W250,1095,1.0,0.9544932248492998,0.975,1.0614396026209274
ewma_W250,1096,1.0,0.9526616933677038,0.965,1.0537940255114346
ewma_W250,1097,1.0,0.9517113363624448,0.95,1.04927676507195
ewma_W250,1098,1.0,0.9521698887440402,0.95,1.0514272138301755
ewma_W250,1099,1.0,0.9527303214317294,0.965,1.0529836509719865
ewma_W250,1100,1.0,0.9533832678275209,0.925,1.05412395677853
ewma_W250,1101,1.0,0.9543885751802452,0.935,1.0606359751972845
ewma_W250,1102,1.0,0.9549807516815488,0.955,1.064402881805411
ewma_W250,1103,1.0,0.9551889751864673,0.965,1.0645178020286197
ewma_W250,1104,1.0,0.9548241857790498,0.93,1.0618631096688083
ewma_W250,1105,1.0,0.9557648086766639,0.955,1.0658877740668726
ewma_W250,1106,1.0,0.9561809430977106,0.95,1.070724014144552
ewma_W250,1107,1.0,0.9553959639087864,0.97,1.0678612462513262
ewma_W250,1108,1.0,0.9551541901884673,0.93,1.0690038751076405
ewma_W250,1109,1.0,0.9556399646053049,0.95,1.0681212352076537
ewma_W250,1110,1.0,0.9557294385883911,0.96,1.0705363380914386
ewma_W250,1111,1.0,0.9547600051042002,0.955,1.0674046654262448
ewma_W250,1112,1.0,0.9551997175431464,0.975,1.0676730111704418
ewma_W250,1113,1.0,0.9543106884575233,0.965,1.062597739449852
ewma_W250,1114,1.0,0.9544160203666396,0.94,1.061056085205585
ewma_W250,1115,1.0,0.9543180904575599,0.95,1.0625663220063615
ewma_W250,1116,1.0,0.9563069503505802,0.94,1.0688960081523395
ewma_W250,1117,1.0,0.9574287172391422,0.93,1.0734215760105315
ewma_W250,1118,1.0,0.9579965399119797,0.945,1.0755475384487483
ewma_W250,1119,1.0,0.9584265217088066,0.98,1.07736434545945
ewma_W250,1120,1.0,0.9572119048968443,0.955,1.0704785726994863
ewma_W250,1121,1.0,0.9564663796622671,0.955,1.0697205419996343
ewma_W250,1122,1.0,0.9567564163241923,0.96,1.0721525830507321
ewma_W250,1123,1.0,0.9569003861328939,0.97,1.0698606953409444
ewma_W250,1124,1.0,0.9561173932825809,0.945,1.067502797059997
ewma_W250,1125,1.0,0.9559118002131379,0.95,1.06405939105782
ewma_W250,1126,1.0,0.9560032298622724,0.945,1.063968551776312
ewma_W250,1127,1.0,0.955836908516047,0.94,1.0670159898667597
ewma_W250,1128,1.0,0.9560431596527355,0.98,1.0695605210843848
ewma_W250,1129,1.0,0.954784574479023,0.955,1.0645833201121782
ewma_W250,1130,1.0,0.9543584073561998,0.935,1.061801316793765
ewma_W250,1131,1.0,0.955288382182336,0.94,1.066090081665269
ewma_W250,1132,1.0,0.9552943550106796,0.955,1.0685493553010585
ewma_W250,1133,1.0,0.955247408875962,0.96,1.068809455986602
ewma_W250,1134,1.0,0.9543808173348279,0.93,1.0657176997198683
ewma_W250,1135,1.0,0.954935155976998,0.955,1.0679782538890887
ewma_W250,1136,1.0,0.954507748193268,0.94,1.0665060465713057
ewma_W250,1137,1.0,0.9548940484227072,0.955,1.0686532510166953
ewma_W250,1138,1.0,0.9547144612584328,0.97,1.0669173000185037
ewma_W250,1139,1.0,0.9543146708682612,0.96,1.0650636958265767
ewma_W250,1140,1.0,0.9539090453047013,0.965,1.0621299949238352
ewma_W250,1141,1.0,0.9530516331612031,0.975,1.0593859204235914
ewma_W250,1142,1.0,0.9524684037228346,0.95,1.0551262572446705
ewma_W250,1143,1.0,0.9527310298587625,0.94,1.0579259646866965
ewma_W250,1144,1.0,0.9527753437998043,0.93,1.0595418814835136
ewma_W250,1145,1.0,0.9541073069741732,0.95,1.065775779438626
ewma_W250,1146,1.0,0.9542758282098543,0.935,1.064981806772996
ewma_W250,1147,1.0,0.9540716551476316,0.955,1.0676508914889324
ewma_W250,1148,1.0,0.9545103535188006,0.965,1.0662760640777598
ewma_W250,1149,1.0,0.9541168097655651,0.925,1.0628575744853146
ewma_W250,1150,1.0,0.9541245172899633,0.965,1.0622875117799921
ewma_W250,1151,1.0,0.9532992754861168,0.955,1.0570684225156401
ewma_W250,1152,1.0,0.9534138111169977,0.96,1.055589403809772
ewma_W250,1153,1.0,0.9535072953534629,0.945,1.0550623648678483
ewma_W250,1154,1.0,0.9533292442408593,0.98,1.0551229163614573
ewma_W250,1155,1.0,0.9526591231921653,0.935,1.0520044047848645
ewma_W250,1156,1.0,0.9528162923423357,0.945,1.0542013778813142
ewma_W250,1157,1.0,0.9529779106488919,0.94,1.0544757008527412
ewma_W250,1158,1.0,0.953641472586686,0.945,1.0549015484003457
ewma_W250,1159,1.0,0.9542873293890338,0.965,1.0593826000889424
ewma_W250,1160,1.0,0.9536657930283983,0.945,1.0558660264180506
ewma_W250,1161,1.0,0.9541585745582737,0.97,1.0575154518606524
ewma_W250,1162,1.0,0.9535913027391942,0.96,1.0545718746195458
ewma_W250,1163,1.0,0.9536849611152158,0.97,1.0543840617207352
ewma_W250,1164,1.0,0.9524216203629284,0.96,1.0490370279094154
ewma_W250,1165,1.0,0.95218678548438,0.91,1.04819161422724
ewma_W250,1166,1.0,0.9538764619327706,0.97,1.0576725365088906
ewma_W250,1167,1.0,0.9529743171681521,0.965,1.0536808273843363
ewma_W250,1168,1.0,0.9520242497665421,0.935,1.0492596536010785
ewma_W250,1169,1.0,0.9530903528842589,0.95,1.0521183477675151
ewma_W250,1170,1.0,0.9541096295484255,0.94,1.0586548014646178
ewma_W250,1171,1.0,0.9550126342317412,0.955,1.0658629475738932
ewma_W250,1172,1.0,0.9542638118879846,0.965,1.063810086777722
ewma_W250,1173,1.0,0.9532693071918394,0.945,1.0577152005303054
ewma_W250,1174,1.0,0.9536923433774125,0.945,1.0604460359393215
ewma_W250,1175,1.0,0.9543563281880193,0.935,1.0638901008210635
ewma_W250,1176,1.0,0.9550813329552963,0.96,1.0651780386261538
ewma_W250,1177,1.0,0.9551937203508919,0.96,1.0657446422264372
ewma_W250,1178,1.0,0.9547169381607824,0.92,1.0636292659322641
ewma_W250,1179,1.0,0.9559220904458777,0.95,1.065477200856978
ewma_W250,1180,1.0,0.955032546589613,0.935,1.0632263483775475
ewma_W250,1181,1.0,0.9549157430281907,0.965,1.0652092656706023
ewma_W250,1182,1.0,0.9545027321147712,0.95,1.063941874996967
ewma_W250,1183,1.0,0.9553223810384182,0.96,1.0680605520171436
ewma_W250,1184,1.0,0.9550393490660518,0.95,1.0637552659662126
ewma_W250,1185,1.0,0.9551931045290846,0.965,1.0636751731892706
ewma_W250,1186,1.0,0.95420785543367,0.955,1.0602463795429917
ewma_W250,1187,1.0,0.9542509027480816,0.965,1.0608691122664147
ewma_W250,1188,1.0,0.95361078695982,0.945,1.0563666673826233
ewma_W250,1189,1.0,0.9552381341027976,0.945,1.0613281530421375
ewma_W250,1190,1.0,0.9555722958368065,0.94,1.0614759145850567
ewma_W250,1191,1.0,0.9554456583444516,0.96,1.0620917769723477
ewma_W250,1192,1.0,0.9549676777518659,0.945,1.060037806920127
ewma_W250,1193,1.0,0.954663785395984,0.94,1.0624254488058384
ewma_W250,1194,1.0,0.9547833785289995,0.96,1.062670770182151
ewma_W250,1195,1.0,0.954911360618963,0.985,1.060554282101501
ewma_W250,1196,1.0,0.9529723730776931,0.965,1.0525529466803938
ewma_W250,1197,1.0,0.9526796763510774,0.925,1.0516239543929344
ewma_W250,1198,1.0,0.9536307702313377,0.94,1.0551607345599456
ewma_W250,1199,1.0,0.9546055882601248,0.94,1.0599659551789842
ewma_W250,1200,3.0,0.5098600548359126,0.425,0.353585636117903
ewma_W250,1201,3.0,0.5974985097045807,0.585,0.4386351893161598
ewma_W250,1202,3.0,0.6567553192900966,0.585,0.5015422607974069
ewma_W250,1203,3.0,0.7126863355839133,0.75,0.5629303463638824
ewma_W250,1204,3.0,0.7438661860473976,0.76,0.602830912499638
ewma_W250,1205,3.0,0.7708540376159445,0.75,0.6412726144474677
ewma_W250,1206,3.0,0.7980490992230971,0.775,0.6846532355451892
ewma_W250,1207,3.0,0.8207283240438212,0.82,0.7218492275834325
ewma_W250,1208,3.0,0.8392426601587673,0.835,0.7574765450212098
ewma_W250,1209,3.0,0.8569081132701477,0.84,0.7901530527151137
ewma_W250,1210,3.0,0.871397681940912,0.84,0.8186113781355867
ewma_W250,1211,3.0,0.8817838531298272,0.915,0.8424162757559737
ewma_W250,1212,3.0,0.8895015973547242,0.845,0.8583884597405941
ewma_W250,1213,3.0,0.8998529001177414,0.905,0.8826952147949453
ewma_W250,1214,3.0,0.907112884616441,0.935,0.9008674846883044
ewma_W250,1215,3.0,0.9116071672002186,0.92,0.9116267541392873
ewma_W250,1216,3.0,0.9167216649415542,0.93,0.9281645469425726
ewma_W250,1217,3.0,0.920004084642323,0.91,0.9396681870701212
ewma_W250,1218,3.0,0.9254115656520738,0.92,0.952442693732846
ewma_W250,1219,3.0,0.9281258136022333,0.935,0.9644703156910345
ewma_W250,1220,3.0,0.9306832688791453,0.915,0.9734491983865441
ewma_W250,1221,3.0,0.9341305195803241,0.95,0.9852529583006685
ewma_W250,1222,3.0,0.9363023574815638,0.925,0.9915037157742986
ewma_W250,1223,3.0,0.9386080654045565,0.94,1.0008232627061935
ewma_W250,1224,3.0,0.9401266446037766,0.945,1.0058898626366013
ewma_W250,1225,3.0,0.9427963701932933,0.95,1.0156153648475796
ewma_W250,1226,3.0,0.9443742933530789,0.935,1.022146465567908
ewma_W250,1227,3.0,0.9458178792818341,0.935,1.0363358643188882
ewma_W250,1228,3.0,0.9478873215685922,0.935,1.0452923207275555
ewma_W250,1229,3.0,0.948944118696819,0.965,1.0498833310621787
ewma_W250,1230,3.0,0.9495405631970891,0.955,1.055331802389943
ewma_W250,1231,3.0,0.9514257652535519,0.94,1.0599324009071338
ewma_W250,1232,3.0,0.9539216965305408,0.955,1.0697564758318439
ewma_W250,1233,3.0,0.9558344230222424,0.96,1.074370685808374
ewma_W250,1234,3.0,0.9570260822977041,0.95,1.0769351583306725
ewma_W250,1235,3.0,0.9572080116243465,0.945,1.0790039222709338
ewma_W250,1236,3.0,0.9595649859010723,0.965,1.09056644538459
ewma_W250,1237,3.0,0.960749792448548,0.955,1.0964859717374347
ewma_W250,1238,3.0,0.9616068061611684,0.975,1.1017751846433859
ewma_W250,1239,3.0,0.9608484938016568,0.95,1.0972635055134994
ewma_W250,1240,3.0,0.9616009570602249,0.955,1.100160444942341
ewma_W250,1241,3.0,0.9622608661573565,0.94,1.1050037125619923
ewma_W250,1242,3.0,0.962102455452177,0.95,1.1069608359875616
ewma_W250,1243,3.0,0.963200231490178,0.97,1.111464608291148
ewma_W250,1244,3.0,0.9629935182151579,0.97,1.1113770232608022
ewma_W250,1245,3.0,0.9629001709541782,0.98,1.1119016185764814
ewma_W250,1246,3.0,0.9629047791424908,0.95,1.1137862159092808
ewma_W250,1247,3.0,0.9639555363010989,0.96,1.1171504199946676
ewma_W250,1248,3.0,0.9634830472901144,0.97,1.116114116183628
ewma_W250,1249,3.0,0.9642035390498376,0.965,1.1170198857252516
ewma_W250,1250,3.0,0.9646544808366913,0.97,1.1205083190942386
ewma_W250,1251,3.0,0.9645495865053273,0.97,1.121280311501433
ewma_W250,1252,3.0,0.964973794138917,0.97,1.1231450107989795
ewma_W250,1253,3.0,0.9649015638260576,0.955,1.1239493168904
ewma_W250,1254,3.0,0.9649702294784654,0.945,1.1250252563612335
ewma_W250,1255,3.0,0.9645811555706492,0.945,1.1270622752115322
ewma_W250,1256,3.0,0.9656960496934371,0.97,1.13250971810183
ewma_W250,1257,3.0,0.9656450217228771,0.985,1.1356092492932406
ewma_W250,1258,3.0,0.9661730206790381,0.99,1.140226651745885
ewma_W250,1259,3.0,0.9654804473622701,0.975,1.1353375125661453
ewma_W250,1260,3.0,0.9640902016012336,0.965,1.127224527282568
ewma_W250,1261,3.0,0.9635426187570133,0.955,1.125741907207715
ewma_W250,1262,3.0,0.964493774740651,0.98,1.1272425324375774
ewma_W250,1263,3.0,0.9648004293678544,0.965,1.1246835341541022
ewma_W250,1264,3.0,0.9642888171990965,0.98,1.123655914800151
ewma_W250,1265,3.0,0.9640504775415905,0.98,1.1232516012245646
ewma_W250,1266,3.0,0.9637550089018058,0.97,1.1222766778403477
ewma_W250,1267,3.0,0.9640714815823537,0.965,1.1221797892197316
ewma_W250,1268,3.0,0.9641302857563975,0.965,1.1193999198355187
ewma_W250,1269,3.0,0.9640226069699642,0.945,1.1171990275891934
ewma_W250,1270,3.0,0.9638242559811772,0.955,1.1193152681841756
ewma_W250,1271,3.0,0.9641758823274874,0.95,1.1194098428061756
ewma_W250,1272,3.0,0.9646182885963296,0.96,1.1247598970424935
ewma_W250,1273,3.0,0.9652163393116896,0.965,1.1249785021907843
ewma_W250,1274,3.0,0.9651076951111693,0.955,1.1276802811015407
ewma_W250,1275,3.0,0.96494010159986,0.97,1.1289514265924017
ewma_W250,1276,3.0,0.9647019907135396,0.965,1.127989916193932
ewma_W250,1277,3.0,0.9646638810884676,0.975,1.1261107106033108
ewma_W250,1278,3.0,0.9649685968995817,0.95,1.1250526654503445
ewma_W250,1279,3.0,0.9652885641142623,0.975,1.1278344207699105
ewma_W250,1280,3.0,0.9655516935384167,0.94,1.1284984210031763
ewma_W250,1281,3.0,0.9656511130721599,0.96,1.1269815714907665
ewma_W250,1282,3.0,0.9653580827973264,0.98,1.1279817498085583
ewma_W250,1283,3.0,0.9642625275118075,0.965,1.122079768075106
ewma_W250,1284,3.0,0.9647821884645026,0.975,1.123759305220526
ewma_W250,1285,3.0,0.9652267965437673,0.96,1.125634652599188
ewma_W250,1286,3.0,0.9651976381186196,0.975,1.1257116442585553
ewma_W250,1287,3.0,0.9649542057048893,0.975,1.1253496867468793
ewma_W250,1288,3.0,0.9648369731692672,0.96,1.125954087972097
ewma_W250,1289,3.0,0.9651895937527216,0.96,1.131167659850209
ewma_W250,1290,3.0,0.9655640606791792,0.945,1.1308090030145137
ewma_W250,1291,3.0,0.9654599553042885,0.97,1.1322102800126688
ewma_W250,1292,3.0,0.9657974879050328,0.965,1.134849046433213
ewma_W250,1293,3.0,0.9657804919739036,0.95,1.1341132922577142
ewma_W250,1294,3.0,0.9663056527836865,0.975,1.1337071968601413
ewma_W250,1295,3.0,0.9661988256520867,0.975,1.1341931554543518
ewma_W250,1296,3.0,0.9650151379856784,0.975,1.126073628487049
ewma_W250,1297,3.0,0.9643813514333368,0.95,1.1238226846448345
ewma_W250,1298,3.0,0.9656879169600073,0.96,1.1326705199285596
ewma_W250,1299,3.0,0.9662155321061747,0.955,1.1328269207440287
ewma_W250,1300,3.0,0.966764775302825,0.95,1.1370928758864276
ewma_W250,1301,3.0,0.9667278383828579,0.96,1.1372488216452243
ewma_W250,1302,3.0,0.9663813011457449,0.98,1.1392784877022095
ewma_W250,1303,3.0,0.9663496975813811,0.97,1.1394444977568634
ewma_W250,1304,3.0,0.9664250620597806,0.945,1.1384983513993896
ewma_W250,1305,3.0,0.967566548683786,0.94,1.1451113215476716
ewma_W250,1306,3.0,0.9682025557469452,0.985,1.1522775130734895
ewma_W250,1307,3.0,0.9678922435960032,0.965,1.1511880559097154
ewma_W250,1308,3.0,0.9680178827689387,0.965,1.152884918388554
ewma_W250,1309,3.0,0.9679256521548883,0.975,1.1519802022884165
ewma_W250,1310,3.0,0.9669472230622338,0.95,1.1466123700789181
ewma_W250,1311,3.0,0.9679989629407154,0.975,1.1539483645816204
ewma_W250,1312,3.0,0.9671028842033591,0.95,1.1467015666719218
ewma_W250,1313,3.0,0.967536697919793,0.995,1.1515621883523801
ewma_W250,1314,3.0,0.9669113323393108,0.95,1.1435487453367492
ewma_W250,1315,3.0,0.9673407570745483,0.97,1.1463657950836108
ewma_W250,1316,3.0,0.9683670751971676,0.97,1.1508955601021187
ewma_W250,1317,3.0,0.967981641442967,0.98,1.1478520928561948
ewma_W250,1318,3.0,0.9670289686394122,0.945,1.141542145641219
ewma_W250,1319,3.0,0.9675195147085137,0.965,1.1433395980299195
ewma_W250,1320,3.0,0.9675795621438578,0.975,1.1447160865342827
ewma_W250,1321,3.0,0.9681590854890381,0.965,1.1492931096514627
ewma_W250,1322,3.0,0.968251068326517,1.0,1.1483298773639945
ewma_W250,1323,3.0,0.9664945090313202,0.97,1.1363028428277493
ewma_W250,1324,3.0,0.9658730808457332,0.975,1.1339172363995025
ewma_W250,1325,3.0,0.966250358283824,0.96,1.1343232697917656
ewma_W250,1326,3.0,0.9662813874781857,0.95,1.1355157705928471
ewma_W250,1327,3.0,0.9671121882972598,0.965,1.1364460790809556
ewma_W250,1328,3.0,0.9665458009833017,0.985,1.1348828354310958
ewma_W250,1329,3.0,0.9654173599106594,0.97,1.1289445508351112
ewma_W250,1330,3.0,0.9656926544583717,0.965,1.129111585114169
ewma_W250,1331,3.0,0.9651150019530713,0.98,1.1258209958570042
ewma_W250,1332,3.0,0.9649365795936826,0.94,1.123815421477664
ewma_W250,1333,3.0,0.9658332695510492,0.97,1.1275096498145967
ewma_W250,1334,3.0,0.9661914463300516,0.965,1.1315656620760581
ewma_W250,1335,3.0,0.9655708125393057,0.96,1.1294860245417901
ewma_W250,1336,3.0,0.966186865679067,0.945,1.1317403441980125
ewma_W250,1337,3.0,0.96716934708646,0.945,1.1390611682933987
ewma_W250,1338,3.0,0.9677203692084594,0.98,1.143432294531196
ewma_W250,1339,3.0,0.9675088847846913,0.97,1.1401424365304997
ewma_W250,1340,3.0,0.9680972414278003,0.95,1.1439229022732775
ewma_W250,1341,3.0,0.9674804329010507,0.95,1.1409437217707101
ewma_W250,1342,3.0,0.9680787641195114,0.94,1.1453198592856375
ewma_W250,1343,3.0,0.9687327189227559,0.975,1.1539275105453408
ewma_W250,1344,3.0,0.9687430355373138,0.99,1.1523494485826484
ewma_W250,1345,3.0,0.9680333844619213,0.965,1.1439256351551583
ewma_W250,1346,3.0,0.9676949913279587,0.97,1.144666204214041
ewma_W250,1347,3.0,0.9670558303258833,0.975,1.141686590391305
ewma_W250,1348,3.0,0.967127896792492,0.985,1.1418980190291521
ewma_W250,1349,3.0,0.9661844537201812,0.975,1.1342477483918914
ewma_W250,1350,3.0,0.9666909817142494,0.96,1.13750445417771
ewma_W250,1351,3.0,0.9670064587948078,0.965,1.1383079726195537
ewma_W250,1352,3.0,0.9673260173508876,0.975,1.1408446822548235
ewma_W250,1353,3.0,0.9671160386807235,0.955,1.1410765548565132
ewma_W250,1354,3.0,0.9679466185959709,0.98,1.1436486410334823
ewma_W250,1355,3.0,0.9674119494893146,0.97,1.1380864543717484
ewma_W250,1356,3.0,0.9671921133757385,0.965,1.137923757343723
ewma_W250,1357,3.0,0.9670655762668215,0.94,1.134287131412707
ewma_W250,1358,3.0,0.9677008316109815,0.955,1.1387065143214599
ewma_W250,1359,3.0,0.9683738387770704,0.96,1.1447323065946384
ewma_W250,1360,3.0,0.9681046555831293,0.97,1.1435815603358295
ewma_W250,1361,3.0,0.9677991451470828,0.985,1.1436094934450862
ewma_W250,1362,3.0,0.966825235251535,0.97,1.139947766505231
ewma_W250,1363,3.0,0.9664338939170866,0.985,1.1400473134973945
ewma_W250,1364,3.0,0.9666448244610458,0.94,1.1438701699198226
ewma_W250,1365,3.0,0.9678264683899923,0.97,1.1510225466579076
ewma_W250,1366,3.0,0.9679275492343505,0.96,1.1526809041800754
ewma_W250,1367,3.0,0.9681974116821799,0.95,1.1537458098085724
ewma_W250,1368,3.0,0.9686135231373918,0.98,1.154075472311931
ewma_W250,1369,3.0,0.9682006662388448,0.965,1.1515048934569572
ewma_W250,1370,3.0,0.9676495687058443,0.99,1.1520426243273179
ewma_W250,1371,3.0,0.9669888812962932,0.965,1.147121239938165
ewma_W250,1372,3.0,0.9668702128004901,0.965,1.1465703962372609
ewma_W250,1373,3.0,0.9668992770398578,0.955,1.1470767053982427
ewma_W250,1374,3.0,0.9675501796314918,0.97,1.1512030433408105
ewma_W250,1375,3.0,0.9674075714331383,0.96,1.1475151220291409
ewma_W250,1376,3.0,0.9675281024078386,0.97,1.1483668178421376
ewma_W250,1377,3.0,0.9677025378867866,0.955,1.147279620723087
ewma_W250,1378,3.0,0.9680464686371502,0.975,1.1484051250698315
ewma_W250,1379,3.0,0.9682171345857086,0.955,1.1478630798029388
ewma_W250,1380,3.0,0.9682009386238896,0.96,1.1465483476451015
ewma_W250,1381,3.0,0.9684298386112857,0.97,1.1459024195987986
ewma_W250,1382,3.0,0.9685130072718872,0.96,1.1484430831253463
ewma_W250,1383,3.0,0.9688193794194327,0.985,1.1496717231235878
ewma_W250,1384,3.0,0.9688170140856596,0.995,1.1489017167642626
ewma_W250,1385,3.0,0.9675558715954878,0.96,1.1400781749676312
ewma_W250,1386,3.0,0.9679590623504424,0.98,1.1442643785879498
ewma_W250,1387,3.0,0.9670002766059542,0.97,1.1385406354363672
ewma_W250,1388,3.0,0.9666163275682683,0.965,1.1391544590352403
ewma_W250,1389,3.0,0.966948939799748,0.98,1.1403470996861431
ewma_W250,1390,3.0,0.9659528439466917,0.945,1.1353453943196143
ewma_W250,1391,3.0,0.9669100841325289,0.96,1.1397620695466495
ewma_W250,1392,3.0,0.9663209881104186,0.94,1.137745267738594
ewma_W250,1393,3.0,0.9670022139855393,0.995,1.1428511175444955
ewma_W250,1394,3.0,0.9663962645339836,0.98,1.137043445196944
ewma_W250,1395,3.0,0.9661225123555607,0.975,1.1362016125834413
ewma_W250,1396,3.0,0.965509873137297,0.965,1.131836806424372
ewma_W250,1397,3.0,0.9655714518958175,0.975,1.1294566106472235
ewma_W250,1398,3.0,0.9655087396264425,0.975,1.1290695933229553
ewma_W250,1399,3.0,0.9654179577479374,0.935,1.1287680556944255
ewma_W250,1400,3.0,0.9664495186136951,0.975,1.1361215679476906
ewma_W250,1401,3.0,0.9660408207353703,0.98,1.1329688567870477
ewma_W250,1402,3.0,0.9663313197931501,0.99,1.1345695715801423
ewma_W250,1403,3.0,0.965702430356232,0.97,1.1301839037184456
ewma_W250,1404,3.0,0.9649516059331269,0.985,1.1268026674582183
ewma_W250,1405,3.0,0.9641953055771475,0.975,1.1242005988234514
ewma_W250,1406,3.0,0.9637072649217793,0.975,1.1214430460870346
ewma_W250,1407,3.0,0.9632870919898494,0.94,1.1181551086581498
ewma_W250,1408,3.0,0.9641114212740817,0.985,1.1245693148048017
ewma_W250,1409,3.0,0.9635195874251435,0.97,1.1229252857372019
ewma_W250,1410,3.0,0.963372401963819,0.965,1.1275447703382628
ewma_W250,1411,3.0,0.963355469834635,0.96,1.1281759970334542
ewma_W250,1412,3.0,0.9639734284297995,0.98,1.1281548600540965
ewma_W250,1413,3.0,0.9633436482079193,0.955,1.122207577771736
ewma_W250,1414,3.0,0.9636680162164688,0.945,1.1219427946310203
ewma_W250,1415,3.0,0.9644921071485274,0.975,1.130545099214783
ewma_W250,1416,3.0,0.9634386462646691,0.97,1.1238298733848122
ewma_W250,1417,3.0,0.9631702944775061,0.945,1.1271171488836007
ewma_W250,1418,3.0,0.9638580802889498,0.985,1.131888885618489
ewma_W250,1419,3.0,0.9623641620380602,0.965,1.1224701580940686
ewma_W250,1420,3.0,0.9631139571346707,0.965,1.123484773681351
ewma_W250,1421,3.0,0.9634729569053784,0.955,1.124716979076475
ewma_W250,1422,3.0,0.9632308888294411,0.94,1.12217892389799
ewma_W250,1423,3.0,0.9634963614278442,0.965,1.1261792477459778
ewma_W250,1424,3.0,0.9642450859779078,0.955,1.129397390968569
ewma_W250,1425,3.0,0.9640943391287482,0.97,1.1314002625948762
ewma_W250,1426,3.0,0.96478285235102,0.975,1.1334882818568695
ewma_W250,1427,3.0,0.9644234215244458,0.96,1.1303922840167167
ewma_W250,1428,3.0,0.9650073940502009,0.96,1.131043711404439
ewma_W250,1429,3.0,0.9645020679116821,0.975,1.1283381746467271
ewma_W250,1430,3.0,0.9639969466905655,0.965,1.1262187994979502
ewma_W250,1431,3.0,0.9636961686601028,0.96,1.126900310043777
ewma_W250,1432,3.0,0.9635997078150847,0.96,1.1273259017538642
ewma_W250,1433,3.0,0.9646017093323606,0.98,1.1320108928309647
ewma_W250,1434,3.0,0.9636464102687813,0.965,1.1266234022715615
ewma_W250,1435,3.0,0.9640831179170363,0.975,1.1263015315806422
ewma_W250,1436,3.0,0.963725442300007,0.955,1.12270945263916
ewma_W250,1437,3.0,0.9640997578226947,0.97,1.1285655740055711
ewma_W250,1438,3.0,0.9645335107937786,0.965,1.126417180084077
ewma_W250,1439,3.0,0.964544651963093,0.97,1.1234724328959504
ewma_W250,1440,3.0,0.9647794065019949,0.955,1.1269908851651183
ewma_W250,1441,3.0,0.9646722059943579,0.965,1.126029534946046
ewma_W250,1442,3.0,0.965590846320984,0.99,1.1261442532670554
ewma_W250,1443,3.0,0.9646034000272625,0.945,1.118963550184775
ewma_W250,1444,3.0,0.9652798448303946,0.95,1.12355755746417
ewma_W250,1445,3.0,0.9655603306209223,0.965,1.12519185007637
ewma_W250,1446,3.0,0.9653454625483749,0.955,1.12691699655679
ewma_W250,1447,3.0,0.9664070700301053,0.96,1.1293349749602877
ewma_W250,1448,3.0,0.9669569015050726,0.965,1.133257666352398
ewma_W250,1449,3.0,0.9667956789623523,0.965,1.134227866921413
ewma_W250,1450,3.0,0.9668000284046553,0.965,1.1340886816355105
ewma_W250,1451,3.0,0.9648278602457797,0.965,1.121855503257578
ewma_W250,1452,3.0,0.9629427933607565,0.975,1.110816029253926
ewma_W250,1453,3.0,0.9612975949847546,0.955,1.1001442683860014
ewma_W250,1454,3.0,0.9605352181522853,0.955,1.0948150271820465
ewma_W250,1455,3.0,0.9597200307583009,0.96,1.0897167445467697
ewma_W250,1456,3.0,0.9589376720511851,0.965,1.0860355767989684
ewma_W250,1457,3.0,0.9585552665884385,0.97,1.0829299660105922
ewma_W250,1458,3.0,0.9575454563859367,0.955,1.07671372287834
ewma_W250,1459,3.0,0.9573502575385007,0.955,1.0777540129597796
ewma_W250,1460,3.0,0.956292650176787,0.98,1.0758935509276182
ewma_W250,1461,3.0,0.9548279911036692,0.955,1.0691267184000262
ewma_W250,1462,3.0,0.9546569467513584,0.955,1.0672845398725257
ewma_W250,1463,3.0,0.9538234234091414,0.975,1.0636109877889257
ewma_W250,1464,3.0,0.9525470965779036,0.955,1.0569417609824996
ewma_W250,1465,3.0,0.9526254255340456,0.965,1.0573548443412637
ewma_W250,1466,3.0,0.9520723576358688,0.94,1.0589778329766402
ewma_W250,1467,3.0,0.9525936792153772,0.94,1.0579108255966299
ewma_W250,1468,3.0,0.9539699506722424,0.965,1.0618047259822785
ewma_W250,1469,3.0,0.953348795025257,0.94,1.0576923180817788
ewma_W250,1470,3.0,0.9540497867902609,0.945,1.0580557101294348
ewma_W250,1471,3.0,0.9546647919323951,0.95,1.058946278139423
ewma_W250,1472,3.0,0.9546092571593614,0.915,1.0580074136932445
ewma_W250,1473,3.0,0.9565391378009573,0.925,1.0688063440529256
ewma_W250,1474,3.0,0.957146607755993,0.965,1.0754185135209064
ewma_W250,1475,3.0,0.9562459227340727,0.95,1.0697663898828926
ewma_W250,1476,3.0,0.9559649943926505,0.935,1.068926066570018
ewma_W250,1477,3.0,0.9560283785247115,0.96,1.072460167299188
ewma_W250,1478,3.0,0.9549605588435385,0.92,1.0679787094418833
ewma_W250,1479,3.0,0.9562065648268603,0.97,1.0754628311804992
ewma_W250,1480,3.0,0.9563153330199566,0.93,1.077031861320007
ewma_W250,1481,3.0,0.9576431365231073,0.96,1.0823215776710011
ewma_W250,1482,3.0,0.9570031883140344,0.955,1.0762945159280548
ewma_W250,1483,3.0,0.9576676166953803,0.955,1.0783199376280426
ewma_W250,1484,3.0,0.9580696131037025,0.93,1.0788596427507176
ewma_W250,1485,3.0,0.9582493875494503,0.96,1.0834303287278337
ewma_W250,1486,3.0,0.9579297608317144,0.97,1.079966538697924
ewma_W250,1487,3.0,0.9578864197992334,0.975,1.0769727045793183
ewma_W250,1488,3.0,0.9583247098174508,0.97,1.0760493949646959
ewma_W250,1489,3.0,0.957285894635169,0.955,1.072641142974919
ewma_W250,1490,3.0,0.9560798285959982,0.965,1.0698198759398654
ewma_W250,1491,3.0,0.956407754234294,0.97,1.070571822667694
ewma_W250,1492,3.0,0.9557621955333824,0.945,1.0664854591786819
ewma_W250,1493,3.0,0.956111246754603,0.925,1.0668649819626341
ewma_W250,1494,3.0,0.9570661780436133,0.935,1.070937664985416
ewma_W250,1495,3.0,0.9579619101730705,0.935,1.0758977544902673
ewma_W250,1496,3.0,0.9590192151580229,0.965,1.0831768738968068
ewma_W250,1497,3.0,0.9586646842548633,0.96,1.079486102167091
ewma_W250,1498,3.0,0.9576718584491809,0.93,1.076082278898299
ewma_W250,1499,3.0,0.9577995965608294,0.955,1.0745524306057772
ewma_W250,1500,3.0,0.957003607670208,0.94,1.0702934311234706
ewma_W250,1501,3.0,0.9579134583500892,0.965,1.0742064409991996
ewma_W250,1502,3.0,0.9571745676897153,0.96,1.0710046038394956
ewma_W250,1503,3.0,0.9560109737002083,0.97,1.069333033859082
ewma_W250,1504,3.0,0.9561470904563315,0.935,1.0698965168042063
ewma_W250,1505,3.0,0.9562811753839284,0.95,1.071120266693147
ewma_W250,1506,3.0,0.9557605727404046,0.985,1.0668910584983196
ewma_W250,1507,3.0,0.9545722679991365,0.95,1.0606500731843291
ewma_W250,1508,3.0,0.9551932957701239,0.945,1.0595200969428478
ewma_W250,1509,3.0,0.9551143457701705,0.965,1.0604132520436784
ewma_W250,1510,3.0,0.9547043057222578,0.96,1.0582581390273043
ewma_W250,1511,3.0,0.9537523757318296,0.94,1.0558814418302507
ewma_W250,1512,3.0,0.9541018416801659,0.955,1.0595101206955568
ewma_W250,1513,3.0,0.9537647259594882,0.965,1.0584670569119723
ewma_W250,1514,3.0,0.9551802343960896,0.97,1.063620575985568
ewma_W250,1515,3.0,0.9542904414821795,0.965,1.0605066266283347
ewma_W250,1516,3.0,0.9535070303156297,0.955,1.0566940272283822
ewma_W250,1517,3.0,0.9533883397990812,0.94,1.0562549711127647
ewma_W250,1518,3.0,0.9541175361171926,0.94,1.060214096675731
ewma_W250,1519,3.0,0.9547767711480813,0.94,1.0666545756212011
ewma_W250,1520,3.0,0.9544041217484233,0.945,1.066334973093664
ewma_W250,1521,3.0,0.9549049685543087,0.985,1.0673932912761899
ewma_W250,1522,3.0,0.9539682241793508,0.93,1.061418846922147
ewma_W250,1523,3.0,0.9536427770150806,0.955,1.061521115417012
ewma_W250,1524,3.0,0.9533712639143908,0.975,1.0585937536737884
ewma_W250,1525,3.0,0.9522400129046393,0.96,1.0536619716330538
ewma_W250,1526,3.0,0.9522607766036993,0.99,1.054224380884371
ewma_W250,1527,3.0,0.9510668584621547,0.96,1.047154762637134
ewma_W250,1528,3.0,0.9518703345097616,0.96,1.0474823497730932
ewma_W250,1529,3.0,0.9521138259474939,0.97,1.0496080669457886
ewma_W250,1530,3.0,0.9508522283617399,0.95,1.0435679166814125
ewma_W250,1531,3.0,0.9513242516352947,0.965,1.0441619746379431
ewma_W250,1532,3.0,0.950699781706403,0.96,1.0411241500925634
ewma_W250,1533,3.0,0.9511552086454315,0.95,1.0435292066678812
ewma_W250,1534,3.0,0.9512926165382433,0.95,1.0446692302533775
ewma_W250,1535,3.0,0.9508763670981313,0.935,1.0450626578406863
ewma_W250,1536,3.0,0.9516040262825715,0.945,1.047156240086992
ewma_W250,1537,3.0,0.9518188881454926,0.96,1.0480242740486085
ewma_W250,1538,3.0,0.9525386247422156,0.97,1.048271446632918
ewma_W250,1539,3.0,0.9522993761302141,0.975,1.047312373808168
ewma_W250,1540,3.0,0.9518019776228996,0.94,1.0475871910575725
ewma_W250,1541,3.0,0.9520097400424326,0.97,1.0518862301384646
ewma_W250,1542,3.0,0.951079206522698,0.955,1.0486413610500807
ewma_W250,1543,3.0,0.9513490426752352,0.94,1.0517256689399221
ewma_W250,1544,3.0,0.9516944871790165,0.965,1.04904519238171
ewma_W250,1545,3.0,0.9521411519936623,0.95,1.0475824568419467
ewma_W250,1546,3.0,0.9527006232096228,0.98,1.0521522080708277
ewma_W250,1547,3.0,0.951829142295843,0.99,1.046486210781897
ewma_W250,1548,3.0,0.950033090698303,0.935,1.0371277165287884
ewma_W250,1549,3.0,0.9501120290545564,0.96,1.0397809021007764
ewma_W250,1550,3.0,0.9507965956729879,0.925,1.0413244318544317
ewma_W250,1551,3.0,0.9523437889783426,0.94,1.0488694575237363
ewma_W250,1552,3.0,0.9523278506312357,0.915,1.0518098750703262
ewma_W250,1553,3.0,0.9540572010741832,0.96,1.059110513856212
ewma_W250,1554,3.0,0.9537573603183503,0.965,1.0564404051326999
ewma_W250,1555,3.0,0.9528326518988672,0.95,1.051742885039779
ewma_W250,1556,3.0,0.9532478590462807,0.945,1.057986766696643
ewma_W250,1557,3.0,0.9531540010417282,0.97,1.058471880282342
ewma_W250,1558,3.0,0.9527452346175529,0.94,1.0570357984869885
ewma_W250,1559,3.0,0.95344824919077,0.97,1.0582145137963825
ewma_W250,1560,3.0,0.9523442037716144,0.945,1.0521813757440182
ewma_W250,1561,3.0,0.953408037389044,0.935,1.060618217826594
ewma_W250,1562,3.0,0.9543165836571567,0.975,1.0679714742277244
ewma_W250,1563,3.0,0.9530943066198155,0.955,1.0603581444390093
ewma_W250,1564,3.0,0.9535506308056912,0.98,1.0625135654971225
ewma_W250,1565,3.0,0.95231920331535,0.945,1.0550223989291176
ewma_W250,1566,3.0,0.9531378508066267,0.95,1.0586253235012035
ewma_W250,1567,3.0,0.9523024287433103,0.965,1.0535996436263213
ewma_W250,1568,3.0,0.9520722767387194,0.955,1.0517752145672137
ewma_W250,1569,3.0,0.9523858322075114,0.935,1.0497634886444422
ewma_W250,1570,3.0,0.9525395002996979,0.955,1.050419141679389
ewma_W250,1571,3.0,0.9526098908108473,0.95,1.0494657381015222
ewma_W250,1572,3.0,0.952986169478033,0.925,1.0504653313451144
ewma_W250,1573,3.0,0.9533506346251934,0.94,1.0552454266170388
ewma_W250,1574,3.0,0.9537505402610112,0.945,1.0585773467198623
ewma_W250,1575,3.0,0.953917765303284,0.96,1.0596475941290475
ewma_W250,1576,3.0,0.9533208790997457,0.965,1.057711992492817
ewma_W250,1577,3.0,0.9524080966391187,0.955,1.0552264839999868
ewma_W250,1578,3.0,0.9525544281295375,0.945,1.0539089654459657
ewma_W250,1579,3.0,0.9531910848953535,0.96,1.0566196191820219
ewma_W250,1580,3.0,0.9531972930894463,0.955,1.0567118991268905
ewma_W250,1581,3.0,0.953594728421379,0.96,1.0573827479947178
ewma_W250,1582,3.0,0.9540128273635698,0.935,1.0597045487386876
ewma_W250,1583,3.0,0.9541351470966645,0.96,1.0621088133069372
ewma_W250,1584,3.0,0.9535969267268649,0.955,1.0616336933591481
ewma_W250,1585,3.0,0.9536622997355023,0.96,1.0621119784249
ewma_W250,1586,3.0,0.9538451727001559,0.945,1.0629546622473125
ewma_W250,1587,3.0,0.954824014345776,0.98,1.065851204862429
ewma_W250,1588,3.0,0.9533319656623027,0.965,1.0627002743124494
ewma_W250,1589,3.0,0.9521782453091194,0.95,1.0560628636528238
ewma_W250,1590,3.0,0.9520099096612559,0.95,1.0542117436718363
ewma_W250,1591,3.0,0.951395030745352,0.945,1.051746264948327
ewma_W250,1592,3.0,0.9504177697560948,0.925,1.0473350739619915
ewma_W250,1593,3.0,0.9513612883864099,0.93,1.0500297459468269
ewma_W250,1594,3.0,0.9522582627440596,0.965,1.0513448544771193
ewma_W250,1595,3.0,0.9520703362015865,0.955,1.0490186474922771
ewma_W250,1596,3.0,0.9528707985536584,0.955,1.0531763432987504
ewma_W250,1597,3.0,0.9522409321188309,0.94,1.0496180495233105
ewma_W250,1598,3.0,0.9526078685855444,0.955,1.0525411909943394
ewma_W250,1599,3.0,0.9524980853373799,0.925,1.0502732100998249
ewma_W250,1600,3.0,0.9532654347680162,0.955,1.0536045371936062
ewma_W250,1601,3.0,0.9528360079981383,0.945,1.0539422567879868
ewma_W250,1602,3.0,0.953138523034859,0.955,1.0570796239800395
ewma_W250,1603,3.0,0.9534021102039698,0.945,1.0555848057542487
ewma_W250,1604,3.0,0.9532864423195684,0.965,1.0543371230758367
ewma_W250,1605,3.0,0.9530826278861287,0.945,1.0514271907311803
ewma_W250,1606,3.0,0.9535825703915469,0.94,1.0561008510669303
ewma_W250,1607,3.0,0.9535219212422392,0.955,1.0598901775708278
ewma_W250,1608,3.0,0.9535685399642182,0.94,1.0574368308821496
ewma_W250,1609,3.0,0.9534817019043003,0.935,1.059792672352894
ewma_W250,1610,3.0,0.9545239839772168,0.945,1.0624354345186169
ewma_W250,1611,3.0,0.9551601465365781,0.94,1.0668436094148261
ewma_W250,1612,3.0,0.9560208934884717,0.955,1.0691848861987254
ewma_W250,1613,3.0,0.9555501758500534,0.95,1.0674888126162188
ewma_W250,1614,3.0,0.9553064555118088,0.94,1.065453632636287
ewma_W250,1615,3.0,0.9553168506618513,0.97,1.0634585609882883
ewma_W250,1616,3.0,0.9543913130735827,0.955,1.0596532924792559
ewma_W250,1617,3.0,0.9541063508006714,0.95,1.0605860212273575
ewma_W250,1618,3.0,0.9547228878775347,0.96,1.0622298217501123
ewma_W250,1619,3.0,0.9540470947722339,0.945,1.0588885733314195
ewma_W250,1620,3.0,0.9543268537153287,0.955,1.0622285716247846
ewma_W250,1621,3.0,0.9544582010407354,0.965,1.0641538085421163
ewma_W250,1622,3.0,0.9538503471635842,0.94,1.0594851937506464
ewma_W250,1623,3.0,0.9536681346722073,0.975,1.059594540885036
ewma_W250,1624,3.0,0.9529451259000661,0.945,1.05853799077076
ewma_W250,1625,3.0,0.9525461920051326,0.95,1.0582511117985673
ewma_W250,1626,3.0,0.9533473404357311,0.93,1.061837886903318
ewma_W250,1627,3.0,0.9535708191699609,0.97,1.0643514281350228
ewma_W250,1628,3.0,0.9527003024421262,0.955,1.059753738773915
ewma_W250,1629,3.0,0.952437847438936,0.925,1.0591487085647282
ewma_W250,1630,3.0,0.9533613983098382,0.975,1.0645698340973468
ewma_W250,1631,3.0,0.9528964570517486,0.96,1.0642951626993156
ewma_W250,1632,3.0,0.9522533959809697,0.965,1.0601466943404827
ewma_W250,1633,3.0,0.9525685975550721,0.955,1.0615836630206084
ewma_W250,1634,3.0,0.952696206730933,0.965,1.0609040828579492
ewma_W250,1635,3.0,0.952631725490393,0.945,1.0588930895960607
ewma_W250,1636,3.0,0.9533613633603177,0.975,1.0617948967053508
ewma_W250,1637,3.0,0.9529573498688778,0.94,1.0588959889305445
ewma_W250,1638,3.0,0.9530184519403534,0.91,1.0598217523875937
ewma_W250,1639,3.0,0.9549802635051711,0.96,1.0690866860286499
ewma_W250,1640,3.0,0.954502571636568,0.925,1.0669445640908548
ewma_W250,1641,3.0,0.9572875535277876,0.98,1.077497567672626
ewma_W250,1642,3.0,0.9570177916084684,0.93,1.0747032301119117
ewma_W250,1643,3.0,0.9569441890151689,0.93,1.0710994876535955
ewma_W250,1644,3.0,0.957721214387312,0.95,1.0755700693485641
ewma_W250,1645,3.0,0.9576343655383449,0.955,1.0761155924923538
ewma_W250,1646,3.0,0.9578631941051118,0.98,1.0762542072272225
ewma_W250,1647,3.0,0.9575779687166608,0.995,1.0721555887724044
ewma_W250,1648,3.0,0.9554423100222994,0.965,1.0621379040178112
ewma_W250,1649,3.0,0.954685548218562,0.93,1.0576572529086652
ewma_W250,1650,3.0,0.9549599535171207,0.95,1.0586333218032384
ewma_W250,1651,3.0,0.9548707746051162,0.955,1.0594558223806034
ewma_W250,1652,3.0,0.9548468284018635,0.97,1.0600616231124667
ewma_W250,1653,3.0,0.9545767460053222,0.945,1.0608126551250996
ewma_W250,1654,3.0,0.9550284451932811,0.95,1.060684275915796
ewma_W250,1655,3.0,0.9558708700237747,0.96,1.0636562789380206
ewma_W250,1656,3.0,0.9555090665500843,0.935,1.0630657575277345
ewma_W250,1657,3.0,0.9552638843340938,0.945,1.0631136895703086
ewma_W250,1658,3.0,0.9551223620945121,0.95,1.0626631757578813
ewma_W250,1659,3.0,0.9551596135318309,0.975,1.0630197312560823
ewma_W250,1660,3.0,0.9543340977928569,0.965,1.0601782313831145
ewma_W250,1661,3.0,0.954562817334906,0.955,1.0594291474270185
ewma_W250,1662,3.0,0.954191930090158,0.935,1.0589558573131421
ewma_W250,1663,3.0,0.9555587993937703,0.96,1.0659203646950608
ewma_W250,1664,3.0,0.9549593587207044,0.955,1.0650265284521168
ewma_W250,1665,3.0,0.954321089385519,0.97,1.0628923970794875
ewma_W250,1666,3.0,0.9537330371038041,0.955,1.0607634952614045
ewma_W250,1667,3.0,0.9540529729943213,0.965,1.0606580388531566
ewma_W250,1668,3.0,0.9542752781556874,0.985,1.0604281462716252
ewma_W250,1669,3.0,0.9527876472783982,0.95,1.0532585030903312
ewma_W250,1670,3.0,0.953152067721839,0.975,1.0557221382506525
ewma_W250,1671,3.0,0.9522721312813053,0.97,1.0519530019343022
ewma_W250,1672,3.0,0.9520587590641602,0.95,1.0526946860202846
ewma_W250,1673,3.0,0.9521102404273247,0.955,1.054390120554075
ewma_W250,1674,3.0,0.9522092346134895,0.955,1.0569286842211598
ewma_W250,1675,3.0,0.9533276895318243,0.93,1.0595838952384722
ewma_W250,1676,3.0,0.9539981266266772,0.96,1.0629782065914213
ewma_W250,1677,3.0,0.9537098096350998,0.945,1.0608901406216835
ewma_W250,1678,3.0,0.9535602769033883,0.955,1.0591591499924502
ewma_W250,1679,3.0,0.9538925910362721,0.955,1.0571840761063818
ewma_W250,1680,3.0,0.9546951788125885,0.97,1.0617364296632434
ewma_W250,1681,3.0,0.9538605500803012,0.93,1.0600657875069803
ewma_W250,1682,3.0,0.9543812782715756,0.94,1.0656986735437215
ewma_W250,1683,3.0,0.9549020323610153,0.98,1.0689309313497433
ewma_W250,1684,3.0,0.954494183249943,0.955,1.0673750947914677
ewma_W250,1685,3.0,0.953865578929163,0.935,1.067812426638989
ewma_W250,1686,3.0,0.9546397657228118,0.97,1.0699973385701202
ewma_W250,1687,3.0,0.9539576923652173,0.96,1.0619665711172417
ewma_W250,1688,3.0,0.9537416393494587,0.955,1.0565903272442312
ewma_W250,1689,3.0,0.9536147266887113,0.96,1.0574199994096474
ewma_W250,1690,3.0,0.9536870277643508,0.96,1.056805493298289
ewma_W250,1691,3.0,0.9538831194390195,0.96,1.0551916654677098
ewma_W250,1692,3.0,0.9539523803326142,0.96,1.0562876247112254
ewma_W250,1693,3.0,0.9536042898021299,0.96,1.0537548324167296
ewma_W250,1694,3.0,0.9534231999601768,0.92,1.051359734674126
ewma_W250,1695,3.0,0.9541501414811663,0.955,1.0551674344683506
ewma_W250,1696,3.0,0.9532988383811265,0.915,1.0496212904603812
ewma_W250,1697,3.0,0.9541290871845013,0.97,1.0535618686164154
ewma_W250,1698,3.0,0.9531472738464742,0.975,1.0510149011753454
ewma_W250,1699,3.0,0.9525985731053194,0.935,1.048563577755437
ewma_W250,1700,3.0,0.9529113201222914,0.97,1.0530484332801109
ewma_W250,1701,3.0,0.9530549100403499,0.945,1.0525128165496695
ewma_W250,1702,3.0,0.9531193069310392,0.975,1.0542303538980604
ewma_W250,1703,3.0,0.9522169613454758,0.955,1.050709222336179
ewma_W250,1704,3.0,0.9519561250427241,0.975,1.047371176842563
ewma_W250,1705,3.0,0.9509839848054713,0.955,1.0439854463184262
ewma_W250,1706,3.0,0.9511872131222964,0.965,1.0404934946799616
ewma_W250,1707,3.0,0.9505431725683532,0.935,1.0359871953416335
ewma_W250,1708,3.0,0.9507720544961055,0.96,1.0389617183688138
ewma_W250,1709,3.0,0.9499804531012852,0.925,1.0363633863111636
ewma_W250,1710,3.0,0.950879761278739,0.945,1.0382889155764041
ewma_W250,1711,3.0,0.9515029293922859,0.925,1.0409192923981445
ewma_W250,1712,3.0,0.9530912927433167,0.95,1.0480807272456594
ewma_W250,1713,3.0,0.9529412970633948,0.95,1.0511747531504296
ewma_W250,1714,3.0,0.9527028566577104,0.965,1.0521103315025069
ewma_W250,1715,3.0,0.9509527047776024,0.975,1.0452445731643685
ewma_W250,1716,3.0,0.9513728853814638,0.965,1.045283281896708
ewma_W250,1717,3.0,0.9503855712436088,0.96,1.0391831250544246
ewma_W250,1718,3.0,0.9506496720100341,0.96,1.0357094763003927
ewma_W250,1719,3.0,0.9501195386181612,0.935,1.0342982602897286
ewma_W250,1720,3.0,0.951467810581158,0.945,1.0404352674175796
ewma_W250,1721,3.0,0.9516262201087722,0.94,1.039961658778991
ewma_W250,1722,3.0,0.9525562710121391,0.97,1.0437088875665907
ewma_W250,1723,3.0,0.9521473125235983,0.96,1.0396243618865508
ewma_W250,1724,3.0,0.9514826661369168,0.96,1.0362348166029778
ewma_W250,1725,3.0,0.951268042988595,0.955,1.035972899100519
ewma_W250,1726,3.0,0.9507966069192827,0.935,1.036601456401388
ewma_W250,1727,3.0,0.9509107360210813,0.96,1.0396508342672768
ewma_W250,1728,3.0,0.9504726073392332,0.955,1.0366715773557684
ewma_W250,1729,3.0,0.9500267908075472,0.96,1.0368943613546198
ewma_W250,1730,3.0,0.9498531953040394,0.94,1.036107180457681
ewma_W250,1731,3.0,0.9499824283463555,0.945,1.0371426713237297
ewma_W250,1732,3.0,0.9501751266978608,0.93,1.0399666798413465
ewma_W250,1733,3.0,0.9514469862057269,0.925,1.0462148654344954
ewma_W250,1734,3.0,0.9526359658078328,0.945,1.053619662369517
ewma_W250,1735,3.0,0.9522516373729095,0.96,1.054086897237851
ewma_W250,1736,3.0,0.9512959423311363,0.95,1.0469622975887978
ewma_W250,1737,3.0,0.9514248634275656,0.965,1.0499114313929012
ewma_W250,1738,3.0,0.9510065303442758,0.945,1.0454702186048992
ewma_W250,1739,3.0,0.9511005774138215,0.96,1.0459835290817683
ewma_W250,1740,3.0,0.9511825481160295,0.95,1.0473287892502774
ewma_W250,1741,3.0,0.9515440748640895,0.935,1.0474455196639842
ewma_W250,1742,3.0,0.9517182921447415,0.965,1.0481837168685968
ewma_W250,1743,3.0,0.9506745841143662,0.915,1.0428284304330868
ewma_W250,1744,3.0,0.9528880506236264,0.925,1.0499760096081148
ewma_W250,1745,3.0,0.953918707290901,0.925,1.0529296278865297
ewma_W250,1746,3.0,0.9549395671160571,0.955,1.0577873815896603
ewma_W250,1747,3.0,0.9553126427461744,0.95,1.0597108906374693
ewma_W250,1748,3.0,0.9557042703739361,0.96,1.0640127551850562
ewma_W250,1749,3.0,0.955371590158085,0.94,1.0624842877845666
ewma_W250,1750,3.0,0.9564638892484117,0.955,1.0654758282044825
ewma_W250,1751,3.0,0.9558399709250787,0.945,1.0600267992921804
ewma_W250,1752,3.0,0.9563749387168708,0.97,1.062272230878582
ewma_W250,1753,3.0,0.9563022453904734,0.97,1.063170045504151
ewma_W250,1754,3.0,0.9563803970527749,0.96,1.062171947871753
ewma_W250,1755,3.0,0.9560855386917083,0.97,1.0573572850194985
ewma_W250,1756,3.0,0.9549714419464529,0.965,1.0505963295865177
ewma_W250,1757,3.0,0.955122950118722,0.97,1.050326233479987
ewma_W250,1758,3.0,0.9540026101360778,0.96,1.0471814997942568
ewma_W250,1759,3.0,0.953244620714255,0.965,1.0455013827011301
ewma_W250,1760,3.0,0.953512948794332,0.96,1.04762164652092
ewma_W250,1761,3.0,0.9525094671302005,0.955,1.0438861229966636
ewma_W250,1762,3.0,0.9518594159235034,0.975,1.0395378054178617
ewma_W250,1763,3.0,0.9511173673499832,0.945,1.0374989881983696
ewma_W250,1764,3.0,0.95178033525639,0.94,1.0429890889870688
ewma_W250,1765,3.0,0.9521697749979278,0.95,1.0463990927533824
ewma_W250,1766,3.0,0.9523492509217648,0.955,1.0469495827830604
ewma_W250,1767,3.0,0.9522666453580564,0.94,1.0474307011821822
ewma_W250,1768,3.0,0.9525814260536101,0.945,1.048952897852404
ewma_W250,1769,3.0,0.9526619250966957,0.94,1.0501484307211981
ewma_W250,1770,3.0,0.9531266803027968,0.925,1.0540446629042564
ewma_W250,1771,3.0,0.9534833141934189,0.96,1.055785327362971
ewma_W250,1772,3.0,0.9535097599890571,0.97,1.0570156384323834
ewma_W250,1773,3.0,0.9532593485252019,0.955,1.054742148954227
ewma_W250,1774,3.0,0.9529705315280299,0.965,1.053012847395534
ewma_W250,1775,3.0,0.9528321130498821,0.945,1.0528659697300038
ewma_W250,1776,3.0,0.9532459468048826,0.94,1.053969098975681
ewma_W250,1777,3.0,0.9531020553626193,0.955,1.054699713386411
ewma_W250,1778,3.0,0.9533203013622721,0.95,1.0544930499249094
ewma_W250,1779,3.0,0.9538150471391242,0.95,1.0565096488864412
ewma_W250,1780,3.0,0.953911441020131,0.935,1.0593358310669163
ewma_W250,1781,3.0,0.954236830107811,0.97,1.062029872623027
ewma_W250,1782,3.0,0.9529634770085238,0.975,1.0537292731380552
ewma_W250,1783,3.0,0.9528885304617648,0.975,1.051520007846953
ewma_W250,1784,3.0,0.9525259254814128,0.945,1.0493998113225835
ewma_W250,1785,3.0,0.9528928919861778,0.94,1.0514295171738173
ewma_W250,1786,3.0,0.9532607236249631,0.965,1.051647240759251
ewma_W250,1787,3.0,0.9531201637200639,0.955,1.0492202167791735
ewma_W250,1788,3.0,0.9537390761721105,0.95,1.0506048022502432
ewma_W250,1789,3.0,0.9542102305804931,0.98,1.0545348385794342
ewma_W250,1790,3.0,0.9532107153408194,0.945,1.049545350939196
ewma_W250,1791,3.0,0.9533305144971274,0.96,1.0521408643739314
ewma_W250,1792,3.0,0.9532156569821228,0.93,1.0532086789104078
ewma_W250,1793,3.0,0.9548546382502175,0.95,1.0636887579498155
ewma_W250,1794,3.0,0.9552461108068957,0.94,1.0656789234206934
ewma_W250,1795,3.0,0.9561924211695151,0.945,1.0683885891894374
ewma_W250,1796,3.0,0.9565964886776237,0.955,1.069015281976379
ewma_W250,1797,3.0,0.9571140556789192,0.98,1.071765072071821
ewma_W250,1798,3.0,0.9565156674081113,0.93,1.065964605881665
ewma_W250,1799,3.0,0.9576339565604398,0.945,1.0709152459692226
ewma_W250,1800,1.0,0.999999656011829,1.0,3.2103028722911087
ewma_W250,1801,1.0,0.9999994019182209,1.0,3.114868038597068
ewma_W250,1802,1.0,0.9999992381775575,1.0,3.0295247951204733
ewma_W250,1803,1.0,0.9999987463589167,1.0,2.946327905818256
ewma_W250,1804,1.0,0.9999979710234191,1.0,2.8663389847194414
ewma_W250,1805,1.0,0.9999966718002264,1.0,2.7881697130661576
ewma_W250,1806,1.0,0.9999948384737789,1.0,2.7116377326667087
ewma_W250,1807,1.0,0.999992611759877,1.0,2.640377761733886
ewma_W250,1808,1.0,0.9999888507740488,1.0,2.5697123338950654
ewma_W250,1809,1.0,0.9999832589337949,1.0,2.505120107851068
ewma_W250,1810,1.0,0.9999756637991044,1.0,2.4427683929732025
ewma_W250,1811,1.0,0.9999644887743312,1.0,2.377214135892188
ewma_W250,1812,1.0,0.9999526275161054,1.0,2.3147026393668733
ewma_W250,1813,1.0,0.9999333489937956,1.0,2.258548318622019
ewma_W250,1814,1.0,0.9999053813578255,1.0,2.20363013703499
ewma_W250,1815,1.0,0.9998739672637751,1.0,2.151962378357098
ewma_W250,1816,1.0,0.9998279416230919,1.0,2.1013183805574656
ewma_W250,1817,1.0,0.9997804289432358,1.0,2.0526636909658045
ewma_W250,1818,1.0,0.9997078160367882,1.0,2.0042883826970863
ewma_W250,1819,1.0,0.99962234600853,1.0,1.958871471544283
ewma_W250,1820,1.0,0.999517818039995,1.0,1.9127616887782626
ewma_W250,1821,1.0,0.9993885727238141,1.0,1.869798597025152
ewma_W250,1822,1.0,0.9992305871483771,0.995,1.8301008674214865
ewma_W250,1823,1.0,0.9990170245245426,1.0,1.7874620441805678
ewma_W250,1824,1.0,0.9987513163062316,1.0,1.7476969862987095
ewma_W250,1825,1.0,0.9984886934027147,1.0,1.7122279109659575
ewma_W250,1826,1.0,0.9981396117136364,1.0,1.6753092382643802
ewma_W250,1827,1.0,0.9977784115834772,1.0,1.6446109354972633
ewma_W250,1828,1.0,0.997374744478236,0.995,1.6113666485080729
ewma_W250,1829,1.0,0.9969429123670881,1.0,1.5807988635919594
ewma_W250,1830,1.0,0.9963734376043754,1.0,1.5525250280290321
ewma_W250,1831,1.0,0.995794358537774,1.0,1.5256223392462278
ewma_W250,1832,1.0,0.995231220594744,1.0,1.4971218304880776
ewma_W250,1833,1.0,0.9943783593063819,0.99,1.4680961858633672
ewma_W250,1834,1.0,0.9936813649380114,0.98,1.4448736399978646
ewma_W250,1835,1.0,0.9928709076774814,0.975,1.4258738112945029
ewma_W250,1836,1.0,0.9921918808318887,0.99,1.4068516541685716
ewma_W250,1837,1.0,0.9912032584163484,1.0,1.3833592589662385
ewma_W250,1838,1.0,0.9902091501911598,0.995,1.361667030555146
ewma_W250,1839,1.0,0.9892849264644166,0.975,1.3442454814999467
ewma_W250,1840,1.0,0.9879931033606724,0.985,1.3224567858860599
ewma_W250,1841,1.0,0.9865237410073143,0.995,1.3022653838970635
ewma_W250,1842,1.0,0.9852111104757688,1.0,1.2853530844755596
ewma_W250,1843,1.0,0.9836896478579225,0.975,1.2658810454734581
ewma_W250,1844,1.0,0.9825557527540011,0.975,1.2513976561021969
ewma_W250,1845,1.0,0.9815693483886644,0.975,1.2414709319116328
ewma_W250,1846,1.0,0.9800771658355077,0.99,1.2283539527696634
ewma_W250,1847,1.0,0.9784732681460397,0.975,1.2106856936910833
ewma_W250,1848,1.0,0.9769508463651994,0.97,1.1969808088738783
ewma_W250,1849,1.0,0.9761433875885297,0.97,1.1898922870754405
ewma_W250,1850,1.0,0.9751948948878746,0.98,1.182819950061551
ewma_W250,1851,1.0,0.9730714568731321,0.96,1.1680665807025146
ewma_W250,1852,1.0,0.9715832433845941,0.98,1.1575128617717638
ewma_W250,1853,1.0,0.9702447154283544,0.965,1.1453199527153632
ewma_W250,1854,1.0,0.9694828894005686,0.995,1.1412330971952307
ewma_W250,1855,1.0,0.9675114673524399,0.985,1.1263836864990682
ewma_W250,1856,1.0,0.96574197401649,0.98,1.1134463854867098
ewma_W250,1857,1.0,0.9643810042689822,0.965,1.1046301894460324
ewma_W250,1858,1.0,0.963137676931835,0.955,1.099406047145239
ewma_W250,1859,1.0,0.9615722378728628,0.965,1.0896112096050081
ewma_W250,1860,1.0,0.9613525135171045,0.945,1.0867825889805462
ewma_W250,1861,1.0,0.9598470556217358,0.975,1.0799892512545193
ewma_W250,1862,1.0,0.9585928264080943,0.96,1.0725366259278
ewma_W250,1863,1.0,0.9572211951588401,0.975,1.0652222189044516
ewma_W250,1864,1.0,0.9557645451277359,0.925,1.058920910004578
ewma_W250,1865,1.0,0.9553370135682584,0.965,1.0555238647602474
ewma_W250,1866,1.0,0.9543831655249037,0.94,1.0502817926088721
ewma_W250,1867,1.0,0.9539423438302209,0.955,1.0498620565077528
ewma_W250,1868,1.0,0.9528476255614404,0.97,1.0471562257616793
ewma_W250,1869,1.0,0.9512829448061211,0.96,1.0403661204532393
ewma_W250,1870,1.0,0.9502988893113947,0.975,1.0374361605683802
ewma_W250,1871,1.0,0.9485102744332632,0.96,1.0292090404689405
ewma_W250,1872,1.0,0.9473589636366107,0.955,1.0236246706704613
ewma_W250,1873,1.0,0.946703570542754,0.95,1.0214240074513916
ewma_W250,1874,1.0,0.9451134011159809,0.945,1.0154871832082293
ewma_W250,1875,1.0,0.943994059958882,0.96,1.011683420427708
ewma_W250,1876,1.0,0.9433434207396335,0.96,1.009785646469808
ewma_W250,1877,1.0,0.9429994497047286,0.95,1.0069841308972078
ewma_W250,1878,1.0,0.9431164850903682,0.93,1.0094489761759136
ewma_W250,1879,1.0,0.9433310298706974,0.94,1.0121731610671667
ewma_W250,1880,1.0,0.9431341160046426,0.955,1.0103191131826654
ewma_W250,1881,1.0,0.9429888088046556,0.93,1.0084000098990524
ewma_W250,1882,1.0,0.9439039750072582,0.96,1.0112873037548753
ewma_W250,1883,1.0,0.9431495769672538,0.94,1.0068390361064403
ewma_W250,1884,1.0,0.9430928804200504,0.975,1.0040769593813363
ewma_W250,1885,1.0,0.941296853760241,0.945,0.9972222874084999
ewma_W250,1886,1.0,0.9406888201251385,0.93,0.9974989778682768
ewma_W250,1887,1.0,0.9405549536434817,0.945,0.9992776498641015
ewma_W250,1888,1.0,0.9404739964215386,0.945,1.0012021182357813
ewma_W250,1889,1.0,0.9397742359683912,0.935,0.9982902915133368
ewma_W250,1890,1.0,0.9393101749225815,0.95,0.9971176526741297
ewma_W250,1891,1.0,0.9385709449389447,0.965,0.9961031381243615
ewma_W250,1892,1.0,0.9380473687772937,0.895,0.993012734744282
ewma_W250,1893,1.0,0.9396475751490424,0.945,0.9981672541548298
ewma_W250,1894,1.0,0.9389632881181623,0.965,0.9952921344439427
ewma_W250,1895,1.0,0.9379960744397471,0.945,0.9921585292526183
ewma_W250,1896,1.0,0.9374582512565186,0.94,0.9902960227035595
ewma_W250,1897,1.0,0.9373279868202127,0.925,0.990496344331948
ewma_W250,1898,1.0,0.9378537704053166,0.935,0.9913959021773008
ewma_W250,1899,1.0,0.9393829681874325,0.935,0.9946678684834782
ewma_W250,1900,1.0,0.93958272724666,0.97,0.9945905309216411
ewma_W250,1901,1.0,0.9381150788777041,0.945,0.988893321169994
ewma_W250,1902,1.0,0.9379655900850071,0.935,0.9891671939706649
ewma_W250,1903,1.0,0.9381857980938628,0.935,0.9868352924744788
ewma_W250,1904,1.0,0.9380761862659404,0.97,0.9863172677001883
ewma_W250,1905,1.0,0.9363078379532174,0.96,0.9798696022498341
ewma_W250,1906,1.0,0.9352811883643031,0.905,0.9766964672449977
ewma_W250,1907,1.0,0.936016396619349,0.95,0.9794204025073837
ewma_W250,1908,1.0,0.9359433269095367,0.945,0.9769850686830296
ewma_W250,1909,1.0,0.9352256031850223,0.91,0.9735455247483362
ewma_W250,1910,1.0,0.935952406708133,0.945,0.9765359168879698
ewma_W250,1911,1.0,0.9358158819065555,0.97,0.9761602473542293
ewma_W250,1912,1.0,0.9345289153839559,0.955,0.9705892238884206
ewma_W250,1913,1.0,0.9349974912705367,0.92,0.9735413111523189
ewma_W250,1914,1.0,0.9355516564567182,0.94,0.976565543522009
ewma_W250,1915,1.0,0.9346725097468588,0.965,0.9748086822771053
ewma_W250,1916,1.0,0.9347865184877261,0.955,0.9752432605237626
ewma_W250,1917,1.0,0.9345845707945909,0.945,0.9739311475387586
ewma_W250,1918,1.0,0.935804596988675,0.93,0.9772345805377491
ewma_W250,1919,1.0,0.935718407981367,0.925,0.9800711149816607
ewma_W250,1920,1.0,0.9348975220659613,0.935,0.9805384892432266
ewma_W250,1921,1.0,0.9345983339131542,0.945,0.9796633038303727
ewma_W250,1922,1.0,0.9341746890231895,0.95,0.9789749827856002
ewma_W250,1923,1.0,0.933896094225964,0.945,0.9782350738005396
ewma_W250,1924,1.0,0.933909839865249,0.955,0.9776698011136259
ewma_W250,1925,1.0,0.9338900947272916,0.92,0.9782240732499952
ewma_W250,1926,1.0,0.9336677667658124,0.925,0.9783850544531912
ewma_W250,1927,1.0,0.9347466913791959,0.935,0.9829733090505782
ewma_W250,1928,1.0,0.9358751739362141,0.91,0.986668100398139
ewma_W250,1929,1.0,0.9383980205505412,0.95,0.9953913669881936
ewma_W250,1930,1.0,0.9377777791347244,0.965,0.9920519683696398
ewma_W250,1931,1.0,0.9360618605597263,0.925,0.987109934380488
ewma_W250,1932,1.0,0.9365251663368991,0.925,0.9873769542453826
ewma_W250,1933,1.0,0.9366409895049,0.915,0.9884735405879479
ewma_W250,1934,1.0,0.938449199587371,0.935,0.9943660066611767
ewma_W250,1935,1.0,0.9386359652871945,0.93,0.9942624931307674
ewma_W250,1936,1.0,0.9388352077281649,0.94,0.9923143159357792
ewma_W250,1937,1.0,0.9390250859195882,0.94,0.9951463917380415
ewma_W250,1938,1.0,0.9391969748313624,0.945,0.9947102238166168
ewma_W250,1939,1.0,0.9388768882056391,0.955,0.9930040059170564
ewma_W250,1940,1.0,0.9387106992196967,0.935,0.9919928099634583
ewma_W250,1941,1.0,0.9401486315090375,0.93,0.9988344789907679
ewma_W250,1942,1.0,0.9412250299589118,0.91,1.0012743337476306
ewma_W250,1943,1.0,0.9432989258717334,0.925,1.0060721452470598
ewma_W250,1944,1.0,0.9440608350761989,0.955,1.0087150561999119
ewma_W250,1945,1.0,0.9433739916506886,0.985,1.0062088888816465
ewma_W250,1946,1.0,0.9420397433780988,0.935,1.0007077187736741
ewma_W250,1947,1.0,0.9435270664679192,0.91,1.0043927734073765
ewma_W250,1948,1.0,0.9445729969845513,0.92,1.011711810441682
ewma_W250,1949,1.0,0.9436748917141398,0.97,1.0127916190601485
ewma_W250,1950,1.0,0.9429099645966039,0.945,1.0093547117958832
ewma_W250,1951,1.0,0.9423847220370699,0.945,1.005288925194097
ewma_W250,1952,1.0,0.9420595269714684,0.945,1.0039745555893895
ewma_W250,1953,1.0,0.942571455966772,0.92,1.0060820199125617
ewma_W250,1954,1.0,0.942925042283212,0.915,1.0078560367881044
ewma_W250,1955,1.0,0.9437778841231668,0.96,1.0106305762096761
ewma_W250,1956,1.0,0.9425840181647348,0.95,1.0088527929681321
ewma_W250,1957,1.0,0.942279042636176,0.92,1.0102894178882516
ewma_W250,1958,1.0,0.9418162133297181,0.95,1.0078949498923682
ewma_W250,1959,1.0,0.9418746950480843,0.95,1.0059095814150874
ewma_W250,1960,1.0,0.9415532541824476,0.935,1.0078402918599982
ewma_W250,1961,1.0,0.9420578323929581,0.96,1.0094401378702518
ewma_W250,1962,1.0,0.9410329634445328,0.95,1.0049310142885441
ewma_W250,1963,1.0,0.9404300705187768,0.915,1.0013530935204467
ewma_W250,1964,1.0,0.9415939412892236,0.935,1.0036852479446898
ewma_W250,1965,1.0,0.9414317687809711,0.93,1.0040377469483135
ewma_W250,1966,1.0,0.9416581023269676,0.93,1.004250519721605
ewma_W250,1967,1.0,0.9421646965702376,0.95,1.0052469530683312
ewma_W250,1968,1.0,0.9419789762439934,0.95,1.006670338178362
ewma_W250,1969,1.0,0.9414781484826292,0.96,1.0034784631399902
ewma_W250,1970,1.0,0.9408850693852286,0.925,1.0005515093310295
ewma_W250,1971,1.0,0.9407297584589662,0.95,1.0031150903216886
ewma_W250,1972,1.0,0.9401589182046888,0.965,0.9983900149526502
ewma_W250,1973,1.0,0.9399936577995806,0.92,0.9961685731746962
ewma_W250,1974,1.0,0.9411183920357928,0.94,1.0003375269276866
ewma_W250,1975,1.0,0.9415562447261092,0.965,1.0017623706070113
ewma_W250,1976,1.0,0.940540988872564,0.94,0.9975626121635821
ewma_W250,1977,1.0,0.9399300558528745,0.93,0.9942166932648558
ewma_W250,1978,1.0,0.9397486204611957,0.945,0.9923630326375488
ewma_W250,1979,1.0,0.9392561634880547,0.975,0.9906963614703757
ewma_W250,1980,1.0,0.9377484180391553,0.925,0.9837087726670711
ewma_W250,1981,1.0,0.9376027069378482,0.935,0.9839593626073421
ewma_W250,1982,1.0,0.9367594212231651,0.97,0.9790463328293968
ewma_W250,1983,1.0,0.9355909239695157,0.975,0.9744967529370402
ewma_W250,1984,1.0,0.9337437693903948,0.9,0.9688686642578282
ewma_W250,1985,1.0,0.933540277308896,0.94,0.9679068994460246
ewma_W250,1986,1.0,0.9326895849063968,0.955,0.9637184209163112
ewma_W250,1987,1.0,0.9324677480241184,0.935,0.9619557137686837
ewma_W250,1988,1.0,0.9331734059457252,0.915,0.9658932610758204
ewma_W250,1989,1.0,0.9335217448443891,0.93,0.9702215192469076
ewma_W250,1990,1.0,0.9344993323276191,0.945,0.9715481167009261
ewma_W250,1991,1.0,0.9354579239626858,0.935,0.9758960436458001
ewma_W250,1992,1.0,0.9353451035000044,0.93,0.977660940873036
ewma_W250,1993,1.0,0.9354472644469735,0.95,0.9757181705263845
ewma_W250,1994,1.0,0.9355435392407374,0.915,0.9760662230080354
ewma_W250,1995,1.0,0.9365276803540484,0.925,0.9788307116509536
ewma_W250,1996,1.0,0.9379714377310973,0.935,0.9798166310158075
ewma_W250,1997,1.0,0.9365313911467845,0.965,0.9778380092845037
ewma_W250,1998,1.0,0.9348189383014918,0.95,0.9716741572392477
ewma_W250,1999,1.0,0.9354433943481061,0.94,0.9727262988687795
ewma_W250,2000,1.0,0.9361034837016163,0.93,0.9754536590057199
ewma_W250,2001,1.0,0.9370358152328836,0.935,0.9785340028738755
ewma_W250,2002,1.0,0.9372911261674628,0.945,0.9785925178371615
ewma_W250,2003,1.0,0.9378456275878037,0.9,0.9792977399335524
ewma_W250,2004,1.0,0.9390881943737504,0.93,0.9856058586480628
ewma_W250,2005,1.0,0.9402330682272977,0.945,0.9897532974227141
ewma_W250,2006,1.0,0.9390564417664302,0.94,0.9861537384200477
ewma_W250,2007,1.0,0.9385788690240113,0.935,0.9848359415883059
ewma_W250,2008,1.0,0.9379839093523884,0.94,0.9839070170129045
ewma_W250,2009,1.0,0.9378548839341997,0.93,0.9819496664507593
ewma_W250,2010,1.0,0.9386385310625478,0.945,0.9834038085907292
ewma_W250,2011,1.0,0.9383090585503804,0.96,0.9814216649528947
ewma_W250,2012,1.0,0.938195167844116,0.92,0.9822051109756308
ewma_W250,2013,1.0,0.9387327558508133,0.945,0.9843136886681214
ewma_W250,2014,1.0,0.9388474532430464,0.92,0.9831890763671083
ewma_W250,2015,1.0,0.9399629981413034,0.96,0.9868260954076452
ewma_W250,2016,1.0,0.9394496310025567,0.92,0.9843403376831885
ewma_W250,2017,1.0,0.9404711330014802,0.925,0.9891333895387278
ewma_W250,2018,1.0,0.9409041460831574,0.945,0.9899756072812784
ewma_W250,2019,1.0,0.9400612072222249,0.91,0.989103038838631
ewma_W250,2020,1.0,0.9402804300546468,0.925,0.9902982476875027
ewma_W250,2021,1.0,0.940213780515781,0.96,0.9913856487660797
ewma_W250,2022,1.0,0.9398759224754016,0.95,0.9887119423832991
ewma_W250,2023,1.0,0.93872552987295,0.945,0.9904535045155327
ewma_W250,2024,1.0,0.9387705749915818,0.935,0.9900447789338546
ewma_W250,2025,1.0,0.9389458153532958,0.95,0.9906358404854367
ewma_W250,2026,1.0,0.9382102177846192,0.925,0.9870206883103774
ewma_W250,2027,1.0,0.938959128663361,0.935,0.987881705937327
ewma_W250,2028,1.0,0.9394546163167289,0.935,0.9896153601579287
ewma_W250,2029,1.0,0.9395420633538408,0.955,0.9888634587627355
ewma_W250,2030,1.0,0.938824662407021,0.905,0.9880600714520491
ewma_W250,2031,1.0,0.9401592639619086,0.94,0.9963769786847128
ewma_W250,2032,1.0,0.9406908637130185,0.93,0.9967703284849339
ewma_W250,2033,1.0,0.940593192930805,0.95,0.9953244212863995
ewma_W250,2034,1.0,0.9398319435996324,0.94,0.9940613589481859
ewma_W250,2035,1.0,0.9393745102303289,0.95,0.9934989851838408
ewma_W250,2036,1.0,0.9396854826724964,0.98,0.994498421924458
ewma_W250,2037,1.0,0.937801220938343,0.925,0.9853326876133651
ewma_W250,2038,1.0,0.9383553246022184,0.94,0.9889393611693811
ewma_W250,2039,1.0,0.9380646196443858,0.945,0.9864784754506323
ewma_W250,2040,1.0,0.9375807506994813,0.925,0.9853424059349482
ewma_W250,2041,1.0,0.9381468213005232,0.945,0.9867743071690857
ewma_W250,2042,1.0,0.9383684800001555,0.95,0.9870586788138929
ewma_W250,2043,1.0,0.938257301547454,0.95,0.9892501963179234
ewma_W250,2044,1.0,0.938235680728,0.945,0.9881259943599653
ewma_W250,2045,1.0,0.9384945553187188,0.945,0.9889753755223012
ewma_W250,2046,1.0,0.9372852506889171,0.95,0.9842975789995541
ewma_W250,2047,1.0,0.9370454422788841,0.935,0.9818337857253021
ewma_W250,2048,1.0,0.9375958305730202,0.91,0.9843277362744034
ewma_W250,2049,1.0,0.9389136195453124,0.97,0.9886558545313271
ewma_W250,2050,1.0,0.93771360517907,0.95,0.9844058190405763
ewma_W250,2051,1.0,0.9381689692519792,0.95,0.987507448141181
ewma_W250,2052,1.0,0.9374074609437935,0.94,0.986926109174951
ewma_W250,2053,1.0,0.9377905521875249,0.985,0.9884618940079695
ewma_W250,2054,1.0,0.9359178625217184,0.95,0.9803764636724753
ewma_W250,2055,1.0,0.9361580025127847,0.925,0.9803387832998749
ewma_W250,2056,1.0,0.9365845849868958,0.95,0.9830998321177826
ewma_W250,2057,1.0,0.936714861872812,0.935,0.9837759003411435
ewma_W250,2058,1.0,0.9369905100186184,0.925,0.983447191708493
ewma_W250,2059,1.0,0.9377332043228647,0.97,0.9881516536523375
ewma_W250,2060,1.0,0.9384528212055279,0.93,0.9885167141480434
ewma_W250,2061,1.0,0.9394422334647551,0.945,0.9944872506760604
ewma_W250,2062,1.0,0.9398759613496241,0.94,0.9967836610336994
ewma_W250,2063,1.0,0.9401963639709305,0.935,0.9999856347763262
ewma_W250,2064,1.0,0.9411548323559233,0.955,1.0031325130237025
ewma_W250,2065,1.0,0.9409821293647092,0.93,1.0033140896316275
ewma_W250,2066,1.0,0.9427151909093214,0.965,1.009095001362958
ewma_W250,2067,1.0,0.9417628964501665,0.955,1.005651045518495
ewma_W250,2068,1.0,0.9420764063316119,0.955,1.0086700454502258
ewma_W250,2069,1.0,0.9418980885371897,0.945,1.008419590258718
ewma_W250,2070,1.0,0.9422082219381204,0.935,1.0084809491892286
ewma_W250,2071,1.0,0.9430367301449081,0.945,1.013844276523155
ewma_W250,2072,1.0,0.9431563654591174,0.94,1.014560414110745
ewma_W250,2073,1.0,0.9438544087859095,0.96,1.014901470165711
ewma_W250,2074,1.0,0.9429948622287913,0.935,1.0097911947891984
ewma_W250,2075,1.0,0.9430406282082603,0.955,1.0100849773213103
ewma_W250,2076,1.0,0.9436770578444065,0.97,1.009633183391709
ewma_W250,2077,1.0,0.9434464274277292,0.95,1.008139936075246
ewma_W250,2078,1.0,0.9434400304294914,0.935,1.0047825579530747
ewma_W250,2079,1.0,0.9430214730737434,0.935,1.0047103725566295
ewma_W250,2080,1.0,0.9446112007597052,0.955,1.0076092299882975
ewma_W250,2081,1.0,0.9439643039006218,0.96,1.005931889276508
ewma_W250,2082,1.0,0.9435535397926319,0.98,1.0056892338815775
ewma_W250,2083,1.0,0.9426629118099396,0.92,1.002219848591401
ewma_W250,2084,1.0,0.9436245159878817,0.95,1.0074961107915639
ewma_W250,2085,1.0,0.9438863435090112,0.97,1.0095011703740289
ewma_W250,2086,1.0,0.9444649127091992,0.985,1.0100866748976662
ewma_W250,2087,1.0,0.9432046447283849,0.94,1.0062072725485802
ewma_W250,2088,1.0,0.9432239949428362,0.9,1.0086204136391816
ewma_W250,2089,1.0,0.9444438446407346,0.94,1.0163056853734609
ewma_W250,2090,1.0,0.9450532153963382,0.935,1.0210984396294183
ewma_W250,2091,1.0,0.9466484943120278,0.96,1.0258715632603312
ewma_W250,2092,1.0,0.9462216983771884,0.94,1.0241929087709265
ewma_W250,2093,1.0,0.9474077683081975,0.975,1.0256361540625978
ewma_W250,2094,1.0,0.9463116976761202,0.94,1.0203945938066763
ewma_W250,2095,1.0,0.9461081488737788,0.94,1.0181690778836536
ewma_W250,2096,1.0,0.9471305966651562,0.93,1.021062794629027
ewma_W250,2097,1.0,0.9478815197936512,0.925,1.0258261369858197
ewma_W250,2098,1.0,0.948993022477092,0.945,1.0310929705501228
ewma_W250,2099,1.0,0.9488988893230144,0.96,1.0301650318160802
ewma_W250,2100,1.0,0.949170884541002,0.925,1.0292460698014514
ewma_W250,2101,1.0,0.9507265626443764,0.94,1.0368066787319452
ewma_W250,2102,1.0,0.9512779898774201,0.96,1.0396651376370292
ewma_W250,2103,1.0,0.9512507956998999,0.945,1.0388046585096158
ewma_W250,2104,1.0,0.9515495946225826,0.96,1.0412623397542615
ewma_W250,2105,1.0,0.9512027168172591,0.965,1.039753455983457
ewma_W250,2106,1.0,0.95057674655639,0.945,1.0359241307229887
ewma_W250,2107,1.0,0.950740292584944,0.95,1.0376924430825012
ewma_W250,2108,1.0,0.9501951203306837,0.945,1.0359429044355375
ewma_W250,2109,1.0,0.9506586349354592,0.985,1.0395400261074186
ewma_W250,2110,1.0,0.9496454071646437,0.96,1.034445329347561
ewma_W250,2111,1.0,0.9494129102600918,0.955,1.0351258058503046
ewma_W250,2112,1.0,0.9495354186867323,0.96,1.0355476452845482
ewma_W250,2113,1.0,0.9493737506865766,0.93,1.033175968937979
ewma_W250,2114,1.0,0.9504913940297118,0.94,1.0367012137220233
ewma_W250,2115,1.0,0.9507376646946508,0.95,1.037137952013904
ewma_W250,2116,1.0,0.9520626735721263,0.975,1.0413818954826723
ewma_W250,2117,1.0,0.9520031575355626,0.925,1.040820612201041
ewma_W250,2118,1.0,0.9524416324370141,0.96,1.0438008524842501
ewma_W250,2119,1.0,0.9517339175251425,0.945,1.0414868687145251
ewma_W250,2120,1.0,0.9512924630376582,0.94,1.0404155786029552
ewma_W250,2121,1.0,0.9518037761408548,0.945,1.042447612929613
ewma_W250,2122,1.0,0.9514733055156614,0.975,1.0415551222130786
ewma_W250,2123,1.0,0.950035272973069,0.94,1.0351086492608266
ewma_W250,2124,1.0,0.9495665270414889,0.935,1.032139617488757
ewma_W250,2125,1.0,0.950076351691724,0.945,1.0362740072354206
ewma_W250,2126,1.0,0.9496084931113907,0.97,1.0366571546774548
ewma_W250,2127,1.0,0.9489806441203027,0.97,1.0327836661299308
ewma_W250,2128,1.0,0.9484295680969254,0.96,1.0303396522093584
ewma_W250,2129,1.0,0.9482829045959784,0.94,1.0305475224817096
ewma_W250,2130,1.0,0.9499205166676084,0.955,1.0345672450862504
ewma_W250,2131,1.0,0.9504815374482706,0.97,1.0372078408462904
ewma_W250,2132,1.0,0.9499444927804587,0.94,1.0347561550214706
ewma_W250,2133,1.0,0.949495844059475,0.95,1.0362311783376388
ewma_W250,2134,1.0,0.9495106331474308,0.965,1.035994163834689
ewma_W250,2135,1.0,0.9494500256026069,0.955,1.0346780699741862
ewma_W250,2136,1.0,0.9487735573232794,0.94,1.0302800256501319
ewma_W250,2137,1.0,0.9498522110272992,0.94,1.034644484279888
ewma_W250,2138,1.0,0.9500659102120909,0.96,1.0374023349699595
ewma_W250,2139,1.0,0.9497643967787605,0.955,1.0367490591406763
ewma_W250,2140,1.0,0.9504017783731996,0.95,1.0385623591606177
ewma_W250,2141,1.0,0.9500515508197138,0.965,1.0366781896969204
ewma_W250,2142,1.0,0.9492122374510339,0.965,1.0339908429707128
ewma_W250,2143,1.0,0.948321161092829,0.94,1.0312548476308188
ewma_W250,2144,1.0,0.9484469156244638,0.95,1.0338076080723697
ewma_W250,2145,1.0,0.9483615969582179,0.96,1.0334589012395277
ewma_W250,2146,1.0,0.9483444956536623,0.94,1.032144166955939
ewma_W250,2147,1.0,0.9497880388402897,0.94,1.0379466200207492
ewma_W250,2148,1.0,0.9501175327683805,0.955,1.0389132625640334
ewma_W250,2149,1.0,0.9503255334735389,0.95,1.0367132779829638
ewma_W250,2150,1.0,0.9509034409467599,0.965,1.0396211689156303
ewma_W250,2151,1.0,0.9503503128290746,0.94,1.0362280477614894
ewma_W250,2152,1.0,0.9515001197390179,0.96,1.0405148108196745
ewma_W250,2153,1.0,0.9522654640401866,0.945,1.043329895007937
ewma_W250,2154,1.0,0.9519948498835032,0.96,1.0439620157881948
ewma_W250,2155,1.0,0.9513178736663355,0.955,1.0407872460860146
ewma_W250,2156,1.0,0.9504294023787216,0.96,1.0378451481370623
ewma_W250,2157,1.0,0.9503690321520915,0.965,1.0380872152285558
ewma_W250,2158,1.0,0.9504442104843338,0.965,1.0360830820539317
ewma_W250,2159,1.0,0.9495412949704177,0.945,1.0308195964520201
ewma_W250,2160,1.0,0.9488938359486718,0.965,1.031795676413054
ewma_W250,2161,1.0,0.9478023544119726,0.96,1.0272383702182935
ewma_W250,2162,1.0,0.9478262469125273,0.93,1.0290616262104448
ewma_W250,2163,1.0,0.9487220660722664,0.95,1.0312032529917492
ewma_W250,2164,1.0,0.9495700269927224,0.945,1.0343099968030551
ewma_W250,2165,1.0,0.9500434109938398,0.95,1.0368254187271488
ewma_W250,2166,1.0,0.9499267396968857,0.945,1.0360977624836727
ewma_W250,2167,1.0,0.9496294929327899,0.97,1.0364114172756949
ewma_W250,2168,1.0,0.948950167723926,0.94,1.0358903269729864
ewma_W250,2169,1.0,0.9497507347567747,0.955,1.0371442860831102
ewma_W250,2170,1.0,0.9496253926910427,0.965,1.0356171377645365
ewma_W250,2171,1.0,0.9491788706510493,0.95,1.032803819453677
ewma_W250,2172,1.0,0.9479238086893065,0.97,1.029855744026371
ewma_W250,2173,1.0,0.9468883990037824,0.945,1.024369915685739
ewma_W250,2174,1.0,0.9473326128844297,0.965,1.027262757903484
ewma_W250,2175,1.0,0.9467383707231679,0.955,1.024362406874248
ewma_W250,2176,1.0,0.9466777068766763,0.94,1.0244714510314585
ewma_W250,2177,1.0,0.9467406325799348,0.93,1.023815510425231
ewma_W250,2178,1.0,0.9477561923192708,0.925,1.026581323048613
ewma_W250,2179,1.0,0.9492492066462023,0.96,1.0321538606341878
ewma_W250,2180,1.0,0.948728977398321,0.915,1.030844071562421
ewma_W250,2181,1.0,0.9502036495498726,0.945,1.041322757710419
ewma_W250,2182,1.0,0.9507548260372051,0.94,1.0467121710411886
ewma_W250,2183,1.0,0.9509922750286769,0.945,1.0460007346754459
ewma_W250,2184,1.0,0.9508184160490365,0.96,1.0488667453905558
ewma_W250,2185,1.0,0.9515613943441299,0.945,1.049749628633255
ewma_W250,2186,1.0,0.9519115040412478,0.965,1.0509660481112824
ewma_W250,2187,1.0,0.9517914449059066,0.945,1.0483591545510484
ewma_W250,2188,1.0,0.9522605836445812,0.955,1.0487293099654542
ewma_W250,2189,1.0,0.9517333822590156,0.94,1.046870821479808
ewma_W250,2190,1.0,0.9510190567928738,0.95,1.0440417231680228
ewma_W250,2191,1.0,0.9513347511938542,0.96,1.0451418849225103
ewma_W250,2192,1.0,0.9513232654448376,0.98,1.0445759501172835
ewma_W250,2193,1.0,0.9499150255570242,0.97,1.037453751821033
ewma_W250,2194,1.0,0.9498319761827763,0.965,1.0375476160497845
ewma_W250,2195,1.0,0.9488993873996076,0.95,1.035084182363514
ewma_W250,2196,1.0,0.9497940812939091,0.945,1.0368657392897425
ewma_W250,2197,1.0,0.9504003447809883,0.975,1.0395147631336719
ewma_W250,2198,1.0,0.9495312224867888,0.95,1.0352731999457399
ewma_W250,2199,1.0,0.9502712625006712,0.895,1.0394355042098935
ewma_W250,2200,1.0,0.9519119351956675,0.945,1.0483310344406105
ewma_W250,2201,1.0,0.953105798764991,0.955,1.0524382165973776
ewma_W250,2202,1.0,0.9524005533767556,0.935,1.0506178278449598
ewma_W250,2203,1.0,0.9522094870881042,0.965,1.050117237131012
ewma_W250,2204,1.0,0.9516607314077373,0.935,1.0471126196787082
ewma_W250,2205,1.0,0.9523507019512487,0.955,1.0489512678621955
ewma_W250,2206,1.0,0.9524112898415942,0.955,1.0491300805897563
ewma_W250,2207,1.0,0.9523055243215636,0.945,1.0496134804710358
ewma_W250,2208,1.0,0.9519898286006513,0.96,1.0501135688051237
ewma_W250,2209,1.0,0.9521284510430231,0.95,1.0489206495944148
ewma_W250,2210,1.0,0.9518526396797725,0.96,1.046768627964546
ewma_W250,2211,1.0,0.9525799971775651,0.955,1.0513417262901918
ewma_W250,2212,1.0,0.9524390568953898,0.955,1.0497227541919647
ewma_W250,2213,1.0,0.9518292184023847,0.925,1.0485031815462083
ewma_W250,2214,1.0,0.9515310339706159,0.965,1.047224635982529
ewma_W250,2215,1.0,0.9509147516552963,0.96,1.0436308385350201
ewma_W250,2216,1.0,0.9506442394547969,0.995,1.0439188662995895
ewma_W250,2217,1.0,0.9495423454702662,0.965,1.0376708290444427
ewma_W250,2218,1.0,0.9493709441185093,0.96,1.0373617803924855
ewma_W250,2219,1.0,0.9499640705158656,0.95,1.0395479113178772
ewma_W250,2220,1.0,0.949769467403621,0.94,1.0391922537802307
ewma_W250,2221,1.0,0.9509250778319691,0.935,1.042180074164161
ewma_W250,2222,1.0,0.9522373306470439,0.96,1.0505125798064858
ewma_W250,2223,1.0,0.9516199685007529,0.96,1.0466295132530994
ewma_W250,2224,1.0,0.9517410391188877,0.95,1.0468553084025425
ewma_W250,2225,1.0,0.9516914067776111,0.965,1.0454594894371119
ewma_W250,2226,1.0,0.9520235968863873,0.95,1.0462887213815772
ewma_W250,2227,1.0,0.9522923881246689,0.955,1.047374572398371
ewma_W250,2228,1.0,0.9512612172167261,0.93,1.0420412192538975
ewma_W250,2229,1.0,0.9515472656592522,0.94,1.0455611660049207
ewma_W250,2230,1.0,0.9513416789459387,0.94,1.0483778662474996
ewma_W250,2231,1.0,0.9518736319883403,0.95,1.0506145469439698
ewma_W250,2232,1.0,0.952488964189508,0.945,1.0526160541232843
ewma_W250,2233,1.0,0.9530322927814899,0.935,1.05587963366347
ewma_W250,2234,1.0,0.9543791575922083,0.955,1.0634121629620492
ewma_W250,2235,1.0,0.9544889696146361,0.985,1.0634476092110594
ewma_W250,2236,1.0,0.953594290863638,0.93,1.057835789152786
ewma_W250,2237,1.0,0.9553768710931365,0.935,1.0643860345975475
ewma_W250,2238,1.0,0.9550905145400725,0.955,1.0653459523356492
ewma_W250,2239,1.0,0.95503125716564,0.97,1.0648107564179912
ewma_W250,2240,1.0,0.9548542858795181,0.955,1.0631155279216769
ewma_W250,2241,1.0,0.954151527328351,0.96,1.0584384272079757
ewma_W250,2242,1.0,0.9540045700572202,0.93,1.0574926632352588
ewma_W250,2243,1.0,0.9556660042054769,0.97,1.0635144790072806
ewma_W250,2244,1.0,0.9550504703911443,0.95,1.0596362614296566
ewma_W250,2245,1.0,0.9553612514501916,0.965,1.0644363343748346
ewma_W250,2246,1.0,0.9554051024265174,0.96,1.0625782563807333
ewma_W250,2247,1.0,0.9554555225997454,0.965,1.0605043045297806
ewma_W250,2248,1.0,0.9553357753207419,0.96,1.0615964173814945
ewma_W250,2249,1.0,0.9544045861576277,0.955,1.0587210734739818
ewma_W250,2250,1.0,0.9542096801622374,0.955,1.0568595345140506
ewma_W250,2251,1.0,0.9547663486329345,0.96,1.0579949705846419
ewma_W250,2252,1.0,0.9538779173591029,0.935,1.0541755905501244
ewma_W250,2253,1.0,0.9548757490224768,0.945,1.0587452539151474
ewma_W250,2254,1.0,0.9553048743628585,0.96,1.058875922845238
ewma_W250,2255,1.0,0.9548671062924976,0.925,1.059697696790546
ewma_W250,2256,1.0,0.9560146645546742,0.955,1.0665313206114038
ewma_W250,2257,1.0,0.9555531363135304,0.955,1.0653364248331523
ewma_W250,2258,1.0,0.955951321440613,0.975,1.0667343011212984
ewma_W250,2259,1.0,0.9554981089304276,0.965,1.0659149904808676
ewma_W250,2260,1.0,0.9551306473869272,0.955,1.062778945122056
ewma_W250,2261,1.0,0.9550193829624429,0.96,1.0635498246484085
ewma_W250,2262,1.0,0.9547109251357716,0.945,1.0633527885399616
ewma_W250,2263,1.0,0.9554983692174303,0.965,1.0644751868755813
ewma_W250,2264,1.0,0.9552419934255293,0.935,1.0637024908104014
ewma_W250,2265,1.0,0.9558924777327726,0.915,1.0654288045500035
ewma_W250,2266,1.0,0.9569689036146295,0.965,1.0776787814061237
ewma_W250,2267,1.0,0.9561763480460657,0.945,1.071860508731023
ewma_W250,2268,1.0,0.9560679619230121,0.955,1.0710839449100136
ewma_W250,2269,1.0,0.9553393735207262,0.945,1.0703825213439415
ewma_W250,2270,1.0,0.9546111322525315,0.95,1.0681188850230128
ewma_W250,2271,1.0,0.9544422705358266,0.94,1.0655539574756938
ewma_W250,2272,1.0,0.9545289772735281,0.965,1.065516153444322
ewma_W250,2273,1.0,0.9537699484783165,0.945,1.061523703899191
ewma_W250,2274,1.0,0.953821325739318,0.955,1.0628663811686716
ewma_W250,2275,1.0,0.9543755124444844,0.935,1.062343678045346
ewma_W250,2276,1.0,0.9547484375992181,0.94,1.0652097713925976
ewma_W250,2277,1.0,0.9556676241643914,0.97,1.0694891302169562
ewma_W250,2278,1.0,0.9554794728942179,0.94,1.066013506095252
ewma_W250,2279,1.0,0.9560810141118155,0.975,1.0669958772636614
ewma_W250,2280,1.0,0.9561890108603173,0.96,1.0640554163814573
ewma_W250,2281,1.0,0.9550309250366698,0.945,1.0603808233840524
ewma_W250,2282,1.0,0.9551172604846826,0.945,1.058975940729872
ewma_W250,2283,1.0,0.9553540476371878,0.94,1.0593043237560003
ewma_W250,2284,1.0,0.9555137158038325,0.945,1.0605272789944937
ewma_W250,2285,1.0,0.9548447498930648,0.965,1.0585854910926753
ewma_W250,2286,1.0,0.9541711921135697,0.96,1.054803980863444
ewma_W250,2287,1.0,0.953870743959658,0.975,1.0550771514960247
ewma_W250,2288,1.0,0.9539396988519602,0.955,1.0506966706916987
ewma_W250,2289,1.0,0.9538248256536147,0.95,1.0503495069790245
ewma_W250,2290,1.0,0.9542694476328876,0.97,1.054245238813417
ewma_W250,2291,1.0,0.9532795794668502,0.98,1.0498684313508446
ewma_W250,2292,1.0,0.9519268850265244,0.94,1.0437481006258524
ewma_W250,2293,1.0,0.9529689128254197,0.97,1.048832270156445
ewma_W250,2294,1.0,0.9533409718018112,0.945,1.0511931501113747
ewma_W250,2295,1.0,0.9529576821426384,0.945,1.0489735786117742
ewma_W250,2296,1.0,0.953161809290463,0.95,1.0505517848558314
ewma_W250,2297,1.0,0.9532810283758819,0.96,1.0499308983896956
ewma_W250,2298,1.0,0.952886775232668,0.98,1.0495851365230646
ewma_W250,2299,1.0,0.9519206488048738,0.975,1.0430313485625446
ewma_W250,2300,1.0,0.9502528947576763,0.92,1.0369182145281073
ewma_W250,2301,1.0,0.9511344547876598,0.93,1.0400742798234237
ewma_W250,2302,1.0,0.9523662563621274,0.955,1.0470400037745136
ewma_W250,2303,1.0,0.9521602638917582,0.945,1.0448984152113372
ewma_W250,2304,1.0,0.9525765946280917,0.955,1.0502391778334903
ewma_W250,2305,1.0,0.9528763060141472,0.95,1.0512907686388824
ewma_W250,2306,1.0,0.9528377719055939,0.945,1.0513236292497665
ewma_W250,2307,1.0,0.9526751712670688,0.93,1.0495606377607132
ewma_W250,2308,1.0,0.9538471692441738,0.945,1.0541012562517493
ewma_W250,2309,1.0,0.9539548169702123,0.955,1.0550063771298064
ewma_W250,2310,1.0,0.9545862659637256,0.95,1.057961192402986
ewma_W250,2311,1.0,0.9539115413969016,0.955,1.0552359092707664
ewma_W250,2312,1.0,0.9539570390707687,0.98,1.055485613352577
ewma_W250,2313,1.0,0.9533135379253825,0.97,1.0523750131524308
ewma_W250,2314,1.0,0.9525422392210623,0.98,1.0491226826553122
ewma_W250,2315,1.0,0.9521357908692094,0.945,1.045510987228666
ewma_W250,2316,1.0,0.952331168616939,0.98,1.0460471237981546
ewma_W250,2317,1.0,0.951370070207415,0.95,1.03967560671621
ewma_W250,2318,1.0,0.951679855359022,0.945,1.0418477560888035
ewma_W250,2319,1.0,0.9513148005535982,0.955,1.0412803904631867
ewma_W250,2320,1.0,0.9514234430746525,0.94,1.0418534717097268
ewma_W250,2321,1.0,0.9516151667278473,0.955,1.0443716636814961
ewma_W250,2322,1.0,0.9513163724235432,0.92,1.04529271656968
ewma_W250,2323,1.0,0.9528671995440786,0.96,1.0512971540754419
ewma_W250,2324,1.0,0.9526948347555448,0.915,1.0500188593652375
ewma_W250,2325,1.0,0.9546382204025906,0.96,1.0620986212549888
ewma_W250,2326,1.0,0.9548751167171392,0.935,1.062157280397085
ewma_W250,2327,1.0,0.9551233888487889,0.97,1.063203217197539
ewma_W250,2328,1.0,0.95430305346814,0.955,1.058935165349884
ewma_W250,2329,1.0,0.9547498217615898,0.95,1.057598312446847
ewma_W250,2330,1.0,0.9551345277555324,0.965,1.0606936406057976
ewma_W250,2331,1.0,0.9550263408474282,0.965,1.0581938491966791
ewma_W250,2332,1.0,0.9548578586375291,0.97,1.0582839242380166
ewma_W250,2333,1.0,0.9549396251054861,0.97,1.0553472367802226
ewma_W250,2334,1.0,0.9551761289102179,0.94,1.0565978367817304
ewma_W250,2335,1.0,0.9556530771216503,0.975,1.0605506459572485
ewma_W250,2336,1.0,0.9543758896092988,0.97,1.0544688280109744
ewma_W250,2337,1.0,0.9533074454173154,0.955,1.0495939210320018
ewma_W250,2338,1.0,0.9536952466757017,0.945,1.0505633334858329
ewma_W250,2339,1.0,0.953689500758268,0.965,1.0503066889254322
ewma_W250,2340,1.0,0.9519624725754832,0.95,1.0438877821788566
ewma_W250,2341,1.0,0.9519759862156755,0.95,1.0442124396823724
ewma_W250,2342,1.0,0.9527473941334732,0.945,1.0486112822604652
ewma_W250,2343,1.0,0.9528839514072561,0.975,1.050012505622426
ewma_W250,2344,1.0,0.9521127393088669,0.955,1.0478582022579517
ewma_W250,2345,1.0,0.9531315532726481,0.94,1.0525939548640109
ewma_W250,2346,1.0,0.9535481377787752,0.945,1.0560040801682598
ewma_W250,2347,1.0,0.954231425908116,0.96,1.057098420720858
ewma_W250,2348,1.0,0.954600026361354,0.965,1.0581275310138756
ewma_W250,2349,1.0,0.9542032942345299,0.94,1.0557961252494987
ewma_W250,2350,1.0,0.9541491039934116,0.95,1.0556024513969218
ewma_W250,2351,1.0,0.9554420155423341,0.95,1.0606714252624565
ewma_W250,2352,1.0,0.955243777259404,0.96,1.0615581938077312
ewma_W250,2353,1.0,0.9555042724964123,0.96,1.0632154308654675
ewma_W250,2354,1.0,0.9554755790533669,0.915,1.0622614790889573
ewma_W250,2355,1.0,0.9561799427643183,0.97,1.067169829890795
ewma_W250,2356,1.0,0.9560521349750153,0.97,1.0678149956960763
ewma_W250,2357,1.0,0.9555286122277211,0.96,1.0658363676848737
ewma_W250,2358,1.0,0.9557111033517595,0.97,1.0665464694558333
ewma_W250,2359,1.0,0.9555131839959806,0.95,1.0645310649095814
ewma_W250,2360,1.0,0.9554010797340158,0.955,1.066870804891645
ewma_W250,2361,1.0,0.9552498163947617,0.96,1.0642691455780093
ewma_W250,2362,1.0,0.9544252464062637,0.95,1.0590022706791091
ewma_W250,2363,1.0,0.9542529491594332,0.98,1.0596740637276545
ewma_W250,2364,1.0,0.953624385737885,0.935,1.057238991115998
ewma_W250,2365,1.0,0.953565795529229,0.975,1.0620024217258668
ewma_W250,2366,1.0,0.9532397972359083,0.95,1.0605530115472022
ewma_W250,2367,1.0,0.9536038351146001,0.97,1.0609627852426373
ewma_W250,2368,1.0,0.9526432524393261,0.945,1.0533020380298102
ewma_W250,2369,1.0,0.9528933502063288,0.95,1.0553786480897442
ewma_W250,2370,1.0,0.952987045053258,0.945,1.054684118520596
ewma_W250,2371,1.0,0.9527134121803422,0.965,1.05313931308915
ewma_W250,2372,1.0,0.9526590877679988,0.935,1.0529487966084452
ewma_W250,2373,1.0,0.9533636597157645,0.945,1.0562191805522039
ewma_W250,2374,1.0,0.9543003150968464,0.96,1.0600255799054712
ewma_W250,2375,1.0,0.9536431134474711,0.945,1.053210290377356
ewma_W250,2376,1.0,0.9546768669930029,0.94,1.0560755852018946
ewma_W250,2377,1.0,0.9556767834460435,0.965,1.0614150136805158
ewma_W250,2378,1.0,0.9551315956164058,0.96,1.0579597717647629
ewma_W250,2379,1.0,0.9545668045704448,0.965,1.0550245961848104
ewma_W250,2380,1.0,0.9541157972179093,0.945,1.0532538137372962
ewma_W250,2381,1.0,0.9542745196227566,0.95,1.055649688309323
ewma_W250,2382,1.0,0.954020218918169,0.94,1.0561523173191711
ewma_W250,2383,1.0,0.9540215095469164,0.945,1.0555082442028854
ewma_W250,2384,1.0,0.9546469261008197,0.935,1.0568906799314908
ewma_W250,2385,1.0,0.9558053140329806,0.945,1.061911323477951
ewma_W250,2386,1.0,0.9558216567170031,0.935,1.0661498416796897
ewma_W250,2387,1.0,0.9561592051705371,0.965,1.0690099877519668
ewma_W250,2388,1.0,0.9559174080703811,0.99,1.0671875383771223
ewma_W250,2389,1.0,0.9549366293363576,0.945,1.0622975879217336
ewma_W250,2390,1.0,0.9553323344407078,0.94,1.066485491183351
ewma_W250,2391,1.0,0.954946608687226,0.97,1.0655316733051823
ewma_W250,2392,1.0,0.9538680165957938,0.955,1.060282394637014
ewma_W250,2393,1.0,0.9544174615056766,0.945,1.0601025312458017
ewma_W250,2394,1.0,0.9552750651157638,0.945,1.0646486726351194
ewma_W250,2395,1.0,0.9558899639703171,0.97,1.0667028580079179
ewma_W250,2396,1.0,0.955019745502849,0.965,1.0634880986012072
ewma_W250,2397,1.0,0.9546898423193894,0.97,1.0617649283414494
ewma_W250,2398,1.0,0.9542144068847989,0.95,1.0597092504072074
ewma_W250,2399,1.0,0.954410125345409,0.945,1.061072755196931
ewma_W250,2400,1.0,0.9541149635570022,0.97,1.060874824545609
ewma_W250,2401,1.0,0.9529564893580562,0.955,1.0564012626766117
ewma_W250,2402,1.0,0.9529012030642374,0.965,1.0560516528759627
ewma_W250,2403,1.0,0.9520750044797714,0.94,1.0517874992952294
ewma_W250,2404,1.0,0.9522603497235466,0.935,1.0546601186385263
ewma_W250,2405,1.0,0.952774342874207,0.95,1.0561351284393516
ewma_W250,2406,1.0,0.9535901078370027,0.99,1.0566662647154859
ewma_W250,2407,1.0,0.9530819392192831,0.955,1.0525811004207584
ewma_W250,2408,1.0,0.952919775428814,0.94,1.0509636484011744
ewma_W250,2409,1.0,0.9530650298055293,0.96,1.0543757655534194
ewma_W250,2410,1.0,0.9528158727115482,0.96,1.052558616568181
ewma_W250,2411,1.0,0.9518850387367249,0.945,1.0512775050909833
ewma_W250,2412,1.0,0.9523663736061684,0.945,1.0529834496449881
ewma_W250,2413,1.0,0.9524718051554908,0.96,1.0510406399457712
ewma_W250,2414,1.0,0.9519510816574513,0.945,1.048519576196861
ewma_W250,2415,1.0,0.9526073001932513,0.945,1.0532257151125821
ewma_W250,2416,1.0,0.9533505977131752,0.925,1.055260902940575
ewma_W250,2417,1.0,0.9543369869043752,0.98,1.06077990788409
ewma_W250,2418,1.0,0.9537917163092021,0.955,1.0587128391951675
ewma_W250,2419,1.0,0.9544370850831144,0.94,1.059304901906724
ewma_W250,2420,1.0,0.9541319424246828,0.955,1.0606094606403909
ewma_W250,2421,1.0,0.9538605417930737,0.95,1.0576940527585503
ewma_W250,2422,1.0,0.9535774035991761,0.94,1.0560985103211484
ewma_W250,2423,1.0,0.9543861637537769,0.975,1.0585471955879726
ewma_W250,2424,1.0,0.9530667828574702,0.95,1.0546315843301595
ewma_W250,2425,1.0,0.9533761708275079,0.965,1.054014009954004
ewma_W250,2426,1.0,0.9533033205618164,0.965,1.051253065064936
ewma_W250,2427,1.0,0.9522951761876066,0.945,1.0484724446555744
ewma_W250,2428,1.0,0.9523965502021261,0.955,1.0500943802675449
ewma_W250,2429,1.0,0.952492221989622,0.965,1.0504960376768033
ewma_W250,2430,1.0,0.9525031003087685,0.96,1.049799934772061
ewma_W250,2431,1.0,0.9522108314063118,0.945,1.0512491505987203
ewma_W250,2432,1.0,0.9518662806432592,0.93,1.0510085665559992
ewma_W250,2433,1.0,0.9534413248158952,0.94,1.0545982430873637
ewma_W250,2434,1.0,0.9534063138295129,0.945,1.052291549529265
ewma_W250,2435,1.0,0.9543026801086808,0.96,1.0550513056967943
ewma_W250,2436,1.0,0.953391284048537,0.945,1.0509866066672227
ewma_W250,2437,1.0,0.953509621712443,0.96,1.05159685765819
ewma_W250,2438,1.0,0.9536014346962419,0.95,1.0528590231928563
ewma_W250,2439,1.0,0.9530018870924946,0.945,1.050547307442826
ewma_W250,2440,1.0,0.953985748126197,0.95,1.05403630826248
ewma_W250,2441,1.0,0.9547514942982156,0.97,1.058743176341547
ewma_W250,2442,1.0,0.9534191845347766,0.975,1.0543948741935523
ewma_W250,2443,1.0,0.9530245142725279,0.945,1.052832539152383
ewma_W250,2444,1.0,0.9530571806045844,0.94,1.0545641560018586
ewma_W250,2445,1.0,0.9533798662868327,0.97,1.0551935324413695
ewma_W250,2446,1.0,0.952755832897013,0.955,1.0550555941677267
ewma_W250,2447,1.0,0.9522972190288926,0.96,1.0518061966180465
ewma_W250,2448,1.0,0.9514750104965566,0.97,1.0504779393032115
ewma_W250,2449,1.0,0.9508347834995413,0.97,1.049451093900451
ewma_W250,2450,1.0,0.9506140885456871,0.965,1.0470906585659108
ewma_W250,2451,1.0,0.9501202031635685,0.95,1.0424464266616642
ewma_W250,2452,1.0,0.9500629530355191,0.93,1.0433174073358118
ewma_W250,2453,1.0,0.9516173179887989,0.97,1.0480274834278318
ewma_W250,2454,1.0,0.9510785741854322,0.96,1.046784653460326
ewma_W250,2455,1.0,0.9503669108197376,0.94,1.0450861985056588
ewma_W250,2456,1.0,0.9505987928181557,0.965,1.0464229836044268
ewma_W250,2457,1.0,0.9497130516880448,0.95,1.0408725599998192
ewma_W250,2458,1.0,0.9502769591556085,0.95,1.043130982695352
ewma_W250,2459,1.0,0.9505678748644121,0.965,1.0475479731196693
ewma_W250,2460,1.0,0.950231486244186,0.965,1.044001614152409
ewma_W250,2461,1.0,0.9496760723888812,0.95,1.04028160837468
ewma_W250,2462,1.0,0.9497838199184208,0.955,1.040868949906885
ewma_W250,2463,1.0,0.9492183619512847,0.97,1.0374345532045164
ewma_W250,2464,1.0,0.9483628678102278,0.965,1.0343168771709603
ewma_W250,2465,1.0,0.9476155105542863,0.955,1.0311817539240826
ewma_W250,2466,1.0,0.9471267226403209,0.96,1.0279960747857126
ewma_W250,2467,1.0,0.9469555455630205,0.945,1.026446526876224
ewma_W250,2468,1.0,0.9475700320770923,0.93,1.0283763470378853
ewma_W250,2469,1.0,0.9489078636977747,0.95,1.0362864854545102
ewma_W250,2470,1.0,0.9492936822727536,0.94,1.035763298342255
ewma_W250,2471,1.0,0.9496916751317462,0.94,1.039831694032633
ewma_W250,2472,1.0,0.949152285790579,0.935,1.0394571256711103
ewma_W250,2473,1.0,0.9500952601550273,0.945,1.0470439575586366
ewma_W250,2474,1.0,0.9503330286496562,0.94,1.049663656695126
ewma_W250,2475,1.0,0.9500087497595067,0.97,1.0532591135677989
ewma_W250,2476,1.0,0.9494684417512215,0.955,1.0503495175064643
ewma_W250,2477,1.0,0.9503435330885259,0.94,1.0511939224450462
ewma_W250,2478,1.0,0.9510708713483157,0.97,1.0547441675078106
ewma_W250,2479,1.0,0.9515563969821136,0.945,1.0548335483124307
ewma_W250,2480,1.0,0.9526026508021989,0.97,1.0581955953045854
ewma_W250,2481,1.0,0.9514471959155748,0.955,1.0498505181165487
ewma_W250,2482,1.0,0.9507609188900255,0.945,1.047342668447458
ewma_W250,2483,1.0,0.9508149737017929,0.945,1.0475747595326326
ewma_W250,2484,1.0,0.9507472987775496,0.95,1.047706143484383
ewma_W250,2485,1.0,0.9511754009104866,0.955,1.0471049821189187
ewma_W250,2486,1.0,0.952376248169892,0.965,1.0515064049556917
ewma_W250,2487,1.0,0.9516309184861353,0.94,1.0507988957919616
ewma_W250,2488,1.0,0.9519162412292895,0.955,1.0522790957282009
ewma_W250,2489,1.0,0.9514464499013547,0.97,1.0515552359802525
ewma_W250,2490,1.0,0.9511734241782673,0.945,1.0474557724033826
ewma_W250,2491,1.0,0.9510669443752358,0.94,1.0494292518785633
ewma_W250,2492,1.0,0.9510753201768926,0.93,1.0548309584794802
ewma_W250,2493,1.0,0.9513395803235599,0.97,1.0545961357219067
ewma_W250,2494,1.0,0.9521004009962405,0.935,1.0584320892003458
ewma_W250,2495,1.0,0.9529333957338656,0.94,1.0606531158981576
ewma_W250,2496,1.0,0.9538807071613005,0.97,1.0627049692916783
ewma_W250,2497,1.0,0.9533287866262558,0.965,1.0585966691823432
ewma_W250,2498,1.0,0.9529995956325049,0.955,1.0519538120524274
ewma_W250,2499,1.0,0.9522147566908414,0.985,1.0494233047342123
ewma_W250,2500,1.0,0.9511380832171555,0.98,1.0447803923722896
ewma_W250,2501,1.0,0.9499009086594605,0.935,1.0405282047991333
ewma_W250,2502,1.0,0.9513507485114994,0.95,1.044808897779872
ewma_W250,2503,1.0,0.950938003631507,0.91,1.045701467839213
ewma_W250,2504,1.0,0.9512581806633978,0.96,1.0492425081715226
ewma_W250,2505,1.0,0.9510674179091994,0.94,1.0485407616734252
ewma_W250,2506,1.0,0.9514211224477129,0.95,1.047606546205736
ewma_W250,2507,1.0,0.9505744063349436,0.96,1.0453907484144145
ewma_W250,2508,1.0,0.9499592304736518,0.95,1.041209658439492
ewma_W250,2509,1.0,0.9513639099540582,0.98,1.0459265627873728
ewma_W250,2510,1.0,0.9499377936658638,0.955,1.0391577254580926
ewma_W250,2511,1.0,0.949032401425418,0.985,1.0374545236832724
ewma_W250,2512,1.0,0.9471856479410172,0.95,1.0281347989755565
ewma_W250,2513,1.0,0.9489346957074412,0.965,1.0347197667244317
ewma_W250,2514,1.0,0.9488575693122979,0.94,1.03688578494804
ewma_W250,2515,1.0,0.9495736743193308,0.945,1.03958643654617
ewma_W250,2516,1.0,0.9504763076718743,0.915,1.0457026446353428
ewma_W250,2517,1.0,0.9519076837401124,0.975,1.0516074450521145
ewma_W250,2518,1.0,0.9506369752261646,0.89,1.0442380381039573
ewma_W250,2519,1.0,0.9530759423707041,0.96,1.0561377496325965
ewma_W250,2520,1.0,0.9539063028794824,0.95,1.0601259524328959
ewma_W250,2521,1.0,0.9533784178354636,0.97,1.056602285497982
ewma_W250,2522,1.0,0.9522007625446096,0.935,1.0499657563833602
ewma_W250,2523,1.0,0.9525900361587578,0.96,1.0524678516148458
ewma_W250,2524,1.0,0.9527660011768182,0.94,1.0514870630791822
ewma_W250,2525,1.0,0.9538112227379122,0.965,1.0557843438592769
ewma_W250,2526,1.0,0.9530132824570379,0.96,1.0499705982534437
ewma_W250,2527,1.0,0.9534142190822732,0.925,1.0514382983472716
ewma_W250,2528,1.0,0.9533777180597621,0.945,1.053414985389936
ewma_W250,2529,1.0,0.9538541235671254,0.94,1.05543239765915
ewma_W250,2530,1.0,0.9551770643531086,0.945,1.0599061113745822
ewma_W250,2531,1.0,0.9549018774229956,0.98,1.0590923199341278
ewma_W250,2532,1.0,0.9532515102761816,0.935,1.0498300219756558
ewma_W250,2533,1.0,0.9529291030382545,0.96,1.0508904496950475
ewma_W250,2534,1.0,0.9530430408350437,0.945,1.0496515526149208
ewma_W250,2535,1.0,0.9529423652349983,0.965,1.0512752461859318
ewma_W250,2536,1.0,0.9523127462592735,0.965,1.0485513472500239
ewma_W250,2537,1.0,0.9518917333528286,0.935,1.0454523907632562
ewma_W250,2538,1.0,0.9522704045020618,0.945,1.0469098254518425
ewma_W250,2539,1.0,0.9529104144867816,0.945,1.0493981729312403
ewma_W250,2540,1.0,0.9524455555059521,0.935,1.0477857379378137
ewma_W250,2541,1.0,0.9521431547239058,0.945,1.0454421211697809
ewma_W250,2542,1.0,0.9516113092072657,0.965,1.047124818133038
ewma_W250,2543,1.0,0.9518109241817099,0.95,1.0479116117209875
ewma_W250,2544,1.0,0.9524707048616867,0.97,1.0496740155079614
ewma_W250,2545,1.0,0.9515459022173418,0.96,1.0469294229382582
ewma_W250,2546,1.0,0.9509058286016442,0.945,1.044275637391148
ewma_W250,2547,1.0,0.951076900634271,0.955,1.0464450688656688
ewma_W250,2548,1.0,0.9509169295674471,0.96,1.0467006391201799
ewma_W250,2549,1.0,0.9505977544859892,0.975,1.043336247480798
ewma_W250,2550,1.0,0.9500632669063639,0.945,1.040565672349519
ewma_W250,2551,1.0,0.9496547507825841,0.935,1.0390249737678368
ewma_W250,2552,1.0,0.9508742524689698,0.935,1.0410960017390125
ewma_W250,2553,1.0,0.9513316168219688,0.95,1.0454383819656121
ewma_W250,2554,1.0,0.951237926718105,0.95,1.0445700668373477
ewma_W250,2555,1.0,0.9518169412708424,0.95,1.04882906424179
ewma_W250,2556,1.0,0.9510576237568386,0.955,1.048710063968979
ewma_W250,2557,1.0,0.9515975084721151,0.965,1.049616476757621
ewma_W250,2558,1.0,0.9508862411889869,0.95,1.044997870740853
ewma_W250,2559,1.0,0.9507408505806009,0.975,1.044389946217643
ewma_W250,2560,1.0,0.949973522321756,0.94,1.042988896213107
ewma_W250,2561,1.0,0.9493640277961839,0.93,1.0444974390894715
ewma_W250,2562,1.0,0.9500422126938094,0.955,1.0470133789859117
ewma_W250,2563,1.0,0.9496471069456212,0.95,1.0459262214464475
ewma_W250,2564,1.0,0.9497429031491835,0.945,1.0455796536812414
ewma_W250,2565,1.0,0.9508250335034654,0.94,1.0500208889147018
ewma_W250,2566,1.0,0.9510778515227714,0.945,1.0484823339869045
ewma_W250,2567,1.0,0.9519084000279318,0.94,1.0522642414601524
ewma_W250,2568,1.0,0.9520285500825219,0.955,1.0522043973832615
ewma_W250,2569,1.0,0.95260634065782,0.96,1.0538963043098475
ewma_W250,2570,1.0,0.9527236163314237,0.96,1.05350690193905
ewma_W250,2571,1.0,0.9520498316581125,0.96,1.0524377290838027
ewma_W250,2572,1.0,0.9515376379486304,0.97,1.0518523997550142
ewma_W250,2573,1.0,0.9500662769688133,0.955,1.0454283415807424
ewma_W250,2574,1.0,0.9503390501868451,0.955,1.046832677391216
ewma_W250,2575,1.0,0.949597570032143,0.965,1.0454087448125855
ewma_W250,2576,1.0,0.9490835042876462,0.925,1.0446340188214114
ewma_W250,2577,1.0,0.949991403879788,0.96,1.0479939804648222
ewma_W250,2578,1.0,0.9499851434972342,0.955,1.0480749566501473
ewma_W250,2579,1.0,0.9498963205640507,0.94,1.044868500143919
ewma_W250,2580,1.0,0.9501004920787992,0.965,1.046037830647239
ewma_W250,2581,1.0,0.949503449738324,0.96,1.0423711699809144
ewma_W250,2582,1.0,0.9502148592566175,0.935,1.0436746722584784
ewma_W250,2583,1.0,0.9512515185599113,0.945,1.0499365606038105
ewma_W250,2584,1.0,0.9512211863514105,0.96,1.0516996375088319
ewma_W250,2585,1.0,0.9515685575634718,0.935,1.0519044633934804
ewma_W250,2586,1.0,0.9521950499046724,0.95,1.0563744128927695
ewma_W250,2587,1.0,0.9517549106105843,0.97,1.055187922900375
ewma_W250,2588,1.0,0.9507634351522344,0.94,1.0489505408810254
ewma_W250,2589,1.0,0.9516501822447515,0.935,1.054081095497188
ewma_W250,2590,1.0,0.9518787390960187,0.955,1.057019681166693
ewma_W250,2591,1.0,0.9518576166338144,0.94,1.0537778422962527
ewma_W250,2592,1.0,0.9528868850045104,0.935,1.0555619601574127
ewma_W250,2593,1.0,0.9534689742766048,0.965,1.0600454067638791
ewma_W250,2594,1.0,0.9532778131699442,0.955,1.0599165796828438
ewma_W250,2595,1.0,0.9538473601431113,0.96,1.0628689543443464
ewma_W250,2596,1.0,0.9536870899834892,0.945,1.061365058924518
ewma_W250,2597,1.0,0.954760404568177,0.975,1.065349742078953
ewma_W250,2598,1.0,0.9539794920053418,0.955,1.060305895821211
ewma_W250,2599,1.0,0.9537384599115856,0.945,1.0571225931511976
ewma_W50,1000,1.0,0.9638105259121792,0.965,1.1608981728573171
ewma_W50,1001,1.0,0.9630922965773917,0.945,1.1573944723353011
ewma_W50,1002,1.0,0.9631251417609942,0.955,1.1599898833182818
ewma_W50,1003,1.0,0.9647236923343098,0.98,1.166236132240484
ewma_W50,1004,1.0,0.9635921588807108,0.96,1.158833987200574
ewma_W50,1005,1.0,0.963672377724628,0.97,1.1610721822508407
ewma_W50,1006,1.0,0.9622277639267053,0.98,1.1547386419869412
ewma_W50,1007,1.0,0.9620118917380879,0.95,1.1541855598037918
ewma_W50,1008,1.0,0.9623838369406692,0.955,1.1520375973609556
ewma_W50,1009,1.0,0.9634487054580012,0.96,1.1614287337485274
ewma_W50,1010,1.0,0.9632553293024011,0.965,1.16131647062675
ewma_W50,1011,1.0,0.9613942377976238,0.97,1.1489284545379892
ewma_W50,1012,1.0,0.9620228070459725,0.94,1.1484558451970215
ewma_W50,1013,1.0,0.9626341277094552,0.98,1.1516482138033652
ewma_W50,1014,1.0,0.961847183076421,0.97,1.1514609861300071
ewma_W50,1015,1.0,0.9614290207095718,0.975,1.1466602241630937
ewma_W50,1016,1.0,0.9602270018700179,0.965,1.139490529285757
ewma_W50,1017,1.0,0.9603330784870817,0.965,1.1444868988749155
ewma_W50,1018,1.0,0.9618512702393377,0.955,1.1522118628750775
ewma_W50,1019,1.0,0.962465947577395,0.97,1.151502164220897
ewma_W50,1020,1.0,0.961425593317993,0.945,1.1451508532476824
ewma_W50,1021,1.0,0.9627928825665311,0.97,1.1567248746487693
ewma_W50,1022,1.0,0.9612395290400084,0.95,1.146583379528964
ewma_W50,1023,1.0,0.9628152656187455,0.98,1.152898205212102
ewma_W50,1024,1.0,0.9621498919585926,0.985,1.1477886202474559
ewma_W50,1025,1.0,0.9598244402552101,0.97,1.1331137409285819
ewma_W50,1026,1.0,0.9600701286705082,0.925,1.1388327337227255
ewma_W50,1027,1.0,0.9602515538966648,0.975,1.142685526889637
ewma_W50,1028,1.0,0.9595703456425771,0.925,1.1408097459313813
ewma_W50,1029,1.0,0.9615882901034881,0.97,1.1470955526314048
ewma_W50,1030,1.0,0.9606219518395158,0.96,1.1455483761159477
ewma_W50,1031,1.0,0.9606571564617807,0.96,1.1460798505074161
ewma_W50,1032,1.0,0.96090122012357,0.935,1.1459228606416003
ewma_W50,1033,1.0,0.9625760824392084,0.96,1.160205923047601
ewma_W50,1034,1.0,0.9613853166232451,0.95,1.1628233124517908
ewma_W50,1035,1.0,0.9605738293135573,0.955,1.1620282948564096
ewma_W50,1036,1.0,0.9620067868119413,0.975,1.1623275645064148
ewma_W50,1037,1.0,0.9610628001583835,0.94,1.1576843883858141
ewma_W50,1038,1.0,0.9633516773355478,0.965,1.1596480588079578
ewma_W50,1039,1.0,0.9616067536990451,0.945,1.1566430418391798
ewma_W50,1040,1.0,0.963862207612917,0.97,1.1668638544748255
ewma_W50,1041,1.0,0.9627320637110407,0.965,1.1625604714958468
ewma_W50,1042,1.0,0.9621771313958639,0.94,1.1615416885065004
ewma_W50,1043,1.0,0.9621166645002048,0.975,1.163496861417682
ewma_W50,1044,1.0,0.9610313471064766,0.975,1.1606267811357684
ewma_W50,1045,1.0,0.9615628553799026,0.93,1.1592181438182478
ewma_W50,1046,1.0,0.9638282523335926,0.965,1.1668287674157927
ewma_W50,1047,1.0,0.9626330482046563,0.98,1.1586608042384523
ewma_W50,1048,1.0,0.9622305952062155,0.96,1.1598043193437109
ewma_W50,1049,1.0,0.9623722286705589,0.965,1.1642600381453816
ewma_W50,1050,1.0,0.9636960230006353,0.96,1.1738795311098238
ewma_W50,1051,1.0,0.9641771739531976,0.96,1.1721176040879402
ewma_W50,1052,1.0,0.9639728125305674,0.975,1.176518739874868
ewma_W50,1053,1.0,0.9637318270803644,0.97,1.176315754015772
ewma_W50,1054,1.0,0.9642061625076132,0.965,1.1779611686120197
ewma_W50,1055,1.0,0.9635887866875181,0.965,1.1769252115935211
ewma_W50,1056,1.0,0.9645113375013414,0.97,1.1822435204151873
ewma_W50,1057,1.0,0.964342491188735,0.98,1.1760915622443804
ewma_W50,1058,1.0,0.963769727752318,0.98,1.1738386417242948
ewma_W50,1059,1.0,0.9635911837470514,0.96,1.1667082193166138
ewma_W50,1060,1.0,0.9631457542760107,0.955,1.1659202617334836
ewma_W50,1061,1.0,0.9632603039832982,0.955,1.1653309358350128
ewma_W50,1062,1.0,0.9635539055526994,0.965,1.1655224017524242
ewma_W50,1063,1.0,0.96302330124035,0.955,1.166379970000596
ewma_W50,1064,1.0,0.9630142069011327,0.955,1.1662586887795776
ewma_W50,1065,1.0,0.9645065903671666,0.98,1.172167066405046
ewma_W50,1066,1.0,0.963957959637294,0.995,1.1644307902194861
ewma_W50,1067,1.0,0.9629877712428998,0.975,1.1566104174016176
ewma_W50,1068,1.0,0.9622793664946849,0.955,1.1562396609523533
ewma_W50,1069,1.0,0.9618753391669724,0.96,1.1487297795227849
ewma_W50,1070,1.0,0.9614400015348517,0.965,1.1521514502185526
ewma_W50,1071,1.0,0.9598057879585588,0.96,1.1437651265465407
ewma_W50,1072,1.0,0.9602575668625678,0.955,1.1458702712285982
ewma_W50,1073,1.0,0.9600027342369921,0.945,1.1432783427155795
ewma_W50,1074,1.0,0.9612991133449722,0.95,1.1552212631681231
ewma_W50,1075,1.0,0.9634094088229942,0.95,1.1610958696499776
ewma_W50,1076,1.0,0.9631473272276431,0.95,1.1624188908574675
ewma_W50,1077,1.0,0.962206727901657,0.955,1.159202171355053
ewma_W50,1078,1.0,0.9636311276694701,0.94,1.1681395168328104
ewma_W50,1079,1.0,0.9643836541498433,0.965,1.1706177070097616
ewma_W50,1080,1.0,0.9652115776043806,0.95,1.1690004090273654
ewma_W50,1081,1.0,0.9653588628407479,0.97,1.1726106897068393
ewma_W50,1082,1.0,0.9648686180901223,0.96,1.1676242200660605
ewma_W50,1083,1.0,0.9642904534246008,0.965,1.1661848166204063
ewma_W50,1084,1.0,0.9633186092703334,0.955,1.1619629525415136
ewma_W50,1085,1.0,0.9634231740823366,0.94,1.1613657157518256
ewma_W50,1086,1.0,0.9637348146114323,0.97,1.163384999913382
ewma_W50,1087,1.0,0.9634780383997469,0.945,1.1613001291367582
ewma_W50,1088,1.0,0.9640223569625158,0.955,1.16024107337776
ewma_W50,1089,1.0,0.9651304934970588,0.965,1.1735041481627817
ewma_W50,1090,1.0,0.9651997998303233,0.945,1.1756810550826626
ewma_W50,1091,1.0,0.9666148499113432,0.965,1.180469909088207
ewma_W50,1092,1.0,0.9659407833489212,0.975,1.175842780985678
ewma_W50,1093,1.0,0.9647240973003102,0.98,1.166118739069492
ewma_W50,1094,1.0,0.9639196998246022,0.94,1.1622320846199372
ewma_W50,1095,1.0,0.9659738036156043,0.99,1.178205874560068
ewma_W50,1096,1.0,0.962918352462982,0.965,1.1605925977632596
ewma_W50,1097,1.0,0.9620618282093545,0.95,1.1588142962897157
ewma_W50,1098,1.0,0.9618916205026357,0.955,1.1591618422956396
ewma_W50,1099,1.0,0.96368511924256,0.99,1.1631952463206545
ewma_W50,1100,1.0,0.9631338380879788,0.945,1.1603373852207628
ewma_W50,1101,1.0,0.964467112868831,0.96,1.1672462338575793
ewma_W50,1102,1.0,0.9647707849819892,0.975,1.1706889905548608
ewma_W50,1103,1.0,0.9645575335223135,0.97,1.167688752411352
ewma_W50,1104,1.0,0.9645998458591301,0.94,1.1648368380489758
ewma_W50,1105,1.0,0.964753725828187,0.955,1.1661315664850584
ewma_W50,1106,1.0,0.9650049961979843,0.95,1.1756839491130966
ewma_W50,1107,1.0,0.9648128139597515,0.97,1.1733767363140857
ewma_W50,1108,1.0,0.9655221738637068,0.94,1.1758926705567192
ewma_W50,1109,1.0,0.9666618159613446,0.97,1.178608207215825
ewma_W50,1110,1.0,0.9657667304270657,0.97,1.1766119467093308
ewma_W50,1111,1.0,0.9647022894519992,0.955,1.1745505434530308
ewma_W50,1112,1.0,0.9653155615159053,0.985,1.1803555859653496
ewma_W50,1113,1.0,0.9640745745237841,0.975,1.1729747360435347
ewma_W50,1114,1.0,0.9640846493284689,0.945,1.172678255183474
ewma_W50,1115,1.0,0.9636871653219694,0.955,1.1699594936237718
ewma_W50,1116,1.0,0.9658252452101972,0.95,1.1792973839378595
ewma_W50,1117,1.0,0.9675705515744444,0.955,1.1884207709785155
ewma_W50,1118,1.0,0.9682601489144037,0.965,1.1917992129563775
ewma_W50,1119,1.0,0.9684657717308692,0.985,1.1953569224662324
ewma_W50,1120,1.0,0.9673390566405073,0.97,1.182449423421244
ewma_W50,1121,1.0,0.9669436467763631,0.96,1.1835116934175927
ewma_W50,1122,1.0,0.9677847570876136,0.97,1.1882053467011096
ewma_W50,1123,1.0,0.9675541436449819,0.975,1.1798552228116432
ewma_W50,1124,1.0,0.9655422778147542,0.94,1.1733387703850124
ewma_W50,1125,1.0,0.965322393239402,0.96,1.166477167265246
ewma_W50,1126,1.0,0.9657497787049334,0.96,1.165637681006978
ewma_W50,1127,1.0,0.9652604690084061,0.96,1.1707585634436932
ewma_W50,1128,1.0,0.9639279410248415,0.985,1.1649168385098527
ewma_W50,1129,1.0,0.9622523227252775,0.96,1.1559938109692216
ewma_W50,1130,1.0,0.9628155779590486,0.945,1.155580553053422
ewma_W50,1131,1.0,0.9642914920458837,0.97,1.162716679946767
ewma_W50,1132,1.0,0.9648156941058743,0.96,1.1671201090356567
ewma_W50,1133,1.0,0.9650966309702944,0.965,1.1691455111424374
ewma_W50,1134,1.0,0.9648939923281687,0.945,1.1683407355985684
ewma_W50,1135,1.0,0.9653663165707878,0.965,1.1711440884314712
ewma_W50,1136,1.0,0.963949245837662,0.945,1.1708236325005683
ewma_W50,1137,1.0,0.9657924339031375,0.96,1.178519542929918
ewma_W50,1138,1.0,0.964698315191861,0.975,1.1764120350659213
ewma_W50,1139,1.0,0.9640005558624951,0.97,1.1705223094174941
ewma_W50,1140,1.0,0.9631256438802046,0.975,1.1653362539692913
ewma_W50,1141,1.0,0.9616317851881323,0.975,1.1584818881742274
ewma_W50,1142,1.0,0.960698713526307,0.945,1.150389895026102
ewma_W50,1143,1.0,0.9610679027877391,0.95,1.1591519561726424
ewma_W50,1144,1.0,0.9613607987376436,0.95,1.168435252833149
ewma_W50,1145,1.0,0.9621898044077828,0.955,1.1676833024732756
ewma_W50,1146,1.0,0.9624020101414937,0.95,1.1681540754563047
ewma_W50,1147,1.0,0.962386141810758,0.96,1.172877681834067
ewma_W50,1148,1.0,0.9628060812553916,0.975,1.1704128777053497
ewma_W50,1149,1.0,0.9630466561935352,0.95,1.1663314161742626
ewma_W50,1150,1.0,0.9646054221199853,0.98,1.1703605744828962
ewma_W50,1151,1.0,0.9631931784435699,0.96,1.1604866641794178
ewma_W50,1152,1.0,0.9624022250890499,0.98,1.1570535105722919
ewma_W50,1153,1.0,0.9620044463648435,0.95,1.1545288875605173
ewma_W50,1154,1.0,0.9628822821573855,0.975,1.164091712333977
ewma_W50,1155,1.0,0.9608156599127814,0.96,1.1574438146850126
ewma_W50,1156,1.0,0.9616403003766187,0.955,1.1540487979562888
ewma_W50,1157,1.0,0.9614599197035605,0.935,1.1604253019811843
ewma_W50,1158,1.0,0.9627911883918966,0.96,1.1657013045411955
ewma_W50,1159,1.0,0.963438397439119,0.97,1.1706052394834432
ewma_W50,1160,1.0,0.9619617634303488,0.955,1.1623039347372326
ewma_W50,1161,1.0,0.9616176620019093,0.955,1.1635942094589142
ewma_W50,1162,1.0,0.962452177532948,0.96,1.157394940949347
ewma_W50,1163,1.0,0.962846576343805,0.97,1.1579843434151227
ewma_W50,1164,1.0,0.9618004601034312,0.965,1.1538783728136337
ewma_W50,1165,1.0,0.9618123732731462,0.935,1.146843519289786
ewma_W50,1166,1.0,0.9644427093703399,0.97,1.163978437645906
ewma_W50,1167,1.0,0.9641087424813078,0.97,1.1592500605543696
ewma_W50,1168,1.0,0.9627283589363145,0.96,1.1498532145229288
ewma_W50,1169,1.0,0.9637873427304555,0.965,1.1552467162597697
ewma_W50,1170,1.0,0.9650986675555216,0.95,1.167122453437801
ewma_W50,1171,1.0,0.9656527027162017,0.96,1.1808625172357095
ewma_W50,1172,1.0,0.9642198190273416,0.98,1.175280238816133
ewma_W50,1173,1.0,0.9635549615001051,0.96,1.1682316655890697
ewma_W50,1174,1.0,0.9642400961832138,0.97,1.172214835098486
ewma_W50,1175,1.0,0.9642297630827591,0.955,1.1768257267307325
ewma_W50,1176,1.0,0.9649042227320461,0.965,1.1784983503257904
ewma_W50,1177,1.0,0.9658203315346989,0.955,1.1840381231940624
ewma_W50,1178,1.0,0.9654706219258138,0.93,1.1756426204265784
ewma_W50,1179,1.0,0.9667547898010589,0.965,1.182822833567273
ewma_W50,1180,1.0,0.9664558920583456,0.965,1.1847769286348304
ewma_W50,1181,1.0,0.9649209810523629,0.97,1.1840288844743432
ewma_W50,1182,1.0,0.9644203856272128,0.95,1.1846368320841354
ewma_W50,1183,1.0,0.9650358517120172,0.97,1.1885923582991815
ewma_W50,1184,1.0,0.964778252885406,0.96,1.183477566398044
ewma_W50,1185,1.0,0.9644823638692662,0.975,1.1828299074790993
ewma_W50,1186,1.0,0.9633622952573713,0.955,1.1797239134422264
ewma_W50,1187,1.0,0.9643668627580922,0.975,1.1808230988274353
ewma_W50,1188,1.0,0.9641189375792838,0.935,1.1741929608260648
ewma_W50,1189,1.0,0.9672142271234254,0.96,1.185544775864731
ewma_W50,1190,1.0,0.967496327099335,0.945,1.1845703924650262
ewma_W50,1191,1.0,0.9672922057463044,0.975,1.1857571566988125
ewma_W50,1192,1.0,0.9667019574749038,0.97,1.1843227178245654
ewma_W50,1193,1.0,0.9659758884993156,0.96,1.1920449555336439
ewma_W50,1194,1.0,0.9656940768865969,0.975,1.192607792977274
ewma_W50,1195,1.0,0.9664364657891281,0.995,1.191180466406206
ewma_W50,1196,1.0,0.9645968585137991,0.985,1.1798721961475274
ewma_W50,1197,1.0,0.9633147738748673,0.95,1.1682307651946113
ewma_W50,1198,1.0,0.9643722299258144,0.95,1.1760958962397376
ewma_W50,1199,1.0,0.9656072804918843,0.955,1.1850551937162115
ewma_W50,1200,3.0,0.5553569717136893,0.495,0.3950553049083959
ewma_W50,1201,3.0,0.669112456476633,0.66,0.5261910490328083
ewma_W50,1202,3.0,0.742436321291448,0.67,0.6333407876792179
ewma_W50,1203,3.0,0.8095573303585146,0.82,0.7426184287126855
ewma_W50,1204,3.0,0.8436424883359799,0.845,0.8187358444902586
ewma_W50,1205,3.0,0.8698956558150993,0.87,0.8853349554628553
ewma_W50,1206,3.0,0.8911880894967936,0.88,0.9637177931240879
ewma_W50,1207,3.0,0.9109287374834125,0.885,1.0349025688606415
ewma_W50,1208,3.0,0.9266735219634091,0.905,1.1046606306577273
ewma_W50,1209,3.0,0.9413293749888066,0.94,1.1659873030613586
ewma_W50,1210,3.0,0.9504239018530675,0.955,1.2124601974540092
ewma_W50,1211,3.0,0.9565649439988553,0.955,1.2490374675460603
ewma_W50,1212,3.0,0.9629940614768725,0.955,1.2769425565289867
ewma_W50,1213,3.0,0.9686378913886645,0.97,1.313976031685591
ewma_W50,1214,3.0,0.9725501383234547,0.98,1.3404414477460076
ewma_W50,1215,3.0,0.9752251628599905,0.965,1.355308854435282
ewma_W50,1216,3.0,0.9774696423490008,1.0,1.3815235746011836
ewma_W50,1217,3.0,0.9785443679592332,0.975,1.3948458653803437
ewma_W50,1218,3.0,0.9817449416671628,0.98,1.4130001658563751
ewma_W50,1219,3.0,0.9827465985280854,0.98,1.43227583782704
ewma_W50,1220,3.0,0.9832477397410279,0.995,1.4445612933908396
ewma_W50,1221,3.0,0.9842031754446904,0.98,1.461416086000323
ewma_W50,1222,3.0,0.9851713833755185,1.0,1.4710965012243014
ewma_W50,1223,3.0,0.985694352558141,0.985,1.4825443567844463
ewma_W50,1224,3.0,0.9861873901632073,0.98,1.4923686460943748
ewma_W50,1225,3.0,0.9871612668656908,0.985,1.5100502829067093
ewma_W50,1226,3.0,0.9877726007760441,0.99,1.52439351143104
ewma_W50,1227,3.0,0.988210553354753,0.985,1.5418039866213684
ewma_W50,1228,3.0,0.989184710397125,0.99,1.5562152144504058
ewma_W50,1229,3.0,0.9898329488110369,1.0,1.5633547028107797
ewma_W50,1230,3.0,0.9897522834605321,0.985,1.570268535664931
ewma_W50,1231,3.0,0.9903439115945437,0.99,1.5793251132702824
ewma_W50,1232,3.0,0.9910270876277676,0.985,1.5951391118931053
ewma_W50,1233,3.0,0.992016250461208,0.985,1.5988185458613016
ewma_W50,1234,3.0,0.9925658126901037,0.985,1.6037718928373883
ewma_W50,1235,3.0,0.9923676695704796,0.985,1.6049943500150834
ewma_W50,1236,3.0,0.9930766578878738,0.995,1.6225239560093359
ewma_W50,1237,3.0,0.9933673656304984,0.995,1.631602532031394
ewma_W50,1238,3.0,0.9933952353498424,1.0,1.6393210535479545
ewma_W50,1239,3.0,0.9930756167389607,0.995,1.635157019923063
ewma_W50,1240,3.0,0.993278644822162,0.99,1.6386371651131117
ewma_W50,1241,3.0,0.9938090788240485,0.99,1.6472534022849359
ewma_W50,1242,3.0,0.9939199322934261,0.99,1.6511193578580923
ewma_W50,1243,3.0,0.9941446965047059,0.995,1.6604462687596118
ewma_W50,1244,3.0,0.9940433332034132,1.0,1.6600712315367492
ewma_W50,1245,3.0,0.9939201365458592,1.0,1.6600370566829759
ewma_W50,1246,3.0,0.993827501599999,1.0,1.663447101272661
ewma_W50,1247,3.0,0.994134171085929,1.0,1.6683133436095803
ewma_W50,1248,3.0,0.9939560834132828,0.985,1.6650628055807286
ewma_W50,1249,3.0,0.9944365950773314,0.995,1.6741772495956806
ewma_W50,1250,3.0,0.9946272043063067,0.99,1.6813050926136865
ewma_W50,1251,3.0,0.9917102034749677,0.995,1.5865219959815602
ewma_W50,1252,3.0,0.9897833377336452,1.0,1.529297525730426
ewma_W50,1253,3.0,0.9866911589537958,0.98,1.4516681882977198
ewma_W50,1254,3.0,0.9847488865417441,0.98,1.4060510884557866
ewma_W50,1255,3.0,0.9839293579101447,0.97,1.3784883661916074
ewma_W50,1256,3.0,0.982212092522399,0.98,1.353994007397539
ewma_W50,1257,3.0,0.9806784042927801,0.99,1.33911589286264
ewma_W50,1258,3.0,0.9798363512366336,0.99,1.3287270558889128
ewma_W50,1259,3.0,0.9761456061007465,0.99,1.2980038506223288
ewma_W50,1260,3.0,0.9736085242588779,0.98,1.270179994412934
ewma_W50,1261,3.0,0.9731095435714926,0.97,1.2616618111552085
ewma_W50,1262,3.0,0.9737116296933075,0.975,1.2541862664326004
ewma_W50,1263,3.0,0.9727865808807712,0.975,1.2396663070425185
ewma_W50,1264,3.0,0.9709908225599027,0.99,1.2267892930997295
ewma_W50,1265,3.0,0.9701892947786477,0.97,1.2247056646501735
ewma_W50,1266,3.0,0.9692338588143542,0.97,1.2176827189714203
ewma_W50,1267,3.0,0.9698411982191802,0.96,1.2158969694469934
ewma_W50,1268,3.0,0.969270122025268,0.975,1.2103160054175648
ewma_W50,1269,3.0,0.96783850989536,0.965,1.2001571334824783
ewma_W50,1270,3.0,0.9669662851951978,0.985,1.1949285038704942
ewma_W50,1271,3.0,0.9667064210394939,0.955,1.1901604434092952
ewma_W50,1272,3.0,0.9673746090518788,0.955,1.1956564401960494
ewma_W50,1273,3.0,0.9678591047960704,0.975,1.1940208278459012
ewma_W50,1274,3.0,0.9667724115248043,0.95,1.1944902075578334
ewma_W50,1275,3.0,0.9655570513601688,0.98,1.1909744700176212
ewma_W50,1276,3.0,0.9645270940093802,0.965,1.1864279851456232
ewma_W50,1277,3.0,0.9641245631014379,0.97,1.1804633090064993
ewma_W50,1278,3.0,0.9640981042974929,0.955,1.1713361773693105
ewma_W50,1279,3.0,0.9647212188594543,0.96,1.1764945823982633
ewma_W50,1280,3.0,0.9649269603385957,0.95,1.1738143015220417
ewma_W50,1281,3.0,0.965094228925905,0.965,1.1731167097541724
ewma_W50,1282,3.0,0.9645573404255304,0.98,1.172131304058582
ewma_W50,1283,3.0,0.9630290422560666,0.96,1.1638839316796137
ewma_W50,1284,3.0,0.9631338495573988,0.96,1.1633215315401622
ewma_W50,1285,3.0,0.9640343844330329,0.955,1.1635553804290715
ewma_W50,1286,3.0,0.9637199220143975,0.97,1.1607437133788776
ewma_W50,1287,3.0,0.9635346085602577,0.975,1.159034583604663
ewma_W50,1288,3.0,0.9632063286368097,0.96,1.1568195581414533
ewma_W50,1289,3.0,0.9632505981985858,0.96,1.1649388270198786
ewma_W50,1290,3.0,0.9636593043257107,0.945,1.1668418212517093
ewma_W50,1291,3.0,0.963623704250417,0.965,1.1683412445716828
ewma_W50,1292,3.0,0.9630021596471673,0.96,1.1653052728594404
ewma_W50,1293,3.0,0.9624552156800881,0.955,1.1626438881648133
ewma_W50,1294,3.0,0.9631002465419891,0.985,1.1623498226093658
ewma_W50,1295,3.0,0.9624523903563985,0.975,1.1617047735296446
ewma_W50,1296,3.0,0.9619188317814198,0.97,1.1549327452666396
ewma_W50,1297,3.0,0.9604919153543944,0.955,1.1518460255871352
ewma_W50,1298,3.0,0.962630438335805,0.95,1.160293238979528
ewma_W50,1299,3.0,0.9635601625622051,0.95,1.1597274840209792
ewma_W50,1300,3.0,0.9636333515008465,0.965,1.1662564642609206
ewma_W50,1301,3.0,0.9631621164310397,0.95,1.1649841089940487
ewma_W50,1302,3.0,0.9628155078837548,0.98,1.1670399601993677
ewma_W50,1303,3.0,0.9629651648522293,0.965,1.165867563222961
ewma_W50,1304,3.0,0.9631236359957502,0.925,1.1621691373416931
ewma_W50,1305,3.0,0.9648082666783605,0.94,1.1699906655023364
ewma_W50,1306,3.0,0.9646705254691542,0.985,1.1778468454298328
ewma_W50,1307,3.0,0.9640284946264059,0.975,1.1740305713698778
ewma_W50,1308,3.0,0.9643416934594541,0.97,1.17896333105601
ewma_W50,1309,3.0,0.9641396994588436,0.97,1.1763649763691415
ewma_W50,1310,3.0,0.9631016808033422,0.945,1.1753794170393375
ewma_W50,1311,3.0,0.9640370277251421,0.975,1.182473062261802
ewma_W50,1312,3.0,0.9629719621587002,0.94,1.1694974000231715
ewma_W50,1313,3.0,0.9630081187190737,0.98,1.175466944582453
ewma_W50,1314,3.0,0.9624945819485776,0.945,1.1657215706872572
ewma_W50,1315,3.0,0.9634937864084168,0.94,1.1733206102300313
ewma_W50,1316,3.0,0.9650143267119009,0.97,1.1768272910074296
ewma_W50,1317,3.0,0.9643097470885778,0.975,1.1739804686341346
ewma_W50,1318,3.0,0.9624818092193438,0.955,1.1637922912655545
ewma_W50,1319,3.0,0.9631351868355787,0.96,1.1656557243639045
ewma_W50,1320,3.0,0.9632012531095796,0.96,1.1690826406075083
ewma_W50,1321,3.0,0.9638355736199977,0.97,1.1728160584703096
ewma_W50,1322,3.0,0.9638086893318352,0.99,1.167663279509478
ewma_W50,1323,3.0,0.9620645097224525,0.96,1.1538140805687986
ewma_W50,1324,3.0,0.9612361009828027,0.97,1.1522920160140957
ewma_W50,1325,3.0,0.9613632556932888,0.94,1.1538175168498246
ewma_W50,1326,3.0,0.9618086317200241,0.945,1.1627558299816294
ewma_W50,1327,3.0,0.9629759196857114,0.98,1.1631499890682515
ewma_W50,1328,3.0,0.9623701708081817,0.985,1.1610011971849807
ewma_W50,1329,3.0,0.9608608339058401,0.95,1.1511646909127498
ewma_W50,1330,3.0,0.96159195524815,0.97,1.1507627748004392
ewma_W50,1331,3.0,0.9600107461492552,0.98,1.1460628264338615
ewma_W50,1332,3.0,0.9581483289396192,0.94,1.1379893254146063
ewma_W50,1333,3.0,0.959439520120428,0.96,1.1475004157828783
ewma_W50,1334,3.0,0.959787405864414,0.96,1.1512111973934247
ewma_W50,1335,3.0,0.9591517619036816,0.96,1.1483748253622852
ewma_W50,1336,3.0,0.9601735715181114,0.94,1.1504559478665604
ewma_W50,1337,3.0,0.961954125548408,0.945,1.1642047771367325
ewma_W50,1338,3.0,0.9631628952776348,0.985,1.170970892276415
ewma_W50,1339,3.0,0.9623443427800408,0.955,1.164491586260201
ewma_W50,1340,3.0,0.9621909745223303,0.94,1.162918363573938
ewma_W50,1341,3.0,0.9617280577969061,0.945,1.1588166166007354
ewma_W50,1342,3.0,0.9633186243985011,0.935,1.1674939039913013
ewma_W50,1343,3.0,0.9642095964213883,0.98,1.1827907269599693
ewma_W50,1344,3.0,0.9638043473830998,0.985,1.1775987228784461
ewma_W50,1345,3.0,0.9630317416557136,0.97,1.16858711204198
ewma_W50,1346,3.0,0.9622858289540482,0.97,1.1690944743821827
ewma_W50,1347,3.0,0.9617758627486797,0.975,1.1644114490411552
ewma_W50,1348,3.0,0.9618304776645061,0.98,1.1638414706506408
ewma_W50,1349,3.0,0.9603237639655146,0.965,1.1529975059968711
ewma_W50,1350,3.0,0.9606256910544314,0.96,1.1554173041169458
ewma_W50,1351,3.0,0.9600544879579218,0.96,1.1519335021332815
ewma_W50,1352,3.0,0.9598891324959807,0.96,1.1557833524497598
ewma_W50,1353,3.0,0.9597810769126827,0.96,1.155507882065398
ewma_W50,1354,3.0,0.9602392150033259,0.96,1.1561229375385387
ewma_W50,1355,3.0,0.9600613825751342,0.98,1.1494531592242914
ewma_W50,1356,3.0,0.9590883925546193,0.97,1.1476042940121518
ewma_W50,1357,3.0,0.9598825560558691,0.925,1.1475148519773286
ewma_W50,1358,3.0,0.9616443719554895,0.945,1.1564509667175686
ewma_W50,1359,3.0,0.9631584670506949,0.95,1.1656618891180475
ewma_W50,1360,3.0,0.9632466964555355,0.97,1.1659206599150038
ewma_W50,1361,3.0,0.9623749984467023,0.975,1.1607300952075292
ewma_W50,1362,3.0,0.9613858823147701,0.96,1.1574326460697786
ewma_W50,1363,3.0,0.960652611979142,0.975,1.153013478467321
ewma_W50,1364,3.0,0.960150759358934,0.93,1.1555665261138597
ewma_W50,1365,3.0,0.9618461264934491,0.955,1.1654775222840292
ewma_W50,1366,3.0,0.9620990664914066,0.965,1.169401516826988
ewma_W50,1367,3.0,0.9627669390250625,0.95,1.1719124535734395
ewma_W50,1368,3.0,0.9644702474425793,0.96,1.1781667063151398
ewma_W50,1369,3.0,0.9636930934968504,0.96,1.1704489247968553
ewma_W50,1370,3.0,0.9635728695216311,0.98,1.1715915067734561
ewma_W50,1371,3.0,0.9627023712753163,0.97,1.1643226401062519
ewma_W50,1372,3.0,0.9622886158060535,0.955,1.159557963072407
ewma_W50,1373,3.0,0.9632421343828032,0.96,1.1627040289122688
ewma_W50,1374,3.0,0.9642752160572704,0.95,1.1684795589358337
ewma_W50,1375,3.0,0.9645120827005286,0.96,1.1618484552664459
ewma_W50,1376,3.0,0.9644430772867818,0.955,1.1613360650183835
ewma_W50,1377,3.0,0.9645746045365601,0.95,1.1593835595867596
ewma_W50,1378,3.0,0.964759528929304,0.97,1.1637507611801403
ewma_W50,1379,3.0,0.9653516857793809,0.96,1.1645535127277917
ewma_W50,1380,3.0,0.965169363274612,0.965,1.1637484656241999
ewma_W50,1381,3.0,0.9653877461960579,0.96,1.1638874096877405
ewma_W50,1382,3.0,0.964980793823896,0.95,1.1676170180071688
ewma_W50,1383,3.0,0.9645271463168724,0.98,1.1659994165798144
ewma_W50,1384,3.0,0.9644007120842412,0.995,1.1650831430774828
ewma_W50,1385,3.0,0.9623783677766847,0.94,1.1534928419675838
ewma_W50,1386,3.0,0.9623555340465465,0.975,1.160568404518715
ewma_W50,1387,3.0,0.9608598149094345,0.96,1.1517318007993707
ewma_W50,1388,3.0,0.9600752489920324,0.955,1.1502269960152154
ewma_W50,1389,3.0,0.9604434579469211,0.96,1.1533235167197438
ewma_W50,1390,3.0,0.9592460149678145,0.93,1.1446021276057292
ewma_W50,1391,3.0,0.9616515364853132,0.955,1.1514807401293479
ewma_W50,1392,3.0,0.9600559260342884,0.94,1.142502694488333
ewma_W50,1393,3.0,0.9605600489858671,0.98,1.147670915200261
ewma_W50,1394,3.0,0.9599572409595626,0.965,1.1428912217064209
ewma_W50,1395,3.0,0.9601330963804295,0.975,1.1437967317733793
ewma_W50,1396,3.0,0.9592807695502751,0.955,1.1392958809540557
ewma_W50,1397,3.0,0.9590182635240428,0.965,1.1374598373416738
ewma_W50,1398,3.0,0.9589656346316994,0.97,1.1362658947093787
ewma_W50,1399,3.0,0.9590147588797447,0.945,1.1368185066972145
ewma_W50,1400,3.0,0.9601669669486078,0.975,1.147513895663896
ewma_W50,1401,3.0,0.9590242389488922,0.965,1.1424760305804929
ewma_W50,1402,3.0,0.9594760240143237,0.975,1.1428298548506808
ewma_W50,1403,3.0,0.9586972248219655,0.965,1.1380701411016119
ewma_W50,1404,3.0,0.9577363427114962,0.97,1.13221633289233
ewma_W50,1405,3.0,0.9571707318670041,0.975,1.130047920189981
ewma_W50,1406,3.0,0.9569260100068203,0.97,1.1267682956521217
ewma_W50,1407,3.0,0.9556011835054085,0.92,1.1198771363280415
ewma_W50,1408,3.0,0.9563747069252813,0.97,1.1242402798329434
ewma_W50,1409,3.0,0.955683171636792,0.95,1.1163255127444918
ewma_W50,1410,3.0,0.9555382787989882,0.97,1.1228969152966035
ewma_W50,1411,3.0,0.9565220221782511,0.95,1.128365027711844
ewma_W50,1412,3.0,0.9575575103766094,0.965,1.1319059645168252
ewma_W50,1413,3.0,0.9562107216201718,0.965,1.1257284091590676
ewma_W50,1414,3.0,0.9565694107230478,0.935,1.1248460961354265
ewma_W50,1415,3.0,0.9571697628577696,0.975,1.1345120911625264
ewma_W50,1416,3.0,0.9560930940976743,0.965,1.1313038353265394
ewma_W50,1417,3.0,0.9551081038775231,0.95,1.1336832655999394
ewma_W50,1418,3.0,0.9569316848968566,0.99,1.1414174064084208
ewma_W50,1419,3.0,0.9542773842839419,0.95,1.130659246687592
ewma_W50,1420,3.0,0.9564059632969503,0.96,1.1340392458384627
ewma_W50,1421,3.0,0.9573488215096027,0.955,1.1405166003008231
ewma_W50,1422,3.0,0.9579323062421179,0.955,1.1397634289169445
ewma_W50,1423,3.0,0.9574579714701841,0.955,1.1440188804420948
ewma_W50,1424,3.0,0.9581626802685355,0.96,1.1438707431913628
ewma_W50,1425,3.0,0.9583164628537864,0.96,1.150334132000386
ewma_W50,1426,3.0,0.9590583058127768,0.97,1.1556559957938037
ewma_W50,1427,3.0,0.9585424020892919,0.96,1.1492982463880386
ewma_W50,1428,3.0,0.9590850399399193,0.945,1.147526500261961
ewma_W50,1429,3.0,0.9596104152615268,0.975,1.1492993845288733
ewma_W50,1430,3.0,0.9590317373082278,0.955,1.1464394983074064
ewma_W50,1431,3.0,0.958891618590856,0.945,1.1490410076041475
ewma_W50,1432,3.0,0.9582184195879273,0.955,1.1501714986385827
ewma_W50,1433,3.0,0.9577424633968223,0.96,1.1507251841189183
ewma_W50,1434,3.0,0.9570695799800194,0.97,1.1469525484693708
ewma_W50,1435,3.0,0.957660530565508,0.97,1.148051480571673
ewma_W50,1436,3.0,0.9576350905726438,0.95,1.1438465162956846
ewma_W50,1437,3.0,0.9582402257978612,0.965,1.1539013535955247
ewma_W50,1438,3.0,0.9588507661279141,0.97,1.1528414423944937
ewma_W50,1439,3.0,0.9579534031470596,0.97,1.1505222354392792
ewma_W50,1440,3.0,0.9582743411987882,0.955,1.156663224777686
ewma_W50,1441,3.0,0.9579939357034982,0.955,1.1560399885244228
ewma_W50,1442,3.0,0.9595983017932562,0.97,1.1582164745542127
ewma_W50,1443,3.0,0.9585049888721909,0.925,1.1489019178938171
ewma_W50,1444,3.0,0.960680250337429,0.96,1.1608226562227415
ewma_W50,1445,3.0,0.9612567546004485,0.96,1.1640037997069141
ewma_W50,1446,3.0,0.960891102548812,0.95,1.1663639031997928
ewma_W50,1447,3.0,0.9636163958558354,0.955,1.169174900252128
ewma_W50,1448,3.0,0.9647995150570958,0.955,1.176917133842039
ewma_W50,1449,3.0,0.9650837434534583,0.975,1.1799484269419442
ewma_W50,1450,3.0,0.9644443913097578,0.97,1.1757934590835806
ewma_W50,1451,3.0,0.9647142833952366,0.965,1.1760081689726978
ewma_W50,1452,3.0,0.9636809694652666,0.98,1.170163087482034
ewma_W50,1453,3.0,0.9634350761239844,0.975,1.1674863201815422
ewma_W50,1454,3.0,0.9632991628755115,0.955,1.1658230150060023
ewma_W50,1455,3.0,0.9635640171199127,0.955,1.1647550232382333
ewma_W50,1456,3.0,0.9641975724369882,0.965,1.1659794435024782
ewma_W50,1457,3.0,0.9652690439779054,0.97,1.1674496858867536
ewma_W50,1458,3.0,0.9637616387153982,0.965,1.1578696303766651
ewma_W50,1459,3.0,0.9637924434582393,0.965,1.1667290744277379
ewma_W50,1460,3.0,0.9626682857277133,0.98,1.170192774168348
ewma_W50,1461,3.0,0.9617740417335733,0.965,1.1605237289489514
ewma_W50,1462,3.0,0.9614589462611243,0.955,1.1562127187392521
ewma_W50,1463,3.0,0.9615456868334604,0.975,1.1540281404101798
ewma_W50,1464,3.0,0.9608160482472627,0.96,1.148990915030124
ewma_W50,1465,3.0,0.9599546887354067,0.98,1.1469578676828553
ewma_W50,1466,3.0,0.9600118445256975,0.94,1.148804417143341
ewma_W50,1467,3.0,0.9609987176794358,0.94,1.1506892207976351
ewma_W50,1468,3.0,0.9631417455818813,0.985,1.1582565808456107
ewma_W50,1469,3.0,0.9621423759791959,0.945,1.154650019692945
ewma_W50,1470,3.0,0.9638400544175739,0.955,1.161015641361983
ewma_W50,1471,3.0,0.9640967027394342,0.955,1.1604502027008285
ewma_W50,1472,3.0,0.9643490797554755,0.935,1.1612160192109704
ewma_W50,1473,3.0,0.9658593994893159,0.945,1.173459185751393
ewma_W50,1474,3.0,0.9666768979852152,0.975,1.1837536019479402
ewma_W50,1475,3.0,0.9653829377033787,0.955,1.1735051823940423
ewma_W50,1476,3.0,0.9654042775997397,0.95,1.1739356739019629
ewma_W50,1477,3.0,0.9663080582704161,0.975,1.1819442934774869
ewma_W50,1478,3.0,0.9652471368841796,0.935,1.1770269856029654
ewma_W50,1479,3.0,0.967273089816385,0.985,1.1884216138310888
ewma_W50,1480,3.0,0.9668101907381548,0.94,1.1880469036012977
ewma_W50,1481,3.0,0.9677441142897972,0.96,1.1918959537847957
ewma_W50,1482,3.0,0.9673962574410351,0.955,1.185813680645807
ewma_W50,1483,3.0,0.9689169800227776,0.965,1.191200511801588
ewma_W50,1484,3.0,0.96992195422734,0.965,1.1922578050019397
ewma_W50,1485,3.0,0.9693930583267131,0.96,1.1969857044599643
ewma_W50,1486,3.0,0.9698306364501791,0.975,1.1927342321411427
ewma_W50,1487,3.0,0.9688076518962225,0.975,1.1863535177822278
ewma_W50,1488,3.0,0.9688915195103318,0.985,1.1842495498162997
ewma_W50,1489,3.0,0.9679857484508105,0.97,1.1816517700369997
ewma_W50,1490,3.0,0.9670928848535195,0.965,1.1790631757826682
ewma_W50,1491,3.0,0.9677124496708943,0.975,1.1799824494860158
ewma_W50,1492,3.0,0.9667986258040958,0.98,1.176815869891965
ewma_W50,1493,3.0,0.9670054077443941,0.935,1.1781383374008538
ewma_W50,1494,3.0,0.9676548608711323,0.97,1.1828154585855168
ewma_W50,1495,3.0,0.9680344500102455,0.945,1.1879717566923553
ewma_W50,1496,3.0,0.9688390626807869,0.97,1.1965435896780712
ewma_W50,1497,3.0,0.9686885747009515,0.955,1.19420425789649
ewma_W50,1498,3.0,0.9668415877723701,0.935,1.187759437389641
ewma_W50,1499,3.0,0.9678363018849967,0.97,1.1913298312981224
ewma_W50,1500,3.0,0.9677760945635348,0.955,1.188410936571942
ewma_W50,1501,3.0,0.9693073165488261,0.985,1.1946312493211488
ewma_W50,1502,3.0,0.9680307308702631,0.98,1.1895298699937003
ewma_W50,1503,3.0,0.9665152574774177,0.97,1.1841324602416603
ewma_W50,1504,3.0,0.9664120714444033,0.96,1.1833926264957015
ewma_W50,1505,3.0,0.9671011281801586,0.94,1.1886299930784774
ewma_W50,1506,3.0,0.9675106482079545,0.99,1.185106768859606
ewma_W50,1507,3.0,0.9663768668529823,0.97,1.1787167653331476
ewma_W50,1508,3.0,0.9669979726376055,0.95,1.176907591485354
ewma_W50,1509,3.0,0.9664165906833229,0.965,1.1747229516771152
ewma_W50,1510,3.0,0.9660633876407345,0.975,1.1749870475846829
ewma_W50,1511,3.0,0.9650993052989265,0.955,1.17309606153811
ewma_W50,1512,3.0,0.9655476828002773,0.97,1.1774567836620313
ewma_W50,1513,3.0,0.9654383431797552,0.975,1.1733795404052174
ewma_W50,1514,3.0,0.9667604746000298,0.975,1.1795700858389102
ewma_W50,1515,3.0,0.9658226929545883,0.965,1.1789446628936076
ewma_W50,1516,3.0,0.9643274310508775,0.97,1.1723543381186425
ewma_W50,1517,3.0,0.9635603993808212,0.96,1.1707103684514082
ewma_W50,1518,3.0,0.9636205917967444,0.955,1.1735439451760903
ewma_W50,1519,3.0,0.9649020725396099,0.965,1.185591261402947
ewma_W50,1520,3.0,0.9644953971554483,0.945,1.1841718051020333
ewma_W50,1521,3.0,0.9654668023603751,0.985,1.1871434740671085
ewma_W50,1522,3.0,0.9645978497537638,0.965,1.1778044224530582
ewma_W50,1523,3.0,0.9638116274517075,0.97,1.1724463075283813
ewma_W50,1524,3.0,0.9630174353651146,0.99,1.1659607265824103
ewma_W50,1525,3.0,0.9614361892037094,0.975,1.1609799472059235
ewma_W50,1526,3.0,0.9615802732219697,0.99,1.15926844673546
ewma_W50,1527,3.0,0.9596919500056161,0.96,1.146296963528172
ewma_W50,1528,3.0,0.9600393045317918,0.955,1.1464126169129507
ewma_W50,1529,3.0,0.9602950215811485,0.98,1.147260307861913
ewma_W50,1530,3.0,0.9599333672738123,0.955,1.142282995206336
ewma_W50,1531,3.0,0.9604374698991985,0.98,1.140221371844575
ewma_W50,1532,3.0,0.9597148192298781,0.975,1.1374012884412716
ewma_W50,1533,3.0,0.9596793765618179,0.975,1.1374948083432477
ewma_W50,1534,3.0,0.9597979253528479,0.975,1.1384071407509742
ewma_W50,1535,3.0,0.9581698601323495,0.94,1.1310161942526527
ewma_W50,1536,3.0,0.9590606952662095,0.96,1.136483584295958
ewma_W50,1537,3.0,0.958975682212747,0.96,1.1335467888006776
ewma_W50,1538,3.0,0.9599941307604611,0.97,1.1328921454266607
ewma_W50,1539,3.0,0.9597339281269609,0.98,1.1356158591720162
ewma_W50,1540,3.0,0.95817158587348,0.95,1.1330499361215292
ewma_W50,1541,3.0,0.9581616136428793,0.98,1.1343449039810132
ewma_W50,1542,3.0,0.9570092665680369,0.95,1.1289367871433031
ewma_W50,1543,3.0,0.9573392313611103,0.96,1.1284316152316174
ewma_W50,1544,3.0,0.9579571722097162,0.975,1.1230776199416637
ewma_W50,1545,3.0,0.9578522090810767,0.97,1.1204821871933084
ewma_W50,1546,3.0,0.9578319516020488,0.98,1.123547345485158
ewma_W50,1547,3.0,0.9576580212544347,0.985,1.116401653719578
ewma_W50,1548,3.0,0.955956996336241,0.95,1.1045832926376273
ewma_W50,1549,3.0,0.9562256101095755,0.965,1.1109610210594405
ewma_W50,1550,3.0,0.9560585170470894,0.945,1.1138931610514065
ewma_W50,1551,3.0,0.957060529825267,0.955,1.1232806967345184
ewma_W50,1552,3.0,0.9566336631172124,0.915,1.1310411117875814
ewma_W50,1553,3.0,0.9593912045633638,0.965,1.146760111066148
ewma_W50,1554,3.0,0.9593285049173373,0.97,1.1462902674578237
ewma_W50,1555,3.0,0.9575812289165497,0.95,1.1381546143535295
ewma_W50,1556,3.0,0.9587074675378013,0.955,1.148759420323784
ewma_W50,1557,3.0,0.9594546932179512,0.985,1.1522130268345305
ewma_W50,1558,3.0,0.9587999870140348,0.95,1.1494623752728563
ewma_W50,1559,3.0,0.9600829384375189,0.975,1.151753637090598
ewma_W50,1560,3.0,0.959408065283607,0.95,1.1430873811262439
ewma_W50,1561,3.0,0.9604921616857047,0.94,1.1555791388466627
ewma_W50,1562,3.0,0.9607837345354919,0.98,1.1628924735723662
ewma_W50,1563,3.0,0.959838044485131,0.96,1.1526768936044247
ewma_W50,1564,3.0,0.960171137639826,0.99,1.1545163634577302
ewma_W50,1565,3.0,0.9590355311246835,0.96,1.1434438628343895
ewma_W50,1566,3.0,0.9593848009936999,0.965,1.147178192538228
ewma_W50,1567,3.0,0.9583852601257705,0.98,1.140689101874887
ewma_W50,1568,3.0,0.956961301942688,0.95,1.1341268122597634
ewma_W50,1569,3.0,0.9579478629547853,0.95,1.131882721200937
ewma_W50,1570,3.0,0.9577822451580991,0.965,1.1312380787809808
ewma_W50,1571,3.0,0.957969350337951,0.97,1.131270706893598
ewma_W50,1572,3.0,0.958638829010203,0.93,1.1329476417077715
ewma_W50,1573,3.0,0.959170008602245,0.935,1.1424939262441942
ewma_W50,1574,3.0,0.9600968970718688,0.955,1.148026766207832
ewma_W50,1575,3.0,0.9600419257388535,0.965,1.1457345848929534
ewma_W50,1576,3.0,0.9600805594167781,0.97,1.143260308280544
ewma_W50,1577,3.0,0.95973189614945,0.965,1.1436075473338558
ewma_W50,1578,3.0,0.9601383450020013,0.97,1.1415343586623874
ewma_W50,1579,3.0,0.960167146897628,0.965,1.1449289646217995
ewma_W50,1580,3.0,0.96047669065858,0.965,1.1487195917239228
ewma_W50,1581,3.0,0.9610971950219194,0.96,1.1502472041687615
ewma_W50,1582,3.0,0.9616037197646421,0.94,1.1505451020472302
ewma_W50,1583,3.0,0.9620376628198447,0.97,1.1552549795643439
ewma_W50,1584,3.0,0.9614756344864263,0.965,1.1560481635664475
ewma_W50,1585,3.0,0.9614895767111435,0.955,1.1573092041957485
ewma_W50,1586,3.0,0.9619412835028137,0.96,1.1572577388563259
ewma_W50,1587,3.0,0.9626411866599744,0.99,1.1621868626701968
ewma_W50,1588,3.0,0.9614096911708893,0.975,1.1569360677252627
ewma_W50,1589,3.0,0.9603872422234775,0.955,1.149507555780457
ewma_W50,1590,3.0,0.9596065260076045,0.975,1.145073539752452
ewma_W50,1591,3.0,0.958563833454173,0.955,1.1411814706765098
ewma_W50,1592,3.0,0.9585285330184092,0.94,1.138590936638185
ewma_W50,1593,3.0,0.9600307587750495,0.935,1.1427414459269776
ewma_W50,1594,3.0,0.9610475367031845,0.96,1.1436509770569858
ewma_W50,1595,3.0,0.9607811472789465,0.955,1.1408221593706835
ewma_W50,1596,3.0,0.9606868872145921,0.97,1.144831153056335
ewma_W50,1597,3.0,0.96116056410661,0.96,1.1446812118857097
ewma_W50,1598,3.0,0.9616015005945456,0.975,1.153008815439261
ewma_W50,1599,3.0,0.9609034152575039,0.95,1.1446968758548755
ewma_W50,1600,3.0,0.9620615459215834,0.965,1.1553950881979185
ewma_W50,1601,3.0,0.9609565923545762,0.955,1.152863778326937
ewma_W50,1602,3.0,0.9614186530852108,0.96,1.157435331083731
ewma_W50,1603,3.0,0.9614211867886158,0.96,1.1553622980459595
ewma_W50,1604,3.0,0.9612352408646367,0.975,1.1515984737952416
ewma_W50,1605,3.0,0.960840308667192,0.96,1.1454172081244056
ewma_W50,1606,3.0,0.9604885142524617,0.94,1.1529449552041293
ewma_W50,1607,3.0,0.9605446053522383,0.955,1.156508007349112
ewma_W50,1608,3.0,0.9608788088474711,0.95,1.157661349970292
ewma_W50,1609,3.0,0.9608198943253484,0.95,1.1587222916350364
ewma_W50,1610,3.0,0.963064037352999,0.955,1.1636761259620954
ewma_W50,1611,3.0,0.9624886821506962,0.955,1.1638455599106083
ewma_W50,1612,3.0,0.9638741890169448,0.965,1.1626655688952667
ewma_W50,1613,3.0,0.9639927031798515,0.96,1.1662667226144707
ewma_W50,1614,3.0,0.9637374690347502,0.955,1.1652020675664168
ewma_W50,1615,3.0,0.9646200788146914,0.975,1.1663415882400092
ewma_W50,1616,3.0,0.9634310313198081,0.975,1.1586526302876232
ewma_W50,1617,3.0,0.9631288367745199,0.955,1.1579174038525977
ewma_W50,1618,3.0,0.9651078762854229,0.98,1.1690357365183248
ewma_W50,1619,3.0,0.9639318255959691,0.96,1.1650135591768276
ewma_W50,1620,3.0,0.9641948749920661,0.965,1.172012610398425
ewma_W50,1621,3.0,0.9643911358090529,0.975,1.1748088006645938
ewma_W50,1622,3.0,0.9648804836571659,0.96,1.170247958385123
ewma_W50,1623,3.0,0.9640646982438167,0.98,1.1677309509132308
ewma_W50,1624,3.0,0.9623195157798466,0.955,1.163641837577022
ewma_W50,1625,3.0,0.9615334938967358,0.94,1.1666983521955023
ewma_W50,1626,3.0,0.9622008572606091,0.955,1.1735973747106077
ewma_W50,1627,3.0,0.9630946267565299,0.99,1.1786581650063122
ewma_W50,1628,3.0,0.9623669009274096,0.97,1.1714404975609614
ewma_W50,1629,3.0,0.9621128479292258,0.95,1.1726739311622643
ewma_W50,1630,3.0,0.9638485955743454,0.98,1.1798716433552945
ewma_W50,1631,3.0,0.9634700911327693,0.985,1.1770472916597456
ewma_W50,1632,3.0,0.962496940572953,0.965,1.1720092501766917
ewma_W50,1633,3.0,0.9625754017647772,0.965,1.1719079911779842
ewma_W50,1634,3.0,0.9628896645951736,0.975,1.1736796532539397
ewma_W50,1635,3.0,0.9630349265963136,0.945,1.1681819240905305
ewma_W50,1636,3.0,0.9646341020481684,0.975,1.1749273448933344
ewma_W50,1637,3.0,0.9633356131364689,0.945,1.166532877313209
ewma_W50,1638,3.0,0.9639350652657859,0.945,1.1747523824001842
ewma_W50,1639,3.0,0.9658723754470234,0.97,1.188012223225482
ewma_W50,1640,3.0,0.9646609629658107,0.935,1.182753513124521
ewma_W50,1641,3.0,0.9674340323460668,0.98,1.198503526426002
ewma_W50,1642,3.0,0.9671814777899814,0.96,1.1956656998124993
ewma_W50,1643,3.0,0.9669719370523265,0.96,1.1893314794696712
ewma_W50,1644,3.0,0.9673274361271456,0.955,1.1900661118989695
ewma_W50,1645,3.0,0.9672784362759873,0.955,1.191971556666325
ewma_W50,1646,3.0,0.9675257197599855,0.985,1.1924639293898402
ewma_W50,1647,3.0,0.9676565577791096,0.995,1.1880263793119508
ewma_W50,1648,3.0,0.9654096793869659,0.98,1.1752214643968204
ewma_W50,1649,3.0,0.9647544167392493,0.94,1.1732981260932316
ewma_W50,1650,3.0,0.9654884011705167,0.965,1.177653550107077
ewma_W50,1651,3.0,0.9643804775337855,0.95,1.1785998774687685
ewma_W50,1652,3.0,0.9641785691095166,0.98,1.1788059885671351
ewma_W50,1653,3.0,0.9636557386512274,0.965,1.1772024484086558
ewma_W50,1654,3.0,0.9642529609440444,0.965,1.173737667138145
ewma_W50,1655,3.0,0.9648729986072395,0.965,1.1773094313180201
ewma_W50,1656,3.0,0.9635859922235194,0.955,1.175126828389723
ewma_W50,1657,3.0,0.9629442711530953,0.96,1.1688299077787778
ewma_W50,1658,3.0,0.963655544263187,0.955,1.1727249795784922
ewma_W50,1659,3.0,0.9637300558385857,0.97,1.175055503981367
ewma_W50,1660,3.0,0.9627822427106861,0.965,1.1697135123187379
ewma_W50,1661,3.0,0.9630625303579035,0.96,1.165868883003454
ewma_W50,1662,3.0,0.9627804733010337,0.94,1.1644501421874416
ewma_W50,1663,3.0,0.9647974257221332,0.96,1.17738768799664
ewma_W50,1664,3.0,0.9645984416340889,0.96,1.1779025765039288
ewma_W50,1665,3.0,0.9638218189851321,0.98,1.1765003803715963
ewma_W50,1666,3.0,0.9633140378773365,0.955,1.1720758024041695
ewma_W50,1667,3.0,0.9635843480752261,0.965,1.1732740272613258
ewma_W50,1668,3.0,0.9639572670212172,0.99,1.1751743795797451
ewma_W50,1669,3.0,0.96222255757442,0.965,1.165572465496565
ewma_W50,1670,3.0,0.9617931033824213,0.975,1.1637907557721052
ewma_W50,1671,3.0,0.960884661095167,0.975,1.1619847264685386
ewma_W50,1672,3.0,0.9599556922214315,0.97,1.160736195034952
ewma_W50,1673,3.0,0.9597758976860965,0.97,1.1624524585133527
ewma_W50,1674,3.0,0.9595327551510134,0.96,1.1616274668315816
ewma_W50,1675,3.0,0.9604874117344703,0.95,1.1658117026848132
ewma_W50,1676,3.0,0.9613188028029831,0.96,1.1733239288102992
ewma_W50,1677,3.0,0.960714212119409,0.96,1.1696718199938625
ewma_W50,1678,3.0,0.9621324906909509,0.97,1.1716839162957522
ewma_W50,1679,3.0,0.96236795093745,0.95,1.1693027563440526
ewma_W50,1680,3.0,0.9627673411289679,0.97,1.1701755170833517
ewma_W50,1681,3.0,0.9618993635711445,0.95,1.1713408766307933
ewma_W50,1682,3.0,0.9622023116322242,0.95,1.181513863733914
ewma_W50,1683,3.0,0.9632567238245505,0.97,1.1890707022343916
ewma_W50,1684,3.0,0.9632051051902165,0.975,1.1829889902744943
ewma_W50,1685,3.0,0.9629373623855577,0.945,1.1811517995536776
ewma_W50,1686,3.0,0.9639937933550273,0.97,1.1866529476556729
ewma_W50,1687,3.0,0.9634708710761197,0.97,1.1794492413107462
ewma_W50,1688,3.0,0.9627490121472156,0.97,1.1715402412168758
ewma_W50,1689,3.0,0.961960392566867,0.975,1.169964221458873
ewma_W50,1690,3.0,0.9617509343438345,0.97,1.1688059992004243
ewma_W50,1691,3.0,0.9613631378926557,0.955,1.1596472458220617
ewma_W50,1692,3.0,0.9622214875351262,0.97,1.161974791578968
ewma_W50,1693,3.0,0.9611146591523814,0.965,1.1563883880713708
ewma_W50,1694,3.0,0.9605596665696194,0.945,1.1519136367865355
ewma_W50,1695,3.0,0.9607999750829527,0.965,1.1562607462691938
ewma_W50,1696,3.0,0.9600843001148928,0.94,1.1504594622173159
ewma_W50,1697,3.0,0.960730926177068,0.97,1.15683361986235
ewma_W50,1698,3.0,0.9608398532073261,0.98,1.159032533071705
ewma_W50,1699,3.0,0.9606287094638847,0.94,1.1557282778646931
ewma_W50,1700,3.0,0.9610314906813489,0.98,1.1600798401287307
ewma_W50,1701,3.0,0.9607514213558156,0.95,1.1564576426993503
ewma_W50,1702,3.0,0.9608367588800718,0.97,1.1583282597771845
ewma_W50,1703,3.0,0.9601331470192873,0.96,1.1591050035181558
ewma_W50,1704,3.0,0.9605893136890984,0.98,1.1582392114863165
ewma_W50,1705,3.0,0.959283467723219,0.95,1.1539657314810219
ewma_W50,1706,3.0,0.9592876357889967,0.97,1.1457919249466615
ewma_W50,1707,3.0,0.9594800906944124,0.97,1.1408765180687601
ewma_W50,1708,3.0,0.9586564786999182,0.965,1.139031834048362
ewma_W50,1709,3.0,0.9576152154754447,0.93,1.1327745036966135
ewma_W50,1710,3.0,0.959049025755796,0.965,1.1348101867472709
ewma_W50,1711,3.0,0.9591846183661048,0.935,1.1383880690671229
ewma_W50,1712,3.0,0.9610413875709243,0.96,1.1490571917709729
ewma_W50,1713,3.0,0.9607110612123146,0.965,1.1506694662118873
ewma_W50,1714,3.0,0.9592324505155219,0.97,1.146854833773433
ewma_W50,1715,3.0,0.9561405786037923,0.965,1.1346539742393398
ewma_W50,1716,3.0,0.9572652084116746,0.97,1.1333995847363605
ewma_W50,1717,3.0,0.9566063037508634,0.96,1.1219466801476563
ewma_W50,1718,3.0,0.956984563110333,0.975,1.1205558810922442
ewma_W50,1719,3.0,0.956596521595535,0.935,1.1224660060155613
ewma_W50,1720,3.0,0.9578206187400568,0.945,1.130095885224503
ewma_W50,1721,3.0,0.9587535167129384,0.955,1.1324255222040307
ewma_W50,1722,3.0,0.9602368291546878,0.97,1.1379800052428728
ewma_W50,1723,3.0,0.9598711001844827,0.965,1.1311876814523893
ewma_W50,1724,3.0,0.9588617503236457,0.95,1.1272383223660014
ewma_W50,1725,3.0,0.958740667216602,0.985,1.1256491988101864
ewma_W50,1726,3.0,0.9576373289049448,0.96,1.1208377846180766
ewma_W50,1727,3.0,0.9591996564272783,0.96,1.1247638672674614
ewma_W50,1728,3.0,0.9584140659555868,0.97,1.1223021423256276
ewma_W50,1729,3.0,0.9576285212013583,0.945,1.1183593118638853
ewma_W50,1730,3.0,0.9588471751244907,0.96,1.120045687272068
ewma_W50,1731,3.0,0.9596828808934299,0.94,1.125675751672334
ewma_W50,1732,3.0,0.9591049195391497,0.95,1.1269545369389897
ewma_W50,1733,3.0,0.9597969673639599,0.935,1.1328587095239542
ewma_W50,1734,3.0,0.962177888629458,0.96,1.1497092242411588
ewma_W50,1735,3.0,0.9621147370306719,0.975,1.152368459711927
ewma_W50,1736,3.0,0.959747780628666,0.955,1.1396727564504372
ewma_W50,1737,3.0,0.9601647021886544,0.97,1.1462956097425756
ewma_W50,1738,3.0,0.9608591534251772,0.965,1.1421618162208027
ewma_W50,1739,3.0,0.959762519248101,0.965,1.1443662368388428
ewma_W50,1740,3.0,0.9605619260027177,0.965,1.1465089212440767
ewma_W50,1741,3.0,0.9605966494993843,0.945,1.1484199441986231
ewma_W50,1742,3.0,0.9610177160260573,0.97,1.1494856947915406
ewma_W50,1743,3.0,0.9601522099399925,0.935,1.1446477452009345
ewma_W50,1744,3.0,0.962577462084004,0.94,1.1540834534973405
ewma_W50,1745,3.0,0.9638904910184691,0.935,1.1630903914835022
ewma_W50,1746,3.0,0.9658894554837112,0.955,1.1742975658036752
ewma_W50,1747,3.0,0.9661159233409289,0.965,1.1732401478997283
ewma_W50,1748,3.0,0.9662627318826041,0.965,1.1796520848494259
ewma_W50,1749,3.0,0.9668783818437123,0.95,1.1836551986622148
ewma_W50,1750,3.0,0.9678242530579462,0.975,1.1851936249105435
ewma_W50,1751,3.0,0.9680011136643131,0.95,1.1821500153622864
ewma_W50,1752,3.0,0.9691515053774089,0.975,1.1903364520444297
ewma_W50,1753,3.0,0.9687820149342629,0.975,1.1906278417789418
ewma_W50,1754,3.0,0.9686390664519703,0.98,1.1868433154791778
ewma_W50,1755,3.0,0.9681981227969017,0.965,1.1809333169464968
ewma_W50,1756,3.0,0.9679090819279277,0.98,1.1767843259781232
ewma_W50,1757,3.0,0.9679782647254598,0.985,1.1776401963146599
ewma_W50,1758,3.0,0.9669984412008458,0.97,1.170881912798654
ewma_W50,1759,3.0,0.9659225945642999,0.975,1.16351005397739
ewma_W50,1760,3.0,0.9652915264721617,0.97,1.1663009724864721
ewma_W50,1761,3.0,0.963834697726801,0.97,1.1583821095549376
ewma_W50,1762,3.0,0.9630057732295034,0.97,1.1490024340460394
ewma_W50,1763,3.0,0.9624522969929639,0.945,1.14688486171852
ewma_W50,1764,3.0,0.9627134971737812,0.96,1.1543664200987973
ewma_W50,1765,3.0,0.9632913192790453,0.965,1.1626916529875326
ewma_W50,1766,3.0,0.9630240218253701,0.965,1.165376450868947
ewma_W50,1767,3.0,0.9635779261268229,0.965,1.1711386301380244
ewma_W50,1768,3.0,0.9634890195023489,0.945,1.1712262395654944
ewma_W50,1769,3.0,0.9645783859497763,0.95,1.1748052506649482
ewma_W50,1770,3.0,0.9648461060830765,0.945,1.178699245214711
ewma_W50,1771,3.0,0.9650264236014574,0.985,1.1810187684250797
ewma_W50,1772,3.0,0.9644307881473314,0.98,1.1777127380259562
ewma_W50,1773,3.0,0.964748490941486,0.97,1.1761771363225904
ewma_W50,1774,3.0,0.9637240716202526,0.965,1.1754935476949435
ewma_W50,1775,3.0,0.9635677736053074,0.955,1.1741302110099456
ewma_W50,1776,3.0,0.9646805050276521,0.95,1.1799150274034371
ewma_W50,1777,3.0,0.9640261334710584,0.955,1.1756398737437979
ewma_W50,1778,3.0,0.9646601478857479,0.975,1.1789834978587082
ewma_W50,1779,3.0,0.9654009424649952,0.98,1.1819641186251582
ewma_W50,1780,3.0,0.9649951521982821,0.95,1.185700382457469
ewma_W50,1781,3.0,0.9652991357691535,0.975,1.189316217768622
ewma_W50,1782,3.0,0.9628578376752085,0.98,1.1750856067202
ewma_W50,1783,3.0,0.9629493202091394,0.975,1.1682540174535307
ewma_W50,1784,3.0,0.9626915300792173,0.945,1.1628487434192802
ewma_W50,1785,3.0,0.9630031152323068,0.945,1.1635675228342812
ewma_W50,1786,3.0,0.9634980539739602,0.965,1.1661735919860783
ewma_W50,1787,3.0,0.963412349832096,0.95,1.1650158677254323
ewma_W50,1788,3.0,0.9641840345558783,0.965,1.1632325506772694
ewma_W50,1789,3.0,0.9644398301017464,0.97,1.1664039063923972
ewma_W50,1790,3.0,0.9635673460130072,0.965,1.1644558367902555
ewma_W50,1791,3.0,0.9637974714742807,0.965,1.1658076902188415
ewma_W50,1792,3.0,0.9634594994481137,0.94,1.1650262974436065
ewma_W50,1793,3.0,0.9653642179320713,0.96,1.1852337956284489
ewma_W50,1794,3.0,0.9652855769542359,0.945,1.186927264082561
ewma_W50,1795,3.0,0.9655706867310223,0.97,1.1853885187674869
ewma_W50,1796,3.0,0.965238265791503,0.97,1.1785634711431578
ewma_W50,1797,3.0,0.9649045794889644,0.98,1.177316595464121
ewma_W50,1798,3.0,0.9641253916905949,0.935,1.1708671296974567
ewma_W50,1799,3.0,0.9659501085034247,0.95,1.1836650759276386
ewma_W50,1800,1.0,0.9999972414506095,1.0,3.546884413499453
ewma_W50,1801,1.0,0.9999958238801043,1.0,3.439220590972658
ewma_W50,1802,1.0,0.9999940634423905,1.0,3.336979726493749
ewma_W50,1803,1.0,0.9999924290441498,1.0,3.2304353328535065
ewma_W50,1804,1.0,0.9999889710891278,1.0,3.1297664848648266
ewma_W50,1805,1.0,0.9999841866802393,1.0,3.0360473424363104
ewma_W50,1806,1.0,0.9999774784174745,0.995,2.9434582036845813
ewma_W50,1807,1.0,0.9999808013220692,1.0,2.851251615006089
ewma_W50,1808,1.0,0.9999707786428709,1.0,2.768609289985077
ewma_W50,1809,1.0,0.9999499727328691,1.0,2.6944094757877166
ewma_W50,1810,1.0,0.9999322754462513,1.0,2.620214059032562
ewma_W50,1811,1.0,0.9999078757440788,1.0,2.540848255952653
ewma_W50,1812,1.0,0.999875996757018,1.0,2.461424133201395
ewma_W50,1813,1.0,0.9997949576581051,1.0,2.3958293472465773
ewma_W50,1814,1.0,0.9997161324734302,1.0,2.31523573610969
ewma_W50,1815,1.0,0.9996388274700252,1.0,2.2450406929493267
ewma_W50,1816,1.0,0.999522510348985,1.0,2.175552665766564
ewma_W50,1817,1.0,0.9993100291172194,1.0,2.114366672533564
ewma_W50,1818,1.0,0.9990945979108006,1.0,2.051930888929518
ewma_W50,1819,1.0,0.9987600098602738,1.0,1.9955186848219661
ewma_W50,1820,1.0,0.9983686958838982,1.0,1.9242488173474006
ewma_W50,1821,1.0,0.9979875503996866,0.995,1.8669665052115656
ewma_W50,1822,1.0,0.9973954905841984,0.99,1.8146381368831737
ewma_W50,1823,1.0,0.9968162138944788,1.0,1.7652367040115757
ewma_W50,1824,1.0,0.9959245842242131,1.0,1.7142216410401565
ewma_W50,1825,1.0,0.9948306326240405,1.0,1.6645005913419646
ewma_W50,1826,1.0,0.993141419247467,0.995,1.6083789144805902
ewma_W50,1827,1.0,0.9916542904901056,0.985,1.5608761840700474
ewma_W50,1828,1.0,0.9904586523391434,0.99,1.5165018001213213
ewma_W50,1829,1.0,0.9889503672683976,0.99,1.473149483790949
ewma_W50,1830,1.0,0.9862369041070136,0.98,1.4273061088944854
ewma_W50,1831,1.0,0.9842930186567839,0.98,1.386132755712864
ewma_W50,1832,1.0,0.9836895367346226,0.985,1.3566269940211089
ewma_W50,1833,1.0,0.9807695382178685,0.99,1.3220399801452711
ewma_W50,1834,1.0,0.9767132490640723,0.965,1.2806357562151132
ewma_W50,1835,1.0,0.9723456595014798,0.965,1.2536520197628263
ewma_W50,1836,1.0,0.9694088229701268,0.97,1.221234836271914
ewma_W50,1837,1.0,0.966422605153013,0.965,1.1924135068528132
ewma_W50,1838,1.0,0.963398563782338,0.95,1.1646842539298492
ewma_W50,1839,1.0,0.9592263329981328,0.945,1.1344045663297118
ewma_W50,1840,1.0,0.9535743953476209,0.965,1.11039292325589
ewma_W50,1841,1.0,0.9477762646170974,0.95,1.078659953779219
ewma_W50,1842,1.0,0.9404576410466814,0.96,1.0448766227174417
ewma_W50,1843,1.0,0.9317456806803281,0.92,1.0076596161622189
ewma_W50,1844,1.0,0.922479928390974,0.905,0.9732150645531192
ewma_W50,1845,1.0,0.915958391428566,0.9,0.9535915988974847
ewma_W50,1846,1.0,0.9104195568048549,0.935,0.9387594187059658
ewma_W50,1847,1.0,0.9008276545764093,0.9,0.9084698515363442
ewma_W50,1848,1.0,0.8973234779803793,0.87,0.8988995709378941
ewma_W50,1849,1.0,0.8906896811624108,0.88,0.8777536063920988
ewma_W50,1850,1.0,0.884377561761521,0.9,0.8600631405254222
ewma_W50,1851,1.0,0.8863264003440263,0.895,0.8634896031522181
ewma_W50,1852,1.0,0.8885252989124307,0.9,0.869683153892133
ewma_W50,1853,1.0,0.8902015501079075,0.845,0.8700923704518195
ewma_W50,1854,1.0,0.8956113825838371,0.915,0.8854792690014206
ewma_W50,1855,1.0,0.8956572180514741,0.92,0.8814603981912221
ewma_W50,1856,1.0,0.8949766816639066,0.91,0.8805645267376596
ewma_W50,1857,1.0,0.8961027441493735,0.895,0.883630125607522
ewma_W50,1858,1.0,0.899520945451559,0.92,0.8965656492256053
ewma_W50,1859,1.0,0.9018918707659435,0.885,0.8997327476686037
ewma_W50,1860,1.0,0.9059834411858632,0.905,0.9093017298858563
ewma_W50,1861,1.0,0.906732131751407,0.915,0.9168719521581881
ewma_W50,1862,1.0,0.9092732388435177,0.92,0.9207846152597952
ewma_W50,1863,1.0,0.9110857361179265,0.91,0.9242996299054491
ewma_W50,1864,1.0,0.9132305790646013,0.9,0.9275841481201134
ewma_W50,1865,1.0,0.9152157777094163,0.91,0.9347382034159861
ewma_W50,1866,1.0,0.916306552652303,0.915,0.9355342378885493
ewma_W50,1867,1.0,0.9194194071651225,0.915,0.9462506024252579
ewma_W50,1868,1.0,0.9209641051077346,0.94,0.9535019850060817
ewma_W50,1869,1.0,0.9209793388694824,0.91,0.9553244649533668
ewma_W50,1870,1.0,0.9223198511196593,0.95,0.959398467140771
ewma_W50,1871,1.0,0.9210228713948062,0.94,0.9584398840235068
ewma_W50,1872,1.0,0.9216422603732327,0.915,0.9595818149577195
ewma_W50,1873,1.0,0.9227865531419508,0.945,0.9657729965697769
ewma_W50,1874,1.0,0.9226115236667224,0.92,0.966440021329486
ewma_W50,1875,1.0,0.9241298501815652,0.94,0.9713980946676537
ewma_W50,1876,1.0,0.9251498559302539,0.945,0.97648077110044
ewma_W50,1877,1.0,0.9257924857814107,0.96,0.9797954231864088
ewma_W50,1878,1.0,0.926627969330417,0.92,0.9872801042535994
ewma_W50,1879,1.0,0.9288002245500303,0.925,1.000105878832335
ewma_W50,1880,1.0,0.930646863047521,0.945,1.005635167333937
ewma_W50,1881,1.0,0.9310818015332261,0.905,1.0099846338422984
ewma_W50,1882,1.0,0.9348533090568384,0.95,1.0248821245775297
ewma_W50,1883,1.0,0.9352370505492437,0.94,1.0242432650393711
ewma_W50,1884,1.0,0.936060385603291,0.96,1.0253237389822796
ewma_W50,1885,1.0,0.9355428503464722,0.94,1.0222819967382066
ewma_W50,1886,1.0,0.9357503866294795,0.94,1.0289937995678695
ewma_W50,1887,1.0,0.9367632411950255,0.94,1.0375425563996616
ewma_W50,1888,1.0,0.9388142306916697,0.945,1.0509084994251279
ewma_W50,1889,1.0,0.939301666100489,0.93,1.055140519295705
ewma_W50,1890,1.0,0.9408292907880113,0.95,1.0587273114663533
ewma_W50,1891,1.0,0.9413490850044641,0.955,1.0644204136078452
ewma_W50,1892,1.0,0.9419113897814836,0.91,1.068690026668316
ewma_W50,1893,1.0,0.9450312432280522,0.955,1.0830613701502052
ewma_W50,1894,1.0,0.9451401135310804,0.97,1.0814555541292838
ewma_W50,1895,1.0,0.9439832675245791,0.955,1.0785781565206187
ewma_W50,1896,1.0,0.9451588290003243,0.955,1.082602898755857
ewma_W50,1897,1.0,0.9460384066165601,0.965,1.0855219226406314
ewma_W50,1898,1.0,0.9471224186110558,0.93,1.0885104472327471
ewma_W50,1899,1.0,0.9498238620279364,0.935,1.1004081172760767
ewma_W50,1900,1.0,0.9505475738253577,0.965,1.1024298471689689
ewma_W50,1901,1.0,0.949518524783091,0.965,1.0987376146675794
ewma_W50,1902,1.0,0.949054237591865,0.94,1.0988671345612206
ewma_W50,1903,1.0,0.9506408325921207,0.965,1.1007199977607027
ewma_W50,1904,1.0,0.9512401508209624,0.975,1.101664588166779
ewma_W50,1905,1.0,0.9504704277499375,0.975,1.097860856931411
ewma_W50,1906,1.0,0.9503959149625988,0.93,1.0983247343524127
ewma_W50,1907,1.0,0.9516383533835696,0.96,1.1010628076659943
ewma_W50,1908,1.0,0.9523547260160319,0.965,1.1008887062160955
ewma_W50,1909,1.0,0.9521469901074459,0.93,1.0981531734310195
ewma_W50,1910,1.0,0.9534141880452917,0.97,1.1027089172100406
ewma_W50,1911,1.0,0.9537888705724434,0.98,1.1041944451703656
ewma_W50,1912,1.0,0.9532305820812682,0.96,1.0997253838772127
ewma_W50,1913,1.0,0.9536401170454544,0.94,1.1064951936664797
ewma_W50,1914,1.0,0.9538380842589951,0.945,1.112729224138906
ewma_W50,1915,1.0,0.9526037554266605,0.965,1.1139654741894134
ewma_W50,1916,1.0,0.9534907000511833,0.975,1.1180574612368366
ewma_W50,1917,1.0,0.9532206214234472,0.95,1.114666430926095
ewma_W50,1918,1.0,0.9548447535703403,0.955,1.117552367793052
ewma_W50,1919,1.0,0.9550940151116311,0.96,1.1216376638535948
ewma_W50,1920,1.0,0.9546520786431273,0.975,1.129526471958624
ewma_W50,1921,1.0,0.9539133358145642,0.95,1.1288468248589552
ewma_W50,1922,1.0,0.9546166049676609,0.965,1.131312129145523
ewma_W50,1923,1.0,0.954529150827294,0.975,1.1300394213273333
ewma_W50,1924,1.0,0.9542581496509054,0.965,1.1298867091818228
ewma_W50,1925,1.0,0.9548498788036472,0.965,1.133230564882298
ewma_W50,1926,1.0,0.9548295731905725,0.94,1.1320651216861584
ewma_W50,1927,1.0,0.9559458222028903,0.95,1.1379469380378526
ewma_W50,1928,1.0,0.9575921719866805,0.935,1.1497214341787858
ewma_W50,1929,1.0,0.9591000198628996,0.97,1.1605407398116439
ewma_W50,1930,1.0,0.9590502551452228,0.99,1.15476978493401
ewma_W50,1931,1.0,0.9570981944467725,0.94,1.1455215748749175
ewma_W50,1932,1.0,0.9589346866863923,0.965,1.1504839217775449
ewma_W50,1933,1.0,0.9583541590342322,0.935,1.1576069850091528
ewma_W50,1934,1.0,0.9601447698939597,0.955,1.1644475492243627
ewma_W50,1935,1.0,0.9608445066702948,0.95,1.1678531478841712
ewma_W50,1936,1.0,0.9620912283154456,0.955,1.167204621562408
ewma_W50,1937,1.0,0.962756106198082,0.985,1.1705277581987188
ewma_W50,1938,1.0,0.9622338080713938,0.96,1.1647906729564865
ewma_W50,1939,1.0,0.9620167300898088,0.98,1.1638394177566096
ewma_W50,1940,1.0,0.9606934030615564,0.95,1.1632150476558862
ewma_W50,1941,1.0,0.9621570205660092,0.955,1.173591147515413
ewma_W50,1942,1.0,0.9628456160243818,0.95,1.1773276216892177
ewma_W50,1943,1.0,0.9646805322555949,0.95,1.1834298254335414
ewma_W50,1944,1.0,0.9659022014351086,0.965,1.1903932845970733
ewma_W50,1945,1.0,0.9651647906981486,0.995,1.1877132135807795
ewma_W50,1946,1.0,0.9640428529740603,0.965,1.1799319072132601
ewma_W50,1947,1.0,0.9652516501702411,0.955,1.1842344846465904
ewma_W50,1948,1.0,0.9666590919553335,0.965,1.2001151861617254
ewma_W50,1949,1.0,0.9654801825913455,0.975,1.1946853156303805
ewma_W50,1950,1.0,0.9655359105402834,0.965,1.193071399646705
ewma_W50,1951,1.0,0.9651238851401368,0.965,1.186446080685126
ewma_W50,1952,1.0,0.9642137519582465,0.955,1.187411094026766
ewma_W50,1953,1.0,0.965440305952428,0.955,1.1885307054137622
ewma_W50,1954,1.0,0.966356612359483,0.945,1.1872259834143477
ewma_W50,1955,1.0,0.9676428899837208,0.975,1.191539925074413
ewma_W50,1956,1.0,0.9672759070417624,0.96,1.1914683078855302
ewma_W50,1957,1.0,0.9664543605472017,0.955,1.194515340423862
ewma_W50,1958,1.0,0.9666553211754189,0.98,1.196607089980055
ewma_W50,1959,1.0,0.9661845586535255,0.965,1.1956252224230592
ewma_W50,1960,1.0,0.9660218833665561,0.965,1.1972474299172509
ewma_W50,1961,1.0,0.966928725477977,0.975,1.1980958876498229
ewma_W50,1962,1.0,0.966770716603987,0.965,1.1939112653395947
ewma_W50,1963,1.0,0.9662783759807526,0.95,1.1897997843053136
ewma_W50,1964,1.0,0.9660631811270144,0.975,1.1897879256400743
ewma_W50,1965,1.0,0.9658067320998005,0.955,1.1893658733224648
ewma_W50,1966,1.0,0.9659889244060085,0.955,1.1891624633671298
ewma_W50,1967,1.0,0.9663376327848638,0.97,1.1886080791202545
ewma_W50,1968,1.0,0.9660340203774891,0.975,1.1862399756387736
ewma_W50,1969,1.0,0.9654833458712653,0.975,1.1782426676905442
ewma_W50,1970,1.0,0.9643312451804068,0.96,1.1723226059583032
ewma_W50,1971,1.0,0.9635207983678029,0.97,1.1709849913250077
ewma_W50,1972,1.0,0.9630247838169923,0.99,1.1644462397264261
ewma_W50,1973,1.0,0.9625114772296106,0.96,1.1611184299999653
ewma_W50,1974,1.0,0.9639837145703489,0.95,1.1701789745090385
ewma_W50,1975,1.0,0.9650585392495575,0.98,1.17164079089775
ewma_W50,1976,1.0,0.963224001641318,0.97,1.165922467472585
ewma_W50,1977,1.0,0.9623793940082058,0.96,1.1599975426542608
ewma_W50,1978,1.0,0.9620285278095448,0.965,1.1553266289418245
ewma_W50,1979,1.0,0.9612315551447465,0.985,1.1509616117269266
ewma_W50,1980,1.0,0.9602457607658872,0.96,1.1434335038159558
ewma_W50,1981,1.0,0.9598557698618589,0.94,1.145866651762426
ewma_W50,1982,1.0,0.9601515223767302,0.99,1.1436344109928096
ewma_W50,1983,1.0,0.9589232250101796,0.98,1.1350254823911032
ewma_W50,1984,1.0,0.957218597209031,0.96,1.1276990860152583
ewma_W50,1985,1.0,0.9579273254372122,0.96,1.1286388594136503
ewma_W50,1986,1.0,0.957242789892522,0.975,1.1253197859999053
ewma_W50,1987,1.0,0.9559273315005057,0.955,1.1177291477315718
ewma_W50,1988,1.0,0.9557859284575969,0.955,1.1232063453439958
ewma_W50,1989,1.0,0.9552441764607376,0.95,1.1305421037787167
ewma_W50,1990,1.0,0.9567270835107103,0.965,1.1304877476971624
ewma_W50,1991,1.0,0.9571001139754606,0.95,1.1319644259242672
ewma_W50,1992,1.0,0.9571098457449636,0.965,1.130490456611718
ewma_W50,1993,1.0,0.9564267624111707,0.965,1.1213612019908237
ewma_W50,1994,1.0,0.9561084017896833,0.935,1.117485931268902
ewma_W50,1995,1.0,0.9577210302402237,0.95,1.122081380632264
ewma_W50,1996,1.0,0.9608553161657609,0.955,1.1288070018107164
ewma_W50,1997,1.0,0.959918722558884,0.975,1.1290936631523576
ewma_W50,1998,1.0,0.9578377962108021,0.96,1.1188286817539896
ewma_W50,1999,1.0,0.9587129558360497,0.96,1.1271977700065612
ewma_W50,2000,1.0,0.9608909567675259,0.96,1.1373796976369916
ewma_W50,2001,1.0,0.9610194619643423,0.955,1.141778961943437
ewma_W50,2002,1.0,0.9602852623774905,0.975,1.1421603056589575
ewma_W50,2003,1.0,0.9606842891371656,0.93,1.1386289313143967
ewma_W50,2004,1.0,0.9618340305900517,0.96,1.1555061782260165
ewma_W50,2005,1.0,0.9617946531213656,0.975,1.154953147318816
ewma_W50,2006,1.0,0.9603085467814623,0.955,1.1493803507232645
ewma_W50,2007,1.0,0.9599910721934978,0.965,1.1440500789657189
ewma_W50,2008,1.0,0.9593641477456539,0.965,1.143608062901884
ewma_W50,2009,1.0,0.9599489904275981,0.955,1.1449476597006087
ewma_W50,2010,1.0,0.9596574684073107,0.97,1.1464553244463336
ewma_W50,2011,1.0,0.9586378770904923,0.975,1.1408127902598095
ewma_W50,2012,1.0,0.9583768851328749,0.965,1.141621871863548
ewma_W50,2013,1.0,0.9593346907964979,0.96,1.1470534084865802
ewma_W50,2014,1.0,0.9597680168560687,0.96,1.1433858370706182
ewma_W50,2015,1.0,0.9606670912255113,0.965,1.1494039537786327
ewma_W50,2016,1.0,0.9602401196745276,0.935,1.1432728984267186
ewma_W50,2017,1.0,0.9620690227886436,0.95,1.148402538974024
ewma_W50,2018,1.0,0.9631296627673609,0.965,1.1520669605467555
ewma_W50,2019,1.0,0.9624732721816932,0.965,1.1535265627514812
ewma_W50,2020,1.0,0.9628159203723016,0.95,1.1553534990424708
ewma_W50,2021,1.0,0.9612674256332255,0.96,1.1558435605838562
ewma_W50,2022,1.0,0.9613211595513769,0.975,1.1540335817139127
ewma_W50,2023,1.0,0.9600653179952778,0.945,1.1559908561975165
ewma_W50,2024,1.0,0.9601157517156877,0.965,1.1528985624733272
ewma_W50,2025,1.0,0.9599431506519471,0.975,1.1544383100258333
ewma_W50,2026,1.0,0.9592800374410544,0.95,1.1504809393534663
ewma_W50,2027,1.0,0.9604739410105008,0.975,1.1511445173211319
ewma_W50,2028,1.0,0.9605834748588596,0.98,1.1504321837135136
ewma_W50,2029,1.0,0.9610006642306707,0.965,1.1525227984204645
ewma_W50,2030,1.0,0.9610536951085448,0.94,1.1541378068095458
ewma_W50,2031,1.0,0.9614819166306745,0.975,1.1696738870909926
ewma_W50,2032,1.0,0.9614569173940996,0.955,1.1684451700928657
ewma_W50,2033,1.0,0.9623151857471767,0.97,1.167583138152223
ewma_W50,2034,1.0,0.9622876185347635,0.96,1.1688281998171046
ewma_W50,2035,1.0,0.9618936870627997,0.955,1.1672291493803308
ewma_W50,2036,1.0,0.962983325534311,0.995,1.1713187712981097
ewma_W50,2037,1.0,0.961777012421322,0.965,1.1603626624437218
ewma_W50,2038,1.0,0.961310079188859,0.955,1.1631724908286674
ewma_W50,2039,1.0,0.9611847670927126,0.98,1.1592700670114764
ewma_W50,2040,1.0,0.9608383208365264,0.965,1.1581514734945932
ewma_W50,2041,1.0,0.9616373551833113,0.965,1.163851365076579
ewma_W50,2042,1.0,0.9613906351961764,0.975,1.1661898727917714
ewma_W50,2043,1.0,0.9610391521655006,0.955,1.168554852990229
ewma_W50,2044,1.0,0.9604665577750964,0.95,1.1692676183941513
ewma_W50,2045,1.0,0.9619243622838346,0.975,1.1731638160421995
ewma_W50,2046,1.0,0.961597338732217,0.985,1.1665628260451135
ewma_W50,2047,1.0,0.9613453656157539,0.97,1.159800160434196
ewma_W50,2048,1.0,0.9615493559634022,0.97,1.1616183022588722
ewma_W50,2049,1.0,0.9626903923589347,0.98,1.1663760237227878
ewma_W50,2050,1.0,0.9619827090862489,0.975,1.1603810814421827
ewma_W50,2051,1.0,0.9619619438907675,0.96,1.161180338402515
ewma_W50,2052,1.0,0.960810147769729,0.95,1.1594070466953195
ewma_W50,2053,1.0,0.960754187351569,0.98,1.1592361034904926
ewma_W50,2054,1.0,0.9590266440492397,0.965,1.1448506592375152
ewma_W50,2055,1.0,0.9589128554463296,0.965,1.1415941887484629
ewma_W50,2056,1.0,0.9585498619161096,0.975,1.142403304484013
ewma_W50,2057,1.0,0.9574040193532387,0.955,1.135928188490559
ewma_W50,2058,1.0,0.9580129988617222,0.96,1.135326083296462
ewma_W50,2059,1.0,0.9579091450308517,0.97,1.1395542176190352
ewma_W50,2060,1.0,0.9597806010732884,0.96,1.142138488704414
ewma_W50,2061,1.0,0.9599220311925438,0.96,1.1460134685840597
ewma_W50,2062,1.0,0.9607428163841024,0.96,1.1506242754596832
ewma_W50,2063,1.0,0.9602608571448752,0.945,1.1562082551598813
ewma_W50,2064,1.0,0.9618420346139271,0.97,1.1605088501005796
ewma_W50,2065,1.0,0.9600279577155584,0.945,1.1524959261376189
ewma_W50,2066,1.0,0.9622498882259753,0.98,1.1636428903225762
ewma_W50,2067,1.0,0.9600579477506217,0.965,1.151118130344762
ewma_W50,2068,1.0,0.958616325562015,0.97,1.1459374469549486
ewma_W50,2069,1.0,0.9578050131132148,0.945,1.1429017509919748
ewma_W50,2070,1.0,0.9577092956327808,0.955,1.1402345144023338
ewma_W50,2071,1.0,0.9564286070177976,0.955,1.137710345634944
ewma_W50,2072,1.0,0.9557762162957815,0.955,1.1377276287102316
ewma_W50,2073,1.0,0.957193692640477,0.975,1.139982131207567
ewma_W50,2074,1.0,0.956863040872564,0.945,1.1330518600610535
ewma_W50,2075,1.0,0.9575244255791966,0.955,1.133610681145667
ewma_W50,2076,1.0,0.9579669830647611,0.975,1.1329890924014867
ewma_W50,2077,1.0,0.957151862141739,0.955,1.1281803562398998
ewma_W50,2078,1.0,0.9569468126767415,0.955,1.1235837712357764
ewma_W50,2079,1.0,0.956417117287073,0.93,1.1203186447663045
ewma_W50,2080,1.0,0.9583854844176843,0.97,1.1249957736196103
ewma_W50,2081,1.0,0.9556927502886322,0.975,1.114579007942468
ewma_W50,2082,1.0,0.9549084544345774,0.985,1.1112681467141412
ewma_W50,2083,1.0,0.9537255605880262,0.925,1.1028527444351959
ewma_W50,2084,1.0,0.954491955082239,0.955,1.110211814446982
ewma_W50,2085,1.0,0.9551308170351583,0.97,1.109388655190586
ewma_W50,2086,1.0,0.9561138995786292,0.98,1.1098328749068735
ewma_W50,2087,1.0,0.9551206641042697,0.955,1.107097086148411
ewma_W50,2088,1.0,0.9545747203122593,0.915,1.1088088174521873
ewma_W50,2089,1.0,0.955640159171186,0.945,1.1181956250156446
ewma_W50,2090,1.0,0.9561182126346651,0.94,1.123511747602226
ewma_W50,2091,1.0,0.9584964533322667,0.97,1.1299662142676785
ewma_W50,2092,1.0,0.9579129898657709,0.95,1.1285691486868374
ewma_W50,2093,1.0,0.9592766790269945,0.985,1.1315175849936343
ewma_W50,2094,1.0,0.9579030062401058,0.95,1.1188816305452607
ewma_W50,2095,1.0,0.9586957603489934,0.955,1.1190643426276718
ewma_W50,2096,1.0,0.9595491003086626,0.95,1.124622142141456
ewma_W50,2097,1.0,0.9592918919002639,0.945,1.1275730495576348
ewma_W50,2098,1.0,0.960117602054674,0.955,1.1367084240100676
ewma_W50,2099,1.0,0.9600211659656382,0.97,1.1369563489068886
ewma_W50,2100,1.0,0.9607063389106734,0.94,1.1378298839024743
ewma_W50,2101,1.0,0.9623724688888289,0.945,1.14794756198546
ewma_W50,2102,1.0,0.962663212470195,0.98,1.149801490869998
ewma_W50,2103,1.0,0.9621100117972045,0.96,1.145716547378539
ewma_W50,2104,1.0,0.9629951700744118,0.975,1.1523769002902886
ewma_W50,2105,1.0,0.9628415004475918,0.975,1.1488901286998472
ewma_W50,2106,1.0,0.9621720646680728,0.96,1.1435936485384497
ewma_W50,2107,1.0,0.962875173912159,0.965,1.1453679784291346
ewma_W50,2108,1.0,0.9619114289828384,0.955,1.1406655664821541
ewma_W50,2109,1.0,0.9619601769914263,0.98,1.1437431726661513
ewma_W50,2110,1.0,0.9606752358126065,0.985,1.1359337079767369
ewma_W50,2111,1.0,0.9592369709587518,0.96,1.1340349180511162
ewma_W50,2112,1.0,0.9603675675588506,0.97,1.1370209768801056
ewma_W50,2113,1.0,0.9594144208923302,0.95,1.1358233393271016
ewma_W50,2114,1.0,0.9603275489877356,0.955,1.139028005909091
ewma_W50,2115,1.0,0.960310846027927,0.965,1.1421855052076892
ewma_W50,2116,1.0,0.9616694181856001,0.97,1.145866050405371
ewma_W50,2117,1.0,0.961805987419495,0.935,1.147498124173106
ewma_W50,2118,1.0,0.9623763486978929,0.965,1.1509254088104084
ewma_W50,2119,1.0,0.9617963060362459,0.97,1.149906152439931
ewma_W50,2120,1.0,0.9618153505213569,0.95,1.1503178861808525
ewma_W50,2121,1.0,0.9613305209704955,0.96,1.1498956389540709
ewma_W50,2122,1.0,0.9605419463757485,0.98,1.1460987167628962
ewma_W50,2123,1.0,0.9587094402266264,0.955,1.138236440627574
ewma_W50,2124,1.0,0.9601084623290715,0.965,1.1403498544058408
ewma_W50,2125,1.0,0.9607558518195158,0.955,1.1497551870124034
ewma_W50,2126,1.0,0.9605871105386607,0.97,1.1498101509317769
ewma_W50,2127,1.0,0.9599442494865411,0.965,1.1438145292844768
ewma_W50,2128,1.0,0.9598035137912843,0.97,1.1430762233262706
ewma_W50,2129,1.0,0.9600764537323241,0.95,1.1445547918428005
ewma_W50,2130,1.0,0.9622725390714781,0.96,1.1488621339950376
ewma_W50,2131,1.0,0.9637478887770716,0.985,1.154305825502889
ewma_W50,2132,1.0,0.9626827218528953,0.96,1.1483581819413622
ewma_W50,2133,1.0,0.9622944542082494,0.955,1.1539866558081036
ewma_W50,2134,1.0,0.9629334677263182,0.975,1.1521044821953006
ewma_W50,2135,1.0,0.9618472652907883,0.965,1.1464307911315903
ewma_W50,2136,1.0,0.9617571378944028,0.95,1.1413778941905064
ewma_W50,2137,1.0,0.9631856169963219,0.96,1.1482415835712536
ewma_W50,2138,1.0,0.9634122397508855,0.96,1.1521104461185059
ewma_W50,2139,1.0,0.9622452874928112,0.945,1.1451898334069275
ewma_W50,2140,1.0,0.9630030909208525,0.97,1.1440395687620772
ewma_W50,2141,1.0,0.9619240977554557,0.98,1.1385329442247458
ewma_W50,2142,1.0,0.9608173980083693,0.975,1.1319818687310257
ewma_W50,2143,1.0,0.9597531684290577,0.96,1.1306048251479155
ewma_W50,2144,1.0,0.959368142337755,0.975,1.1334077387729566
ewma_W50,2145,1.0,0.9591503979571456,0.975,1.1311662807002836
ewma_W50,2146,1.0,0.9585767158782807,0.945,1.1232866003705269
ewma_W50,2147,1.0,0.9602068881768591,0.955,1.1324559429929146
ewma_W50,2148,1.0,0.959548079671996,0.96,1.1310354108698348
ewma_W50,2149,1.0,0.9603211774645248,0.96,1.1334816812560413
ewma_W50,2150,1.0,0.9604127309619667,0.965,1.1372997645385627
ewma_W50,2151,1.0,0.9596201564933244,0.94,1.1291874729402367
ewma_W50,2152,1.0,0.9609675456824851,0.97,1.134252024353394
ewma_W50,2153,1.0,0.96161988312243,0.95,1.1354708100571533
ewma_W50,2154,1.0,0.9618029953057481,0.975,1.1399545760774048
ewma_W50,2155,1.0,0.9611734683867889,0.965,1.1383950503288132
ewma_W50,2156,1.0,0.9607118227114125,0.98,1.1372899994109715
ewma_W50,2157,1.0,0.9598815545830641,0.97,1.133384540454322
ewma_W50,2158,1.0,0.9599056854650518,0.965,1.1280615697337186
ewma_W50,2159,1.0,0.9593830037432207,0.975,1.1221747035895377
ewma_W50,2160,1.0,0.9586853532324681,0.98,1.1247552851113896
ewma_W50,2161,1.0,0.9577478847950519,0.96,1.1203641933723725
ewma_W50,2162,1.0,0.9580566552940013,0.95,1.1217891300517113
ewma_W50,2163,1.0,0.958651250174697,0.965,1.1250953057116104
ewma_W50,2164,1.0,0.9591472766071152,0.955,1.1250742666615998
ewma_W50,2165,1.0,0.9597878157226085,0.97,1.1281244119525837
ewma_W50,2166,1.0,0.9594417629076244,0.97,1.1252135490608663
ewma_W50,2167,1.0,0.9588083627470548,0.975,1.123978560208609
ewma_W50,2168,1.0,0.9582166552453573,0.935,1.1220544217874657
ewma_W50,2169,1.0,0.9597532520878282,0.965,1.1270484515679642
ewma_W50,2170,1.0,0.9594610074560171,0.975,1.1238392119154035
ewma_W50,2171,1.0,0.9584384723849007,0.98,1.119485795864437
ewma_W50,2172,1.0,0.9569099408429383,0.98,1.1132521808729228
ewma_W50,2173,1.0,0.9561820341325293,0.95,1.110398647419255
ewma_W50,2174,1.0,0.9568610941255454,0.96,1.1178580654986277
ewma_W50,2175,1.0,0.9559327752914407,0.96,1.1133935527706385
ewma_W50,2176,1.0,0.9560307323885097,0.945,1.1129237833870202
ewma_W50,2177,1.0,0.9570094264992696,0.96,1.1160505850736337
ewma_W50,2178,1.0,0.9580678675197819,0.935,1.1201727202596112
ewma_W50,2179,1.0,0.9597449781085898,0.97,1.131176347955488
ewma_W50,2180,1.0,0.9576122086248812,0.925,1.1236669383177231
ewma_W50,2181,1.0,0.958288737806443,0.95,1.1382595832584652
ewma_W50,2182,1.0,0.9589584327574788,0.95,1.1474225998887746
ewma_W50,2183,1.0,0.9602941536830855,0.955,1.1464615601029755
ewma_W50,2184,1.0,0.9600199072263627,0.96,1.1506502608223403
ewma_W50,2185,1.0,0.9622070254552846,0.965,1.1537200874161357
ewma_W50,2186,1.0,0.9628182661208996,0.97,1.1558823822457294
ewma_W50,2187,1.0,0.9629834390289913,0.955,1.152990439829474
ewma_W50,2188,1.0,0.9637621704980478,0.97,1.154982783657107
ewma_W50,2189,1.0,0.9626004555086607,0.965,1.152147564209205
ewma_W50,2190,1.0,0.9620729541293077,0.965,1.147632353129159
ewma_W50,2191,1.0,0.9621954463351119,0.98,1.148172093818814
ewma_W50,2192,1.0,0.9616784127460016,0.975,1.1471258129088144
ewma_W50,2193,1.0,0.9606648775419586,0.98,1.1402741236565155
ewma_W50,2194,1.0,0.9592946863819705,0.975,1.1364160546839772
ewma_W50,2195,1.0,0.9577767217785904,0.955,1.1306366082897943
ewma_W50,2196,1.0,0.9590081146526783,0.96,1.1349503195533786
ewma_W50,2197,1.0,0.9598353865659351,0.975,1.1362590878230867
ewma_W50,2198,1.0,0.9589685133943695,0.955,1.133549152506747
ewma_W50,2199,1.0,0.959606906209153,0.915,1.1376789831637928
ewma_W50,2200,1.0,0.9606068691649702,0.95,1.1522656812002476
ewma_W50,2201,1.0,0.9617328517251436,0.98,1.1610042738890085
ewma_W50,2202,1.0,0.9600224688575092,0.96,1.1544624400515193
ewma_W50,2203,1.0,0.9601357227374485,0.975,1.156352664926275
ewma_W50,2204,1.0,0.9590532433015528,0.94,1.1512394419379255
ewma_W50,2205,1.0,0.9607911293222771,0.96,1.157276022464381
ewma_W50,2206,1.0,0.9609402282721566,0.97,1.1577967745311424
ewma_W50,2207,1.0,0.9606790964610156,0.955,1.157049343995448
ewma_W50,2208,1.0,0.9604052307694719,0.97,1.1592957927891114
ewma_W50,2209,1.0,0.9601795742438631,0.95,1.1589094371556825
ewma_W50,2210,1.0,0.9608926471293862,0.96,1.1605195527231362
ewma_W50,2211,1.0,0.9621680861788845,0.985,1.169489093557714
ewma_W50,2212,1.0,0.9617382411269069,0.96,1.1664326402813978
ewma_W50,2213,1.0,0.9609301822052145,0.96,1.1633302425205303
ewma_W50,2214,1.0,0.9607170541993443,0.97,1.1651301048070877
ewma_W50,2215,1.0,0.9594459158026971,0.965,1.159860580490483
ewma_W50,2216,1.0,0.9594495258240937,0.985,1.1641316198141627
ewma_W50,2217,1.0,0.9586778192865899,0.955,1.1584254802222214
ewma_W50,2218,1.0,0.9589861529675425,0.96,1.161894906776587
ewma_W50,2219,1.0,0.9592689581105596,0.96,1.1592242489650957
ewma_W50,2220,1.0,0.9586675832179603,0.95,1.1607466027434417
ewma_W50,2221,1.0,0.9605017893945945,0.95,1.17120492182326
ewma_W50,2222,1.0,0.9620933414011834,0.975,1.1806365209116505
ewma_W50,2223,1.0,0.9610553028816432,0.955,1.173071548002344
ewma_W50,2224,1.0,0.9618977413340423,0.955,1.1700831041918525
ewma_W50,2225,1.0,0.9621611888607362,0.965,1.1674962521247334
ewma_W50,2226,1.0,0.9628877647649309,0.96,1.1691779993887326
ewma_W50,2227,1.0,0.9634995887438176,0.955,1.1669443745124963
ewma_W50,2228,1.0,0.9627272413529647,0.955,1.163087001929535
ewma_W50,2229,1.0,0.9619461684680468,0.955,1.160425222417205
ewma_W50,2230,1.0,0.9614427486094494,0.96,1.166405640594904
ewma_W50,2231,1.0,0.9608005053307881,0.96,1.160402469219274
ewma_W50,2232,1.0,0.9610455302885736,0.96,1.1613281846180956
ewma_W50,2233,1.0,0.96097591321002,0.94,1.1647616243418861
ewma_W50,2234,1.0,0.9621244187896332,0.965,1.1761562969742811
ewma_W50,2235,1.0,0.9617915601617522,0.98,1.1778972068816038
ewma_W50,2236,1.0,0.960817686379075,0.94,1.1685610948684837
ewma_W50,2237,1.0,0.9632174347195815,0.945,1.1787214606304963
ewma_W50,2238,1.0,0.9630901913177362,0.96,1.1774528162612083
ewma_W50,2239,1.0,0.963489521089829,0.98,1.1794719076508848
ewma_W50,2240,1.0,0.963570511432093,0.96,1.1770183951458428
ewma_W50,2241,1.0,0.9634958823712342,0.96,1.175443873212105
ewma_W50,2242,1.0,0.9637161174195614,0.94,1.173375539082686
ewma_W50,2243,1.0,0.9656530210620836,0.965,1.1842366524834496
ewma_W50,2244,1.0,0.9648378529008695,0.96,1.1813118918595087
ewma_W50,2245,1.0,0.9648646472846478,0.97,1.188425560464904
ewma_W50,2246,1.0,0.9649492842474606,0.97,1.186245960837869
ewma_W50,2247,1.0,0.9653714904446197,0.975,1.1823029056346703
ewma_W50,2248,1.0,0.9651367227581659,0.975,1.1835196421895988
ewma_W50,2249,1.0,0.9647948393760137,0.96,1.1820850806439502
ewma_W50,2250,1.0,0.9642197482589927,0.97,1.1765092095775793
ewma_W50,2251,1.0,0.9647162248794688,0.965,1.1764570103917174
ewma_W50,2252,1.0,0.9637279874855378,0.965,1.1721685597730762
ewma_W50,2253,1.0,0.9643561134400079,0.955,1.175701258288518
ewma_W50,2254,1.0,0.965430206817656,0.965,1.1732716871789477
ewma_W50,2255,1.0,0.9647728933252141,0.945,1.169958918331337
ewma_W50,2256,1.0,0.9663106343313581,0.96,1.1770498595436942
ewma_W50,2257,1.0,0.9651644987738814,0.955,1.1755158475132363
ewma_W50,2258,1.0,0.965437503891941,0.99,1.1761884162172713
ewma_W50,2259,1.0,0.9646145723389585,0.965,1.1719134157374653
ewma_W50,2260,1.0,0.9645671509341264,0.975,1.168988654891535
ewma_W50,2261,1.0,0.9638288676156221,0.96,1.166708521276271
ewma_W50,2262,1.0,0.9640312369835939,0.96,1.1711077305628184
ewma_W50,2263,1.0,0.9657776163123593,0.975,1.1744140194768846
ewma_W50,2264,1.0,0.9641955519169071,0.95,1.1689378498772576
ewma_W50,2265,1.0,0.9656647290262147,0.935,1.178172826071444
ewma_W50,2266,1.0,0.966488201201537,0.97,1.1927186612060985
ewma_W50,2267,1.0,0.9669105987395757,0.96,1.1915844685008066
ewma_W50,2268,1.0,0.9670055372543578,0.965,1.1956233186376228
ewma_W50,2269,1.0,0.9662802370345625,0.96,1.1960564036331587
ewma_W50,2270,1.0,0.965546462254264,0.955,1.1962710382994977
ewma_W50,2271,1.0,0.9654174993830361,0.965,1.1936847214197956
ewma_W50,2272,1.0,0.9644723670644137,0.975,1.189831847850442
ewma_W50,2273,1.0,0.9628489418990227,0.94,1.182175704462245
ewma_W50,2274,1.0,0.9626358043165366,0.965,1.186832148253526
ewma_W50,2275,1.0,0.9638414694280459,0.95,1.1883482590247516
ewma_W50,2276,1.0,0.9648048229134144,0.95,1.1942995689343263
ewma_W50,2277,1.0,0.9659728418479303,0.975,1.196515072501216
ewma_W50,2278,1.0,0.9651330870912822,0.96,1.1882425790506874
ewma_W50,2279,1.0,0.9654546832440977,0.975,1.1880765313895392
ewma_W50,2280,1.0,0.9658636329093087,0.98,1.18120506713705
ewma_W50,2281,1.0,0.9650916583334491,0.955,1.179284407563467
ewma_W50,2282,1.0,0.9647819961010434,0.955,1.175318479236495
ewma_W50,2283,1.0,0.9646390442422201,0.96,1.1749606433349253
ewma_W50,2284,1.0,0.9639056451085863,0.965,1.1718184289985247
ewma_W50,2285,1.0,0.9635691995450426,0.98,1.17178911786509
ewma_W50,2286,1.0,0.9624944593116518,0.95,1.1646773279331155
ewma_W50,2287,1.0,0.9623251283373472,0.965,1.162083351910756
ewma_W50,2288,1.0,0.9626918257592143,0.97,1.1565557334467307
ewma_W50,2289,1.0,0.9626112777711932,0.955,1.156442601218546
ewma_W50,2290,1.0,0.9632509295946076,0.98,1.1654641009250137
ewma_W50,2291,1.0,0.962026779446959,0.98,1.1586266206421956
ewma_W50,2292,1.0,0.9613077381200796,0.94,1.1541894830550383
ewma_W50,2293,1.0,0.9617660767439569,0.97,1.1569738233520683
ewma_W50,2294,1.0,0.9622994551643356,0.95,1.1601276872754736
ewma_W50,2295,1.0,0.962124025822392,0.96,1.15630841097433
ewma_W50,2296,1.0,0.9616546615337351,0.95,1.156458307435696
ewma_W50,2297,1.0,0.9620059109107129,0.965,1.1562836899120552
ewma_W50,2298,1.0,0.9614111628841687,0.98,1.1547449071414253
ewma_W50,2299,1.0,0.9607674339224307,0.965,1.1468375610338177
ewma_W50,2300,1.0,0.9595558661694141,0.945,1.138699220118841
ewma_W50,2301,1.0,0.9607267006394005,0.935,1.1437388582962884
ewma_W50,2302,1.0,0.9615928959193905,0.96,1.1536252113791048
ewma_W50,2303,1.0,0.9614755017593203,0.975,1.1499305513778366
ewma_W50,2304,1.0,0.9616674573642825,0.955,1.1516592770050393
ewma_W50,2305,1.0,0.9624903336792218,0.97,1.1588610544803468
ewma_W50,2306,1.0,0.9625713338547761,0.95,1.1606140349177687
ewma_W50,2307,1.0,0.9628084193308252,0.945,1.1589948802738157
ewma_W50,2308,1.0,0.9636592991871386,0.955,1.1671748599277088
ewma_W50,2309,1.0,0.9644335309858489,0.945,1.170041160763655
ewma_W50,2310,1.0,0.96491370798594,0.975,1.1743056556841613
ewma_W50,2311,1.0,0.9624952529430033,0.955,1.1656070002027352
ewma_W50,2312,1.0,0.9634693550970884,0.975,1.1653175820816655
ewma_W50,2313,1.0,0.9622720419022684,0.965,1.1590581307137282
ewma_W50,2314,1.0,0.9618966658069097,0.98,1.1576997288431177
ewma_W50,2315,1.0,0.9610590336205468,0.94,1.1503512442115704
ewma_W50,2316,1.0,0.9611802581112946,0.98,1.1467010333040022
ewma_W50,2317,1.0,0.9602729031163332,0.95,1.1396560987175461
ewma_W50,2318,1.0,0.9602995106486436,0.965,1.1405220395301656
ewma_W50,2319,1.0,0.9599581563657441,0.95,1.1407733356449805
ewma_W50,2320,1.0,0.9606678527698365,0.95,1.1397733004469481
ewma_W50,2321,1.0,0.9606274172902732,0.97,1.139281185787555
ewma_W50,2322,1.0,0.9596277832576087,0.925,1.1371667750868255
ewma_W50,2323,1.0,0.9624657157456386,0.975,1.1498314282051425
ewma_W50,2324,1.0,0.9618746035802169,0.925,1.1442183597433335
ewma_W50,2325,1.0,0.9645890773401792,0.975,1.1611921169110397
ewma_W50,2326,1.0,0.9635847921228046,0.96,1.1548381744226952
ewma_W50,2327,1.0,0.9634298012998207,0.975,1.1527685701597818
ewma_W50,2328,1.0,0.9630380058882415,0.96,1.1494574373800988
ewma_W50,2329,1.0,0.9629710236006095,0.96,1.1471728795620506
ewma_W50,2330,1.0,0.9633126416335773,0.97,1.1512715281561419
ewma_W50,2331,1.0,0.9627529966862539,0.96,1.1476652718976252
ewma_W50,2332,1.0,0.9628843081933494,0.975,1.1486712679026956
ewma_W50,2333,1.0,0.9626422294093624,0.97,1.1435281900123744
ewma_W50,2334,1.0,0.9634415559593443,0.95,1.1468580940711985
ewma_W50,2335,1.0,0.9641148362955774,0.98,1.1546566214223128
ewma_W50,2336,1.0,0.9633177843562095,0.98,1.1465066045345025
ewma_W50,2337,1.0,0.9621302535694238,0.97,1.1388625959371181
ewma_W50,2338,1.0,0.9617652738935323,0.965,1.1417031190928606
ewma_W50,2339,1.0,0.9612473693302291,0.965,1.1387504046365786
ewma_W50,2340,1.0,0.9597707296262885,0.96,1.1329206451938192
ewma_W50,2341,1.0,0.9604502646895738,0.975,1.1385991102067177
ewma_W50,2342,1.0,0.9615440966613571,0.96,1.1480534340706512
ewma_W50,2343,1.0,0.9618357608318151,0.99,1.148908577798962
ewma_W50,2344,1.0,0.9606380215323316,0.965,1.1433944394658349
ewma_W50,2345,1.0,0.9620798656682311,0.935,1.150223585749285
ewma_W50,2346,1.0,0.9624873738031994,0.96,1.1566067207453883
ewma_W50,2347,1.0,0.963021941006607,0.965,1.1575915591391894
ewma_W50,2348,1.0,0.9630499356589628,0.965,1.1587401996382607
ewma_W50,2349,1.0,0.9630715210217176,0.96,1.1534962494236034
ewma_W50,2350,1.0,0.9641723485065515,0.955,1.1578502843958587
ewma_W50,2351,1.0,0.9652771597774273,0.97,1.1619764329604991
ewma_W50,2352,1.0,0.9644874035622678,0.965,1.1546528037976154
ewma_W50,2353,1.0,0.9647947884577587,0.955,1.155170010514926
ewma_W50,2354,1.0,0.9650032843241637,0.94,1.1578567249751104
ewma_W50,2355,1.0,0.9659834564146541,0.97,1.1633087798339878
ewma_W50,2356,1.0,0.9657446696834568,0.995,1.1632198542166166
ewma_W50,2357,1.0,0.9644706983398692,0.96,1.1572374384926911
ewma_W50,2358,1.0,0.9640172898958843,0.975,1.155465182692856
ewma_W50,2359,1.0,0.9631127074347225,0.975,1.1504591011747032
ewma_W50,2360,1.0,0.9624259855825921,0.975,1.1497442938069355
ewma_W50,2361,1.0,0.9618523726752488,0.98,1.1455076349715148
ewma_W50,2362,1.0,0.9612370590135823,0.965,1.1364291465254175
ewma_W50,2363,1.0,0.9615179410328536,0.985,1.139332153913399
ewma_W50,2364,1.0,0.9613910436187186,0.95,1.1379771416554882
ewma_W50,2365,1.0,0.9622337380426691,0.98,1.1488112726315332
ewma_W50,2366,1.0,0.9609822554841216,0.97,1.1443502174819562
ewma_W50,2367,1.0,0.9614094923831332,0.98,1.147353508085868
ewma_W50,2368,1.0,0.9607895276240691,0.96,1.1380409851924236
ewma_W50,2369,1.0,0.9600452502173699,0.95,1.1385920697200715
ewma_W50,2370,1.0,0.96102295715596,0.965,1.1404025580547037
ewma_W50,2371,1.0,0.9600729591214194,0.96,1.1335178896897684
ewma_W50,2372,1.0,0.9597528639103032,0.96,1.1349890906112463
ewma_W50,2373,1.0,0.9590535234362971,0.935,1.1341353270867744
ewma_W50,2374,1.0,0.9599568143295812,0.97,1.1383578412111615
ewma_W50,2375,1.0,0.9590605890735503,0.96,1.1290199449742062
ewma_W50,2376,1.0,0.9606884105746406,0.94,1.1350023169913244
ewma_W50,2377,1.0,0.9621346062254374,0.97,1.1423943890025579
ewma_W50,2378,1.0,0.9612832914636553,0.965,1.1419196363823392
ewma_W50,2379,1.0,0.9606081397448628,0.97,1.1386895626405171
ewma_W50,2380,1.0,0.960024679769831,0.965,1.1349409180496366
ewma_W50,2381,1.0,0.9600399054602973,0.965,1.1432120644034673
ewma_W50,2382,1.0,0.9598666635600577,0.95,1.1489485892832503
ewma_W50,2383,1.0,0.9607808103934051,0.95,1.150935881954389
ewma_W50,2384,1.0,0.9617488132757235,0.955,1.1523288933706044
ewma_W50,2385,1.0,0.9621408239140038,0.945,1.1523767271015541
ewma_W50,2386,1.0,0.9625292116948124,0.945,1.159395043446015
ewma_W50,2387,1.0,0.9631970432551873,0.97,1.1648431421426693
ewma_W50,2388,1.0,0.9629096491001502,0.99,1.164179319076279
ewma_W50,2389,1.0,0.9611398354894973,0.96,1.156217395847162
ewma_W50,2390,1.0,0.9608647451326278,0.95,1.159593948925956
ewma_W50,2391,1.0,0.9599648402622956,0.98,1.15720332587812
ewma_W50,2392,1.0,0.9592212966707353,0.955,1.1483397220909608
ewma_W50,2393,1.0,0.9603165098133103,0.94,1.149540412663482
ewma_W50,2394,1.0,0.9621006052396092,0.94,1.159254987688183
ewma_W50,2395,1.0,0.9630189760566088,0.985,1.1595829137277738
ewma_W50,2396,1.0,0.9617590631381182,0.96,1.1525912688743283
ewma_W50,2397,1.0,0.9614091562146825,0.975,1.1502249852693354
ewma_W50,2398,1.0,0.9603657271542073,0.975,1.147175187927302
ewma_W50,2399,1.0,0.9601674690487029,0.965,1.1510482830248974
ewma_W50,2400,1.0,0.9598356229614189,0.98,1.1505975643072486
ewma_W50,2401,1.0,0.9585013005511739,0.965,1.140995662410038
ewma_W50,2402,1.0,0.9587593457164609,0.965,1.138757685895352
ewma_W50,2403,1.0,0.9574101909782051,0.965,1.132246869070431
ewma_W50,2404,1.0,0.9577588622599468,0.945,1.138442820258635
ewma_W50,2405,1.0,0.9583940259356428,0.96,1.1400042426125803
ewma_W50,2406,1.0,0.9591888328225312,0.975,1.141531761467979
ewma_W50,2407,1.0,0.9589203646771033,0.965,1.1356601614622148
ewma_W50,2408,1.0,0.9583187798322715,0.97,1.1319078324245195
ewma_W50,2409,1.0,0.9584266774955803,0.96,1.1392332967925858
ewma_W50,2410,1.0,0.9582907487157547,0.975,1.136499117085427
ewma_W50,2411,1.0,0.9558884265164066,0.95,1.1325428176016725
ewma_W50,2412,1.0,0.9569927851951505,0.96,1.1385955145828819
ewma_W50,2413,1.0,0.9567745968586887,0.97,1.1385982568109816
ewma_W50,2414,1.0,0.9567071133798274,0.955,1.137017142984063
ewma_W50,2415,1.0,0.9567836031734019,0.96,1.142210805461347
ewma_W50,2416,1.0,0.9570716152098911,0.94,1.1445043885259651
ewma_W50,2417,1.0,0.9597715792875979,0.98,1.1584686753629199
ewma_W50,2418,1.0,0.9594009015619023,0.93,1.1577311286858354
ewma_W50,2419,1.0,0.9620601160043952,0.955,1.1637701245421566
ewma_W50,2420,1.0,0.9617831932207491,0.965,1.1638453483615514
ewma_W50,2421,1.0,0.9618995605672558,0.96,1.160175329522761
ewma_W50,2422,1.0,0.9625382208340105,0.945,1.1623791960773637
ewma_W50,2423,1.0,0.9637011300963926,0.975,1.165258471329478
ewma_W50,2424,1.0,0.9613330245033967,0.96,1.1557230552340028
ewma_W50,2425,1.0,0.9622278230328121,0.97,1.156799355503002
ewma_W50,2426,1.0,0.9627483653687685,0.97,1.1558038318805806
ewma_W50,2427,1.0,0.9617482131560291,0.96,1.1479109841388149
ewma_W50,2428,1.0,0.9618723675415012,0.945,1.150866397810427
ewma_W50,2429,1.0,0.9627096564314057,0.96,1.153056812082718
ewma_W50,2430,1.0,0.9626752727764231,0.96,1.1513688513919176
ewma_W50,2431,1.0,0.9628271843154691,0.96,1.153684140956649
ewma_W50,2432,1.0,0.9622689228070701,0.935,1.1538957957475946
ewma_W50,2433,1.0,0.9639589658340826,0.955,1.1611792684322775
ewma_W50,2434,1.0,0.9640117155249456,0.94,1.1595269649484137
ewma_W50,2435,1.0,0.9662009008755645,0.98,1.171204925912999
ewma_W50,2436,1.0,0.9648809936773293,0.955,1.162973158462992
ewma_W50,2437,1.0,0.9644183002968983,0.96,1.1589642311617032
ewma_W50,2438,1.0,0.9649454162030932,0.955,1.1614522346142286
ewma_W50,2439,1.0,0.9652974831577518,0.955,1.163012234952419
ewma_W50,2440,1.0,0.9657501040283623,0.96,1.1646685988907992
ewma_W50,2441,1.0,0.9659269104861903,0.995,1.1671901130648985
ewma_W50,2442,1.0,0.9648618382997626,0.99,1.1626052908628064
ewma_W50,2443,1.0,0.9637601797938228,0.96,1.1560402701882335
ewma_W50,2444,1.0,0.9632070822780119,0.965,1.1513868169888644
ewma_W50,2445,1.0,0.9633328165686399,0.975,1.1532576516124415
ewma_W50,2446,1.0,0.962644030636942,0.965,1.1541880372066025
ewma_W50,2447,1.0,0.9625418278386845,0.975,1.1514751705949433
ewma_W50,2448,1.0,0.9616519012779796,0.985,1.151321400077201
ewma_W50,2449,1.0,0.960398436097791,0.97,1.1505448820922761
ewma_W50,2450,1.0,0.9599728913460148,0.975,1.1478182509281936
ewma_W50,2451,1.0,0.9591584542010545,0.97,1.1417450795625776
ewma_W50,2452,1.0,0.9593188513754367,0.935,1.1435234293212666
ewma_W50,2453,1.0,0.9619323179012395,0.975,1.1518393627939718
ewma_W50,2454,1.0,0.9605799796963432,0.98,1.1476831022158824
ewma_W50,2455,1.0,0.9596720448290733,0.95,1.1464497320653013
ewma_W50,2456,1.0,0.9597195041816365,0.96,1.1458386517609283
ewma_W50,2457,1.0,0.9596502193572363,0.95,1.1445901238972354
ewma_W50,2458,1.0,0.9599902064491677,0.965,1.1491568923160866
ewma_W50,2459,1.0,0.9594688837284747,0.97,1.1556160016851804
ewma_W50,2460,1.0,0.959172806449604,0.965,1.1509157917984014
ewma_W50,2461,1.0,0.9596388553500392,0.945,1.1520426627049105
ewma_W50,2462,1.0,0.9606228763260714,0.97,1.153314574277395
ewma_W50,2463,1.0,0.9595183994838814,0.99,1.1418579937633313
ewma_W50,2464,1.0,0.9588247693462603,0.975,1.1389649653267926
ewma_W50,2465,1.0,0.9571027210309319,0.97,1.1336656784341432
ewma_W50,2466,1.0,0.9564498922621121,0.96,1.131147430139457
ewma_W50,2467,1.0,0.9559501964842765,0.95,1.1260770583625161
ewma_W50,2468,1.0,0.9571065332969849,0.94,1.1308073124006848
ewma_W50,2469,1.0,0.9584100167188784,0.97,1.1386648218320266
ewma_W50,2470,1.0,0.9594689035069842,0.94,1.1378397953225763
ewma_W50,2471,1.0,0.9591068545319437,0.965,1.1431673921772025
ewma_W50,2472,1.0,0.958908456230961,0.945,1.1445543004287757
ewma_W50,2473,1.0,0.959292854155724,0.94,1.1567847965184603
ewma_W50,2474,1.0,0.9602133068176394,0.96,1.1609147348476465
ewma_W50,2475,1.0,0.9599622300753116,0.985,1.1661657106608534
ewma_W50,2476,1.0,0.958753456450207,0.96,1.1605001397597485
ewma_W50,2477,1.0,0.960778387592342,0.945,1.1637329951913418
ewma_W50,2478,1.0,0.9614336962835255,0.975,1.1679992657001288
ewma_W50,2479,1.0,0.9607908175373597,0.95,1.1648382032320421
ewma_W50,2480,1.0,0.9626506842841558,0.975,1.1714124594633293
ewma_W50,2481,1.0,0.9625079748727956,0.965,1.161839391645032
ewma_W50,2482,1.0,0.9608749608712241,0.96,1.1551905333107195
ewma_W50,2483,1.0,0.9597374293269764,0.94,1.1502613617384796
ewma_W50,2484,1.0,0.9596784450670586,0.96,1.1528364311776116
ewma_W50,2485,1.0,0.960945034058946,0.95,1.1516277251233447
ewma_W50,2486,1.0,0.9624914727791289,0.97,1.157291640305757
ewma_W50,2487,1.0,0.9619453697143078,0.96,1.1582074536097167
ewma_W50,2488,1.0,0.9622095205080794,0.965,1.1604898781844728
ewma_W50,2489,1.0,0.9610861036806514,0.96,1.1615182762538867
ewma_W50,2490,1.0,0.961572107382537,0.945,1.1560779712252316
ewma_W50,2491,1.0,0.9608962185996472,0.96,1.156273676123989
ewma_W50,2492,1.0,0.9612168415806721,0.94,1.165031163187425
ewma_W50,2493,1.0,0.9622949440715095,0.965,1.1686697043201648
ewma_W50,2494,1.0,0.9638510131998695,0.96,1.1751013228578555
ewma_W50,2495,1.0,0.9641086364843114,0.965,1.1775532026139846
ewma_W50,2496,1.0,0.9642072698405282,0.975,1.1809070651681728
ewma_W50,2497,1.0,0.9648109315077792,0.98,1.1752676804570266
ewma_W50,2498,1.0,0.964962046137806,0.975,1.1646551067425788
ewma_W50,2499,1.0,0.9640936155385594,0.99,1.1608987290200685
ewma_W50,2500,1.0,0.9627003155737996,0.98,1.1511518978780222
ewma_W50,2501,1.0,0.9614833807209662,0.945,1.1448664041043846
ewma_W50,2502,1.0,0.9630983312888388,0.965,1.1473705102709895
ewma_W50,2503,1.0,0.962146041841277,0.945,1.145850730148399
ewma_W50,2504,1.0,0.9629756076578069,0.975,1.1544420476074353
ewma_W50,2505,1.0,0.9625752842210421,0.955,1.1526003516326793
ewma_W50,2506,1.0,0.9637952241310286,0.96,1.1561409707850334
ewma_W50,2507,1.0,0.9629511234617357,0.98,1.1532266806852478
ewma_W50,2508,1.0,0.9617174848832878,0.955,1.1483416239426132
ewma_W50,2509,1.0,0.9626907140343717,0.975,1.153464189607587
ewma_W50,2510,1.0,0.9614085984579117,0.96,1.1451879681545087
ewma_W50,2511,1.0,0.9609532775230842,0.99,1.1459723743063899
ewma_W50,2512,1.0,0.9594803795855408,0.95,1.1345644979248823
ewma_W50,2513,1.0,0.9612603905890361,0.965,1.1461201413744155
ewma_W50,2514,1.0,0.961509176998786,0.945,1.151354766772724
ewma_W50,2515,1.0,0.9625985626396598,0.945,1.156796856487643
ewma_W50,2516,1.0,0.9636047736467214,0.92,1.1730306945103366
ewma_W50,2517,1.0,0.9647173055144905,0.98,1.1811230148689718
ewma_W50,2518,1.0,0.9637995617640255,0.92,1.1725480287394465
ewma_W50,2519,1.0,0.9656230735717323,0.955,1.1866637626727592
ewma_W50,2520,1.0,0.9665916422988841,0.965,1.1936283465494444
ewma_W50,2521,1.0,0.9650708853870104,0.99,1.1835860305617312
ewma_W50,2522,1.0,0.9632424820153541,0.94,1.1706832105827454
ewma_W50,2523,1.0,0.9639236893255528,0.965,1.174200523210228
ewma_W50,2524,1.0,0.9631461407871267,0.95,1.170842586240517
ewma_W50,2525,1.0,0.9640384134880978,0.97,1.1748595845818626
ewma_W50,2526,1.0,0.9637049118724874,0.97,1.1697157656356172
ewma_W50,2527,1.0,0.964480240006345,0.955,1.1721867074783268
ewma_W50,2528,1.0,0.9638167195287667,0.96,1.1743231131918503
ewma_W50,2529,1.0,0.9642621275737255,0.945,1.177933972914538
ewma_W50,2530,1.0,0.9659264944113275,0.96,1.1819922626134607
ewma_W50,2531,1.0,0.9662694132330507,0.98,1.1814292786679739
ewma_W50,2532,1.0,0.9644367655015494,0.955,1.1673394225095255
ewma_W50,2533,1.0,0.9643922801954601,0.97,1.1696680327638143
ewma_W50,2534,1.0,0.9647031796380182,0.955,1.1675655191832446
ewma_W50,2535,1.0,0.9646587366913633,0.975,1.169495237525733
ewma_W50,2536,1.0,0.9638066405070361,0.985,1.1636295183113197
ewma_W50,2537,1.0,0.963620733465574,0.95,1.160533250933835
ewma_W50,2538,1.0,0.9635271913920589,0.95,1.1587672152428359
ewma_W50,2539,1.0,0.9637533619408047,0.97,1.1588540651264412
ewma_W50,2540,1.0,0.9638853609579976,0.965,1.160204781337099
ewma_W50,2541,1.0,0.9619090966195901,0.975,1.1539001433489207
ewma_W50,2542,1.0,0.9606168020855389,0.985,1.1518872675852598
ewma_W50,2543,1.0,0.9600921008701978,0.97,1.1500326936457064
ewma_W50,2544,1.0,0.9606897213698039,0.97,1.152878354997749
ewma_W50,2545,1.0,0.9600456738399771,0.96,1.14991835171335
ewma_W50,2546,1.0,0.959865414998023,0.96,1.1521669438093736
ewma_W50,2547,1.0,0.9595802953636039,0.955,1.1536912846278224
ewma_W50,2548,1.0,0.9601151149779353,0.965,1.1584048207216087
ewma_W50,2549,1.0,0.9606952115940467,0.98,1.1554554033250057
ewma_W50,2550,1.0,0.9607404711696899,0.95,1.1547482772689066
ewma_W50,2551,1.0,0.9611554714201036,0.95,1.1544272226649352
ewma_W50,2552,1.0,0.9629154094290178,0.96,1.1541670056207691
ewma_W50,2553,1.0,0.9620940604038265,0.97,1.1590913912350205
ewma_W50,2554,1.0,0.9612621518585539,0.95,1.1550652233034397
ewma_W50,2555,1.0,0.9628303438753811,0.955,1.1645896132916242
ewma_W50,2556,1.0,0.9621463348778483,0.965,1.1646040994311584
ewma_W50,2557,1.0,0.9625282717402667,0.965,1.1663114956659562
ewma_W50,2558,1.0,0.9622443392023555,0.955,1.1591073441923747
ewma_W50,2559,1.0,0.9615859610783491,0.975,1.1575137852809505
ewma_W50,2560,1.0,0.9606132372194264,0.955,1.157221915540625
ewma_W50,2561,1.0,0.9596436188471317,0.945,1.1582644417341543
ewma_W50,2562,1.0,0.9609426667250507,0.985,1.1634987821975162
ewma_W50,2563,1.0,0.9593296579139525,0.955,1.1570457995657117
ewma_W50,2564,1.0,0.9592556455597702,0.945,1.1537877562370031
ewma_W50,2565,1.0,0.9596971534718132,0.945,1.1546314475663948
ewma_W50,2566,1.0,0.9606696996188318,0.95,1.1545731626778888
ewma_W50,2567,1.0,0.9600253387606208,0.96,1.1548008739924498
ewma_W50,2568,1.0,0.9612565998113277,0.96,1.1567615960121613
ewma_W50,2569,1.0,0.9614133286659917,0.975,1.1558054098518016
ewma_W50,2570,1.0,0.9606275606674225,0.97,1.1514166016362566
ewma_W50,2571,1.0,0.9600383765851335,0.96,1.1512050905788551
ewma_W50,2572,1.0,0.9598475339919075,0.98,1.1544938258803272
ewma_W50,2573,1.0,0.9580650025462978,0.95,1.1436241707978627
ewma_W50,2574,1.0,0.9581937726628493,0.96,1.1481199746966804
ewma_W50,2575,1.0,0.9579604648847401,0.975,1.149798997599112
ewma_W50,2576,1.0,0.9569045580112981,0.94,1.1463176067347056
ewma_W50,2577,1.0,0.9587056364234711,0.97,1.1538352693210292
ewma_W50,2578,1.0,0.9581423691054295,0.975,1.1518801588513918
ewma_W50,2579,1.0,0.9578172548696022,0.965,1.1476737357706532
ewma_W50,2580,1.0,0.9587003146764633,0.965,1.1513691783655122
ewma_W50,2581,1.0,0.9587325771883277,0.96,1.1487295088092495
ewma_W50,2582,1.0,0.959672198217304,0.96,1.152071449305236
ewma_W50,2583,1.0,0.9602734270194583,0.96,1.1565540764748032
ewma_W50,2584,1.0,0.9609456228178374,0.955,1.1583305132978425
ewma_W50,2585,1.0,0.9621084092399593,0.945,1.1631072713822714
ewma_W50,2586,1.0,0.9629750387165322,0.965,1.1742213792556946
ewma_W50,2587,1.0,0.9624581804226522,0.975,1.1734342358738856
ewma_W50,2588,1.0,0.9614857826253609,0.95,1.1655844932349189
ewma_W50,2589,1.0,0.9620259725224508,0.96,1.1706970810080444
ewma_W50,2590,1.0,0.9624633052532728,0.965,1.1748051167727176
ewma_W50,2591,1.0,0.9620268587963298,0.945,1.1713277632598122
ewma_W50,2592,1.0,0.9633123546995325,0.945,1.175519666290346
ewma_W50,2593,1.0,0.9644677352966663,0.975,1.1836312549859
ewma_W50,2594,1.0,0.9644199691773682,0.965,1.1821544905698291
ewma_W50,2595,1.0,0.9648310820354311,0.97,1.1878125064856668
ewma_W50,2596,1.0,0.9647113386085604,0.965,1.1846517236428857
ewma_W50,2597,1.0,0.9652802723788221,0.98,1.1868816185755324
ewma_W50,2598,1.0,0.9653683860155445,0.955,1.1826553979105745
ewma_W50,2599,1.0,0.965658082106061,0.96,1.181298964821134
ewma_Gaussian,1000,1.0,0.941405166875837,0.945,0.9897115099516316
ewma_Gaussian,1001,1.0,0.9411731088139225,0.915,0.9910748403624603
ewma_Gaussian,1002,1.0,0.9418562090230175,0.94,0.9939074651362003
ewma_Gaussian,1003,1.0,0.943311677494788,0.97,0.9988966962480202
ewma_Gaussian,1004,1.0,0.9420516750789574,0.945,0.9934527156110263
ewma_Gaussian,1005,1.0,0.9422742175694319,0.955,0.9928879154382506
ewma_Gaussian,1006,1.0,0.9411151272836071,0.94,0.9877318411623784
ewma_Gaussian,1007,1.0,0.9411613207461395,0.93,0.989025466390612
ewma_Gaussian,1008,1.0,0.9408717924091978,0.915,0.9878558736919149
ewma_Gaussian,1009,1.0,0.9414425532475574,0.945,0.9918563095436355
ewma_Gaussian,1010,1.0,0.9417600440880959,0.935,0.9930848809884941
ewma_Gaussian,1011,1.0,0.9413364301868005,0.945,0.9900658474953361
ewma_Gaussian,1012,1.0,0.9414224242041368,0.92,0.9906534804199876
ewma_Gaussian,1013,1.0,0.9413002366919386,0.965,0.9910081488739713
ewma_Gaussian,1014,1.0,0.9406050665401646,0.96,0.9886668872796672
ewma_Gaussian,1015,1.0,0.9401502712055455,0.975,0.9856248996122904
ewma_Gaussian,1016,1.0,0.9394964080760738,0.945,0.9835981057893147
ewma_Gaussian,1017,1.0,0.9391092308741739,0.92,0.9837029332369336
ewma_Gaussian,1018,1.0,0.9406180688059865,0.93,0.988391733243139
ewma_Gaussian,1019,1.0,0.9409399842412303,0.94,0.9888062385758346
ewma_Gaussian,1020,1.0,0.9404378865290365,0.92,0.9865520330865649
ewma_Gaussian,1021,1.0,0.9424261153641994,0.96,0.9945286061402213
ewma_Gaussian,1022,1.0,0.9415666639187213,0.93,0.991053476612893
ewma_Gaussian,1023,1.0,0.9429983541007281,0.96,0.9943637852708939
ewma_Gaussian,1024,1.0,0.9419895049597443,0.975,0.9897934855074212
ewma_Gaussian,1025,1.0,0.9400990232657378,0.94,0.9820023607007751
ewma_Gaussian,1026,1.0,0.9405077145037228,0.895,0.9851786213969881
ewma_Gaussian,1027,1.0,0.9409942929042794,0.94,0.9891752189366383
ewma_Gaussian,1028,1.0,0.9404966195569571,0.915,0.9879079690193824
ewma_Gaussian,1029,1.0,0.9414563379851404,0.95,0.9923254755361686
ewma_Gaussian,1030,1.0,0.9407983370851389,0.945,0.990321105471026
ewma_Gaussian,1031,1.0,0.9410901977173911,0.945,0.9903759171475557
ewma_Gaussian,1032,1.0,0.9409863740119093,0.925,0.9885638560211032
ewma_Gaussian,1033,1.0,0.9420515853821331,0.935,0.9928203620753142
ewma_Gaussian,1034,1.0,0.9415480898414043,0.92,0.9935709335283085
ewma_Gaussian,1035,1.0,0.9413158124168461,0.945,0.9930165709337172
ewma_Gaussian,1036,1.0,0.9411707602140024,0.96,0.9918230849056028
ewma_Gaussian,1037,1.0,0.9407438694677651,0.92,0.9896687031395621
ewma_Gaussian,1038,1.0,0.9424678418321976,0.945,0.9923716987099435
ewma_Gaussian,1039,1.0,0.9414416196046753,0.925,0.9894243658568849
ewma_Gaussian,1040,1.0,0.9426900384232846,0.96,0.9940834067464269
ewma_Gaussian,1041,1.0,0.9412817880304323,0.955,0.9902437826825351
ewma_Gaussian,1042,1.0,0.9411338591922587,0.92,0.9901527459922796
ewma_Gaussian,1043,1.0,0.9421650725233119,0.955,0.9945567982022202
ewma_Gaussian,1044,1.0,0.9408764939664245,0.95,0.992079915985395
ewma_Gaussian,1045,1.0,0.9407635188474761,0.91,0.9908422601354833
ewma_Gaussian,1046,1.0,0.9419775378860307,0.935,0.9948607922876653
ewma_Gaussian,1047,1.0,0.9415460960444522,0.96,0.9932288052287419
ewma_Gaussian,1048,1.0,0.9417197553276382,0.93,0.9935986410022534
ewma_Gaussian,1049,1.0,0.9418567300942381,0.94,0.9951059409759785
ewma_Gaussian,1050,1.0,0.9431813155926513,0.945,1.000350251737452
ewma_Gaussian,1051,1.0,0.9431226039135268,0.93,1.0003064977819347
ewma_Gaussian,1052,1.0,0.9431644763173287,0.94,1.0026940909185407
ewma_Gaussian,1053,1.0,0.943642920489742,0.93,1.003468488026123
ewma_Gaussian,1054,1.0,0.9436478596542015,0.945,1.0034468846607216
ewma_Gaussian,1055,1.0,0.9434619489002484,0.94,1.003664176102602
ewma_Gaussian,1056,1.0,0.94448134909432,0.95,1.0061254036713987
ewma_Gaussian,1057,1.0,0.9440130510057514,0.96,1.003279079438666
ewma_Gaussian,1058,1.0,0.9428622740277678,0.96,0.999113433046569
ewma_Gaussian,1059,1.0,0.9423247963722972,0.94,0.9955612373667863
ewma_Gaussian,1060,1.0,0.941523163584628,0.935,0.9934348682810352
ewma_Gaussian,1061,1.0,0.941804380647485,0.935,0.9931915940509124
ewma_Gaussian,1062,1.0,0.9417125349335831,0.945,0.9936917298437834
ewma_Gaussian,1063,1.0,0.9423732167098674,0.955,0.9965812575567751
ewma_Gaussian,1064,1.0,0.941781300418169,0.91,0.9947218455834158
ewma_Gaussian,1065,1.0,0.9427069751445916,0.965,0.9986269753308409
ewma_Gaussian,1066,1.0,0.9421154847680699,0.98,0.9946989587607697
ewma_Gaussian,1067,1.0,0.9410769725464612,0.965,0.9905047736683514
ewma_Gaussian,1068,1.0,0.9402547410180184,0.93,0.988675899276937
ewma_Gaussian,1069,1.0,0.9400768740931469,0.945,0.9882556303600469
ewma_Gaussian,1070,1.0,0.93987806662654,0.955,0.989506934400002
ewma_Gaussian,1071,1.0,0.9393208315670897,0.945,0.9878474923517002
ewma_Gaussian,1072,1.0,0.939661244736858,0.95,0.9876971841886066
ewma_Gaussian,1073,1.0,0.939672477052495,0.915,0.9869419538231198
ewma_Gaussian,1074,1.0,0.9408168240177719,0.935,0.9916680306611744
ewma_Gaussian,1075,1.0,0.9416671823366849,0.95,0.9930118673541811
ewma_Gaussian,1076,1.0,0.9413428588156998,0.94,0.991956359954033
ewma_Gaussian,1077,1.0,0.9416189521360012,0.93,0.994529407538645
ewma_Gaussian,1078,1.0,0.9423667685845232,0.92,0.9967839894782287
ewma_Gaussian,1079,1.0,0.9427461151972829,0.96,0.9987468629343739
ewma_Gaussian,1080,1.0,0.9429723949040301,0.94,0.9988156664736152
ewma_Gaussian,1081,1.0,0.9427956283197009,0.955,0.9986663490215628
ewma_Gaussian,1082,1.0,0.942501289299126,0.925,0.9973934561039076
ewma_Gaussian,1083,1.0,0.9426488845072529,0.945,0.9989063990308802
ewma_Gaussian,1084,1.0,0.9431458782170671,0.945,0.9987429621336159
ewma_Gaussian,1085,1.0,0.9425693008579927,0.94,0.9963696957013197
ewma_Gaussian,1086,1.0,0.9423570063924132,0.95,0.9952341332865822
ewma_Gaussian,1087,1.0,0.9420611531924503,0.935,0.9934769261246053
ewma_Gaussian,1088,1.0,0.9417339553409786,0.9,0.9922619493022292
ewma_Gaussian,1089,1.0,0.9440690869796066,0.93,1.0013982341798606
ewma_Gaussian,1090,1.0,0.944300787558833,0.925,1.0031241097453576
ewma_Gaussian,1091,1.0,0.9450312874669099,0.945,1.0051306868802516
ewma_Gaussian,1092,1.0,0.9443326070185719,0.955,1.0022276735381053
ewma_Gaussian,1093,1.0,0.9433067662259171,0.955,0.9989667832446982
ewma_Gaussian,1094,1.0,0.9428069526607884,0.93,0.9982165779340295
ewma_Gaussian,1095,1.0,0.9439702028952291,0.97,1.0026757289448505
ewma_Gaussian,1096,1.0,0.9419918696819964,0.965,0.9955355790300586
ewma_Gaussian,1097,1.0,0.9409046691578749,0.935,0.9913721363908061
ewma_Gaussian,1098,1.0,0.941401951804326,0.92,0.9927660463789636
ewma_Gaussian,1099,1.0,0.942078231376081,0.95,0.9947305195301749
ewma_Gaussian,1100,1.0,0.9427275767306127,0.92,0.995928899463219
ewma_Gaussian,1101,1.0,0.9436985992232525,0.925,1.0012661799379352
ewma_Gaussian,1102,1.0,0.9443293321269877,0.93,1.0041502945004388
ewma_Gaussian,1103,1.0,0.9443473100432257,0.945,1.003946594963738
ewma_Gaussian,1104,1.0,0.9439346164445033,0.93,1.0024023060030587
ewma_Gaussian,1105,1.0,0.9448508102556775,0.945,1.0064384466188085
ewma_Gaussian,1106,1.0,0.9454509321997816,0.935,1.0105940626865304
ewma_Gaussian,1107,1.0,0.9445890932654109,0.945,1.0078441483815852
ewma_Gaussian,1108,1.0,0.944818068539395,0.915,1.0101440715487828
ewma_Gaussian,1109,1.0,0.9454392604864001,0.935,1.0100210059515282
ewma_Gaussian,1110,1.0,0.9457483305522943,0.955,1.012082443504943
ewma_Gaussian,1111,1.0,0.9448219499878726,0.94,1.0095317482384736
ewma_Gaussian,1112,1.0,0.945187094780299,0.965,1.0096520067561026
ewma_Gaussian,1113,1.0,0.9441774650241804,0.95,1.0051928725229728
ewma_Gaussian,1114,1.0,0.9440805956006141,0.935,1.0032493701202048
ewma_Gaussian,1115,1.0,0.944043375000854,0.94,1.004042871586386
ewma_Gaussian,1116,1.0,0.9459429390897285,0.935,1.0101243409606846
ewma_Gaussian,1117,1.0,0.947002962878533,0.925,1.014391336832646
ewma_Gaussian,1118,1.0,0.9476625707431465,0.935,1.0159996711812265
ewma_Gaussian,1119,1.0,0.9480023048354768,0.97,1.0173337661903687
ewma_Gaussian,1120,1.0,0.9466825107971851,0.955,1.0108976855573237
ewma_Gaussian,1121,1.0,0.9457360178251176,0.945,1.0095139368070718
ewma_Gaussian,1122,1.0,0.9461436874645444,0.95,1.0117540268385699
ewma_Gaussian,1123,1.0,0.946130901258692,0.94,1.0097103784746977
ewma_Gaussian,1124,1.0,0.9454592050189654,0.935,1.007878884772806
ewma_Gaussian,1125,1.0,0.9450943747792517,0.945,1.004811893665838
ewma_Gaussian,1126,1.0,0.945240942194681,0.93,1.004884261727332
ewma_Gaussian,1127,1.0,0.9452160566152275,0.935,1.0079169740276028
ewma_Gaussian,1128,1.0,0.9454957729260769,0.95,1.0094279878608408
ewma_Gaussian,1129,1.0,0.9442392350395328,0.94,1.0048204375247598
ewma_Gaussian,1130,1.0,0.9437884329098298,0.935,1.0020883481879865
ewma_Gaussian,1131,1.0,0.9447142364190856,0.935,1.0055240443075402
ewma_Gaussian,1132,1.0,0.94498680630997,0.94,1.007789159531833
ewma_Gaussian,1133,1.0,0.9450544413668944,0.955,1.0082661898320682
ewma_Gaussian,1134,1.0,0.944286133056675,0.92,1.0053322641227431
ewma_Gaussian,1135,1.0,0.9447762689193834,0.935,1.0069234160384
ewma_Gaussian,1136,1.0,0.9442550818437693,0.925,1.0059696014653658
ewma_Gaussian,1137,1.0,0.9447890566697934,0.94,1.0078034593023324
ewma_Gaussian,1138,1.0,0.9445910579439935,0.945,1.0068265843456796
ewma_Gaussian,1139,1.0,0.9442433690946622,0.945,1.0053007132637888
ewma_Gaussian,1140,1.0,0.9438127627880399,0.945,1.0027337721539016
ewma_Gaussian,1141,1.0,0.9428317332009829,0.97,1.000617374556977
ewma_Gaussian,1142,1.0,0.9420590794659356,0.93,0.996743944267076
ewma_Gaussian,1143,1.0,0.942560028951029,0.935,0.99922739103775
ewma_Gaussian,1144,1.0,0.9426739208006797,0.91,1.0008724845959716
ewma_Gaussian,1145,1.0,0.9439158547049007,0.94,1.0057468671764371
ewma_Gaussian,1146,1.0,0.9438618827459706,0.925,1.0048527723853797
ewma_Gaussian,1147,1.0,0.9439745685960433,0.955,1.006660086829988
ewma_Gaussian,1148,1.0,0.9443523117900452,0.955,1.0058061442189257
ewma_Gaussian,1149,1.0,0.9438174029872861,0.925,1.002171112167689
ewma_Gaussian,1150,1.0,0.9438268905374636,0.95,1.0019054621700116
ewma_Gaussian,1151,1.0,0.9428727696564277,0.94,0.9972425396445088
ewma_Gaussian,1152,1.0,0.9429637422286246,0.94,0.9962757665415799
ewma_Gaussian,1153,1.0,0.9431194797570872,0.935,0.9961754006883337
ewma_Gaussian,1154,1.0,0.9427941521363141,0.965,0.9958057068118761
ewma_Gaussian,1155,1.0,0.9419636128668714,0.925,0.9929624061938968
ewma_Gaussian,1156,1.0,0.9421467421666719,0.94,0.9945943167381326
ewma_Gaussian,1157,1.0,0.9419413267463068,0.94,0.994836388742651
ewma_Gaussian,1158,1.0,0.9423896543483449,0.945,0.9952454887609598
ewma_Gaussian,1159,1.0,0.9431519657441509,0.945,0.9989627095529088
ewma_Gaussian,1160,1.0,0.9423245496813658,0.935,0.9949609782218414
ewma_Gaussian,1161,1.0,0.9427193415817154,0.955,0.9958202054691481
ewma_Gaussian,1162,1.0,0.9422247855541646,0.945,0.9930976000437127
ewma_Gaussian,1163,1.0,0.9423790068629075,0.975,0.9931638039001421
ewma_Gaussian,1164,1.0,0.9411365948774488,0.945,0.9886627428928263
ewma_Gaussian,1165,1.0,0.9410628104792691,0.91,0.9881048329211382
ewma_Gaussian,1166,1.0,0.9426791050477036,0.955,0.9960059857350478
ewma_Gaussian,1167,1.0,0.9420313049668558,0.96,0.9937880366453514
ewma_Gaussian,1168,1.0,0.9409889226696437,0.915,0.9899007556179736
ewma_Gaussian,1169,1.0,0.9419936380748963,0.93,0.9931795502548358
ewma_Gaussian,1170,1.0,0.9432843801758284,0.925,0.999449279003242
ewma_Gaussian,1171,1.0,0.9443976858540796,0.94,1.0055514955214733
ewma_Gaussian,1172,1.0,0.9436033591101085,0.955,1.003407376333637
ewma_Gaussian,1173,1.0,0.9424791946889206,0.915,0.9978482363069408
ewma_Gaussian,1174,1.0,0.9430298538210323,0.935,0.9999257481233683
ewma_Gaussian,1175,1.0,0.9437150482676552,0.935,1.0024578464078453
ewma_Gaussian,1176,1.0,0.9442437078855772,0.95,1.002983582479152
ewma_Gaussian,1177,1.0,0.9444520758070726,0.94,1.0041177381594841
ewma_Gaussian,1178,1.0,0.9441044374387877,0.9,1.0025429537710657
ewma_Gaussian,1179,1.0,0.9448082595319878,0.945,1.0040207955649856
ewma_Gaussian,1180,1.0,0.944118368953901,0.93,1.0024489517817796
ewma_Gaussian,1181,1.0,0.9440390218361858,0.965,1.0044569211634222
ewma_Gaussian,1182,1.0,0.9435004097290206,0.945,1.0032331792108622
ewma_Gaussian,1183,1.0,0.9446594820948306,0.955,1.0066910649926966
ewma_Gaussian,1184,1.0,0.9444641956879343,0.945,1.0036427471240745
ewma_Gaussian,1185,1.0,0.9445020422880068,0.96,1.0036938157235376
ewma_Gaussian,1186,1.0,0.9435565027498715,0.94,1.001046186749663
ewma_Gaussian,1187,1.0,0.9435364663811774,0.95,1.00053524358818
ewma_Gaussian,1188,1.0,0.9428756587836444,0.92,0.9969820409075467
ewma_Gaussian,1189,1.0,0.9443711025574549,0.92,1.0009064582740177
ewma_Gaussian,1190,1.0,0.9445412078205493,0.92,1.0001821389026253
ewma_Gaussian,1191,1.0,0.9442798963465501,0.955,0.9995290736653173
ewma_Gaussian,1192,1.0,0.9435945431494145,0.93,0.9972018793882123
ewma_Gaussian,1193,1.0,0.9434073355908322,0.935,0.9987442563140881
ewma_Gaussian,1194,1.0,0.9434586081558414,0.955,0.9996221691682873
ewma_Gaussian,1195,1.0,0.9435935620029292,0.975,0.9981941735506946
ewma_Gaussian,1196,1.0,0.9415534731549312,0.96,0.9910717704467555
ewma_Gaussian,1197,1.0,0.9413683038828239,0.925,0.9901607808201621
ewma_Gaussian,1198,1.0,0.9421599723252925,0.93,0.9928450006540666
ewma_Gaussian,1199,1.0,0.9431259143618385,0.93,0.9968503591493725
ewma_Gaussian,1200,3.0,0.4839435956701644,0.41,0.332249549160893
ewma_Gaussian,1201,3.0,0.5658817115089264,0.565,0.40747809228259896
ewma_Gaussian,1202,3.0,0.6219593921196758,0.57,0.46302535084609514
ewma_Gaussian,1203,3.0,0.6745147465602259,0.705,0.5165005031892695
ewma_Gaussian,1204,3.0,0.7043603316477884,0.715,0.5502841017777104
ewma_Gaussian,1205,3.0,0.7302039124771841,0.7,0.5820608950542528
ewma_Gaussian,1206,3.0,0.7572587527143182,0.74,0.6188748686318271
ewma_Gaussian,1207,3.0,0.7799972782289265,0.78,0.6504870857352779
ewma_Gaussian,1208,3.0,0.7992115531046228,0.79,0.6805034901586094
ewma_Gaussian,1209,3.0,0.8175582715973926,0.785,0.7085757293572548
ewma_Gaussian,1210,3.0,0.8324387707139212,0.805,0.7320718650847462
ewma_Gaussian,1211,3.0,0.8432407515175655,0.86,0.7517038447948997
ewma_Gaussian,1212,3.0,0.8514592731338999,0.8,0.7653780568393509
ewma_Gaussian,1213,3.0,0.8622758928452748,0.865,0.7849291030834594
ewma_Gaussian,1214,3.0,0.8700611257720573,0.885,0.7991995551090488
ewma_Gaussian,1215,3.0,0.8748167378987265,0.885,0.8082636765169565
ewma_Gaussian,1216,3.0,0.880820577071444,0.89,0.822272920232112
ewma_Gaussian,1217,3.0,0.8844959208988308,0.875,0.8309189305274504
ewma_Gaussian,1218,3.0,0.8901593902295862,0.895,0.8407706653422045
ewma_Gaussian,1219,3.0,0.8938973909509056,0.905,0.8508553712231381
ewma_Gaussian,1220,3.0,0.8972302817104122,0.9,0.8589673309216022
ewma_Gaussian,1221,3.0,0.900960441217479,0.92,0.8687791960367656
ewma_Gaussian,1222,3.0,0.9034528973612023,0.9,0.8744637941439513
ewma_Gaussian,1223,3.0,0.9063862235227407,0.92,0.8821232770207661
ewma_Gaussian,1224,3.0,0.9084075702058851,0.905,0.8865144631132922
ewma_Gaussian,1225,3.0,0.9116075869987921,0.915,0.8951497695843241
ewma_Gaussian,1226,3.0,0.9133250254020087,0.895,0.9011974650788761
ewma_Gaussian,1227,3.0,0.9157339610562059,0.885,0.912485148804044
ewma_Gaussian,1228,3.0,0.9183736886228815,0.9,0.9199575836963981
ewma_Gaussian,1229,3.0,0.9196650494299522,0.92,0.9239073712209026
ewma_Gaussian,1230,3.0,0.9206911490367807,0.925,0.9286437097034114
ewma_Gaussian,1231,3.0,0.9228391331746575,0.89,0.9326553088573009
ewma_Gaussian,1232,3.0,0.9257166274653861,0.945,0.9408382662859535
ewma_Gaussian,1233,3.0,0.9276949578023417,0.925,0.9438294158667899
ewma_Gaussian,1234,3.0,0.9292400653674122,0.94,0.9460121038201814
ewma_Gaussian,1235,3.0,0.9292640108500416,0.9,0.9470478204790139
ewma_Gaussian,1236,3.0,0.9322955945569924,0.92,0.9574562323053089
ewma_Gaussian,1237,3.0,0.9338776272311421,0.935,0.9617610123402224
ewma_Gaussian,1238,3.0,0.9351194286852198,0.95,0.9660531168540599
ewma_Gaussian,1239,3.0,0.9341381009287288,0.92,0.9630957820579493
ewma_Gaussian,1240,3.0,0.934854203971636,0.94,0.9649146130581053
ewma_Gaussian,1241,3.0,0.9356510682246756,0.92,0.9686062815718043
ewma_Gaussian,1242,3.0,0.935805321853768,0.93,0.9704098892731393
ewma_Gaussian,1243,3.0,0.9370241483928623,0.955,0.9742406534133177
ewma_Gaussian,1244,3.0,0.936889471983309,0.95,0.9731810348155326
ewma_Gaussian,1245,3.0,0.9369245987378001,0.95,0.9735161769498394
ewma_Gaussian,1246,3.0,0.9370492197268483,0.91,0.9749943089675713
ewma_Gaussian,1247,3.0,0.9383141545448521,0.94,0.9782222862487696
ewma_Gaussian,1248,3.0,0.9376870455723838,0.945,0.9768385282380666
ewma_Gaussian,1249,3.0,0.9382917550039488,0.935,0.9776392725681657
ewma_Gaussian,1250,3.0,0.9391329250962415,0.95,0.980721470016214
ewma_Gaussian,1251,3.0,0.9391369485463312,0.945,0.9811295561652998
ewma_Gaussian,1252,3.0,0.93968682421342,0.95,0.982820921557913
ewma_Gaussian,1253,3.0,0.9396658202338786,0.93,0.983670579921892
ewma_Gaussian,1254,3.0,0.9395113691733487,0.905,0.9833090072652308
ewma_Gaussian,1255,3.0,0.9394116259820161,0.915,0.9852002968733364
ewma_Gaussian,1256,3.0,0.9406672853255241,0.935,0.9893459567816274
ewma_Gaussian,1257,3.0,0.9408209839407908,0.935,0.991956172954541
ewma_Gaussian,1258,3.0,0.9418469743108835,0.97,0.9959967374873415
ewma_Gaussian,1259,3.0,0.9409117052751259,0.96,0.9919524350191545
ewma_Gaussian,1260,3.0,0.9390953114471204,0.96,0.9858287666137204
ewma_Gaussian,1261,3.0,0.9384946748228367,0.94,0.984560888707306
ewma_Gaussian,1262,3.0,0.939356000227273,0.935,0.9858006838838657
ewma_Gaussian,1263,3.0,0.9394866283111765,0.95,0.9842857127635082
ewma_Gaussian,1264,3.0,0.9387399103415788,0.93,0.982177896404191
ewma_Gaussian,1265,3.0,0.938655151157171,0.965,0.9815855976099346
ewma_Gaussian,1266,3.0,0.938172138022951,0.93,0.9802659945171542
ewma_Gaussian,1267,3.0,0.9385199900960572,0.95,0.9801075160210034
ewma_Gaussian,1268,3.0,0.9384820404045376,0.945,0.9786282649348587
ewma_Gaussian,1269,3.0,0.9382027596554847,0.92,0.9771048629509863
ewma_Gaussian,1270,3.0,0.9380374626824477,0.93,0.9791761911182222
ewma_Gaussian,1271,3.0,0.9384542387128476,0.93,0.9797355917325303
ewma_Gaussian,1272,3.0,0.9390416507597843,0.93,0.983983331245319
ewma_Gaussian,1273,3.0,0.9395933990990892,0.94,0.9837771804684253
ewma_Gaussian,1274,3.0,0.9395122249156226,0.925,0.9854892407534825
ewma_Gaussian,1275,3.0,0.9394349037317994,0.97,0.9858957116677487
ewma_Gaussian,1276,3.0,0.9390690093178168,0.93,0.9844473893249495
ewma_Gaussian,1277,3.0,0.9389307593915466,0.965,0.9831516169405176
ewma_Gaussian,1278,3.0,0.9390629882831293,0.915,0.9818165008455131
ewma_Gaussian,1279,3.0,0.9393321681090844,0.93,0.9842229680759392
ewma_Gaussian,1280,3.0,0.9396268495813598,0.925,0.9847346117382478
ewma_Gaussian,1281,3.0,0.9396561355126184,0.94,0.9836307401229335
ewma_Gaussian,1282,3.0,0.9393149341566892,0.95,0.9838499849293766
ewma_Gaussian,1283,3.0,0.9378727285356553,0.935,0.9793558485666384
ewma_Gaussian,1284,3.0,0.9384272615036083,0.935,0.9804357287681547
ewma_Gaussian,1285,3.0,0.9391504643344861,0.94,0.9821819331113432
ewma_Gaussian,1286,3.0,0.9391391685336314,0.955,0.9827034176036767
ewma_Gaussian,1287,3.0,0.9387767318296022,0.92,0.9820763189532974
ewma_Gaussian,1288,3.0,0.9387557901428677,0.94,0.9827895949832414
ewma_Gaussian,1289,3.0,0.9396876611865917,0.935,0.9881685836854618
ewma_Gaussian,1290,3.0,0.9401608459682097,0.93,0.9877009909826652
ewma_Gaussian,1291,3.0,0.9398928339167163,0.955,0.9884439786744176
ewma_Gaussian,1292,3.0,0.9403583993836758,0.95,0.990801618731401
ewma_Gaussian,1293,3.0,0.9402332935082579,0.925,0.9901252285615045
ewma_Gaussian,1294,3.0,0.9407290719785196,0.96,0.9894732789238708
ewma_Gaussian,1295,3.0,0.9407144925933156,0.97,0.9897015479451023
ewma_Gaussian,1296,3.0,0.9394265318836454,0.96,0.9838616773682765
ewma_Gaussian,1297,3.0,0.9384377612164684,0.915,0.9813745286085015
ewma_Gaussian,1298,3.0,0.9403790953458452,0.92,0.9886430570693099
ewma_Gaussian,1299,3.0,0.9406523378507207,0.93,0.9886160850811839
ewma_Gaussian,1300,3.0,0.9414712697776014,0.91,0.9927355599232172
ewma_Gaussian,1301,3.0,0.9413538841283696,0.905,0.9924604450972244
ewma_Gaussian,1302,3.0,0.9414204055757065,0.96,0.9944375484210554
ewma_Gaussian,1303,3.0,0.9413553172370104,0.96,0.9949469137676988
ewma_Gaussian,1304,3.0,0.9414296461047945,0.92,0.9947205123553945
ewma_Gaussian,1305,3.0,0.9427704392052958,0.915,0.9994843156574291
ewma_Gaussian,1306,3.0,0.9436440201487747,0.94,1.0051050445325385
ewma_Gaussian,1307,3.0,0.943310036690271,0.95,1.0045602048055198
ewma_Gaussian,1308,3.0,0.9435369568344822,0.95,1.0057853324165473
ewma_Gaussian,1309,3.0,0.9434862804376024,0.96,1.004824644181567
ewma_Gaussian,1310,3.0,0.9418938704984481,0.91,1.0000478902043142
ewma_Gaussian,1311,3.0,0.9434831337379486,0.96,1.005400615081425
ewma_Gaussian,1312,3.0,0.9420845667135315,0.935,0.9991980683026354
ewma_Gaussian,1313,3.0,0.9426514928039795,0.98,1.0029617905417203
ewma_Gaussian,1314,3.0,0.9415104776882545,0.925,0.9966268720696498
ewma_Gaussian,1315,3.0,0.9422053920768886,0.935,0.9991051677023574
ewma_Gaussian,1316,3.0,0.9434952232020006,0.955,1.0029032540076315
ewma_Gaussian,1317,3.0,0.942784900216918,0.965,0.9995043003296515
ewma_Gaussian,1318,3.0,0.9414449385879117,0.925,0.9942898014275339
ewma_Gaussian,1319,3.0,0.9422016488684932,0.945,0.9961262460913474
ewma_Gaussian,1320,3.0,0.942314452164961,0.95,0.9968876590978774
ewma_Gaussian,1321,3.0,0.9433401018704187,0.955,1.0008535706033361
ewma_Gaussian,1322,3.0,0.9433600251087023,0.98,0.999696469056259
ewma_Gaussian,1323,3.0,0.9410010731131814,0.94,0.9899153590002644
ewma_Gaussian,1324,3.0,0.9402072974915557,0.945,0.9882007493247477
ewma_Gaussian,1325,3.0,0.9408529145231382,0.92,0.9890014357803182
ewma_Gaussian,1326,3.0,0.9410346075768046,0.94,0.9914868227932646
ewma_Gaussian,1327,3.0,0.9418274110614658,0.96,0.9926026000724539
ewma_Gaussian,1328,3.0,0.9412499575574287,0.97,0.9916270444867203
ewma_Gaussian,1329,3.0,0.939935332790399,0.935,0.986584693116167
ewma_Gaussian,1330,3.0,0.9401920841484873,0.94,0.9862088541940749
ewma_Gaussian,1331,3.0,0.9394923013193736,0.965,0.9834420801222987
ewma_Gaussian,1332,3.0,0.9392235879561917,0.92,0.9815742243536079
ewma_Gaussian,1333,3.0,0.9401806515130715,0.93,0.9846936253715232
ewma_Gaussian,1334,3.0,0.9409354064043552,0.94,0.9884501640978709
ewma_Gaussian,1335,3.0,0.9400502273951322,0.94,0.9859526322350195
ewma_Gaussian,1336,3.0,0.9408949909705255,0.915,0.988500495860709
ewma_Gaussian,1337,3.0,0.9419016516897654,0.895,0.9942935197133296
ewma_Gaussian,1338,3.0,0.942766480512858,0.955,0.9979882071916303
ewma_Gaussian,1339,3.0,0.9424088760213796,0.925,0.995847206728749
ewma_Gaussian,1340,3.0,0.9432876087823499,0.92,0.9993272142662374
ewma_Gaussian,1341,3.0,0.9424226599253501,0.925,0.9966275618083489
ewma_Gaussian,1342,3.0,0.9430358404975511,0.92,0.9995827284467041
ewma_Gaussian,1343,3.0,0.9441482889102217,0.965,1.0059308400529272
ewma_Gaussian,1344,3.0,0.9439761625261336,0.98,1.004817150841298
ewma_Gaussian,1345,3.0,0.9428428778196843,0.935,0.9984845486314674
ewma_Gaussian,1346,3.0,0.9425600670907209,0.935,0.9982426712143444
ewma_Gaussian,1347,3.0,0.9416005004038392,0.94,0.9954370845063587
ewma_Gaussian,1348,3.0,0.9416775988053772,0.975,0.9958255376475346
ewma_Gaussian,1349,3.0,0.9404745357367275,0.96,0.9892933171953908
ewma_Gaussian,1350,3.0,0.9410942526404351,0.94,0.9917101317987382
ewma_Gaussian,1351,3.0,0.9417132299478359,0.94,0.9926114963540487
ewma_Gaussian,1352,3.0,0.9422628278035049,0.94,0.9949451458967893
ewma_Gaussian,1353,3.0,0.941981256764569,0.93,0.9954364041771174
ewma_Gaussian,1354,3.0,0.9428440035702336,0.96,0.997216329301244
ewma_Gaussian,1355,3.0,0.9419839749723516,0.945,0.9930244897094369
ewma_Gaussian,1356,3.0,0.9419037647650229,0.955,0.9932441544358759
ewma_Gaussian,1357,3.0,0.9415204011466193,0.895,0.990812125859741
ewma_Gaussian,1358,3.0,0.942091524049588,0.92,0.993604374584099
ewma_Gaussian,1359,3.0,0.9433051402185462,0.945,0.9982260472400575
ewma_Gaussian,1360,3.0,0.9432060902265141,0.945,0.998517538785133
ewma_Gaussian,1361,3.0,0.9430114347470845,0.965,0.998448745621067
ewma_Gaussian,1362,3.0,0.9417383286034599,0.935,0.9951749088328998
ewma_Gaussian,1363,3.0,0.9412592995275546,0.93,0.9948634564348758
ewma_Gaussian,1364,3.0,0.9417240300012546,0.88,0.9982282154854448
ewma_Gaussian,1365,3.0,0.9435964429641683,0.945,1.0042828546484697
ewma_Gaussian,1366,3.0,0.9437164042216025,0.935,1.005447097227041
ewma_Gaussian,1367,3.0,0.9439959968785929,0.93,1.0064240487532647
ewma_Gaussian,1368,3.0,0.9443758262355341,0.95,1.006070889808127
ewma_Gaussian,1369,3.0,0.9439116965979544,0.935,1.00404976561465
ewma_Gaussian,1370,3.0,0.9433060452441484,0.965,1.003506012128933
ewma_Gaussian,1371,3.0,0.9425468490451536,0.945,0.9997882700629682
ewma_Gaussian,1372,3.0,0.9421526712931525,0.945,0.9991736783542267
ewma_Gaussian,1373,3.0,0.9421263080298735,0.94,0.999240648234111
ewma_Gaussian,1374,3.0,0.9432510524000147,0.945,1.0025939678414517
ewma_Gaussian,1375,3.0,0.9430099064062282,0.935,0.9995653528775723
ewma_Gaussian,1376,3.0,0.9431378971646979,0.93,1.0007772800438113
ewma_Gaussian,1377,3.0,0.9431492570903706,0.93,0.9997253423659348
ewma_Gaussian,1378,3.0,0.9433334317188735,0.945,1.0008445700860273
ewma_Gaussian,1379,3.0,0.9435016311095779,0.935,1.0004645782007753
ewma_Gaussian,1380,3.0,0.9432997018382039,0.93,0.9988381358121404
ewma_Gaussian,1381,3.0,0.9435335367376223,0.935,0.9986058983769103
ewma_Gaussian,1382,3.0,0.9438601195733344,0.925,1.0014567215080794
ewma_Gaussian,1383,3.0,0.9442454345944351,0.96,1.0026069403048854
ewma_Gaussian,1384,3.0,0.9443968110848735,0.98,1.0024936933596709
ewma_Gaussian,1385,3.0,0.9427766684968095,0.92,0.9953204735080257
ewma_Gaussian,1386,3.0,0.9434399050515134,0.965,0.9993418979686459
ewma_Gaussian,1387,3.0,0.9424051896117136,0.95,0.9950748450727602
ewma_Gaussian,1388,3.0,0.9419119529304489,0.95,0.9954224840616402
ewma_Gaussian,1389,3.0,0.9421853555643961,0.955,0.9961494294990862
ewma_Gaussian,1390,3.0,0.9407913965626884,0.915,0.9916251546587201
ewma_Gaussian,1391,3.0,0.9418603768365631,0.935,0.9946564525997832
ewma_Gaussian,1392,3.0,0.9411213145865136,0.925,0.9922177092094102
ewma_Gaussian,1393,3.0,0.9420819364253791,0.96,0.9964571899272892
ewma_Gaussian,1394,3.0,0.9413906332079904,0.945,0.9931826624568894
ewma_Gaussian,1395,3.0,0.9409487471964327,0.965,0.9923293424586379
ewma_Gaussian,1396,3.0,0.9401620750302706,0.95,0.9893403136490738
ewma_Gaussian,1397,3.0,0.9400844466136999,0.945,0.9878949988070878
ewma_Gaussian,1398,3.0,0.9399708270617899,0.96,0.9873563278821353
ewma_Gaussian,1399,3.0,0.9400817627769972,0.915,0.9876225115227348
ewma_Gaussian,1400,3.0,0.9413964230326858,0.95,0.993574995682261
ewma_Gaussian,1401,3.0,0.9407421253957452,0.95,0.9905454307598714
ewma_Gaussian,1402,3.0,0.9412130143598751,0.945,0.9922991140439268
ewma_Gaussian,1403,3.0,0.9403155416545758,0.94,0.9888156794814438
ewma_Gaussian,1404,3.0,0.9393647602218287,0.955,0.9852392014661626
ewma_Gaussian,1405,3.0,0.9383971162385896,0.95,0.9825094457963474
ewma_Gaussian,1406,3.0,0.9380338434903831,0.96,0.9806253471930181
ewma_Gaussian,1407,3.0,0.9374189980656041,0.895,0.9778581175243656
ewma_Gaussian,1408,3.0,0.9386435584839924,0.945,0.9832581289627126
ewma_Gaussian,1409,3.0,0.9381805772003315,0.93,0.9820097306832116
ewma_Gaussian,1410,3.0,0.9381945462816111,0.94,0.9853673658905692
ewma_Gaussian,1411,3.0,0.9385193964636875,0.95,0.9866694829951301
ewma_Gaussian,1412,3.0,0.938850840754574,0.95,0.9864866331968895
ewma_Gaussian,1413,3.0,0.9378616960823569,0.93,0.9819751635444939
ewma_Gaussian,1414,3.0,0.9383883756288941,0.905,0.9818737848896555
ewma_Gaussian,1415,3.0,0.9395206819190801,0.965,0.9881415375852504
ewma_Gaussian,1416,3.0,0.9383529532433615,0.94,0.9832065790166044
ewma_Gaussian,1417,3.0,0.9382119091573327,0.925,0.9858396565548181
ewma_Gaussian,1418,3.0,0.9392963082120158,0.96,0.9898553063662703
ewma_Gaussian,1419,3.0,0.937332245008134,0.935,0.9828423943337566
ewma_Gaussian,1420,3.0,0.9379965118474145,0.94,0.9835673882428162
ewma_Gaussian,1421,3.0,0.9383557360055466,0.94,0.9852441834899401
ewma_Gaussian,1422,3.0,0.9380445143978529,0.93,0.9826969437386072
ewma_Gaussian,1423,3.0,0.9380926095147489,0.935,0.9852183751230521
ewma_Gaussian,1424,3.0,0.939037129580051,0.925,0.9879999971826783
ewma_Gaussian,1425,3.0,0.9389107157974899,0.92,0.9901784853654908
ewma_Gaussian,1426,3.0,0.9400254695644199,0.96,0.9932685410079771
ewma_Gaussian,1427,3.0,0.9394095143994055,0.94,0.9903554819001757
ewma_Gaussian,1428,3.0,0.9400873918012487,0.955,0.9907797489838203
ewma_Gaussian,1429,3.0,0.939686198649147,0.955,0.988795804790293
ewma_Gaussian,1430,3.0,0.9392179320148216,0.945,0.9869041913734429
ewma_Gaussian,1431,3.0,0.9391130172440719,0.925,0.9881738350681395
ewma_Gaussian,1432,3.0,0.9390539890858656,0.93,0.988674178749647
ewma_Gaussian,1433,3.0,0.940315582823169,0.955,0.9923696569809799
ewma_Gaussian,1434,3.0,0.938978854550983,0.95,0.9871895012900631
ewma_Gaussian,1435,3.0,0.9391314869870072,0.955,0.9864238286678109
ewma_Gaussian,1436,3.0,0.9387479564476588,0.905,0.9837549514778493
ewma_Gaussian,1437,3.0,0.9391501487652922,0.94,0.9879647862082581
ewma_Gaussian,1438,3.0,0.9395067799938434,0.955,0.9861075698173569
ewma_Gaussian,1439,3.0,0.939333066145138,0.95,0.9843233635302628
ewma_Gaussian,1440,3.0,0.9396670453255683,0.95,0.9875081884139398
ewma_Gaussian,1441,3.0,0.9394756340675184,0.945,0.987256481460191
ewma_Gaussian,1442,3.0,0.9402688861140814,0.975,0.9871249176342477
ewma_Gaussian,1443,3.0,0.9387023735820798,0.915,0.9814042145494848
ewma_Gaussian,1444,3.0,0.9392966792887285,0.935,0.9842188994804755
ewma_Gaussian,1445,3.0,0.9396378620961883,0.94,0.985541938118131
ewma_Gaussian,1446,3.0,0.9394931107172296,0.93,0.9864825573396305
ewma_Gaussian,1447,3.0,0.940572070019804,0.925,0.9881746419229949
ewma_Gaussian,1448,3.0,0.9415368030352218,0.92,0.9924172049651833
ewma_Gaussian,1449,3.0,0.941299937545928,0.93,0.9934393987880432
ewma_Gaussian,1450,3.0,0.9414315501939677,0.945,0.9933011916964712
ewma_Gaussian,1451,3.0,0.9414795686574661,0.955,0.9929878211011868
ewma_Gaussian,1452,3.0,0.940367626984725,0.955,0.9895954881690386
ewma_Gaussian,1453,3.0,0.9400410363924582,0.95,0.987457801554624
ewma_Gaussian,1454,3.0,0.9397155832639084,0.925,0.985602526882856
ewma_Gaussian,1455,3.0,0.9395361207517701,0.93,0.9848310555798594
ewma_Gaussian,1456,3.0,0.9401205432446699,0.945,0.9862597388188409
ewma_Gaussian,1457,3.0,0.9403544204477331,0.96,0.9858876725608298
ewma_Gaussian,1458,3.0,0.9400895765025531,0.93,0.9839473270731625
ewma_Gaussian,1459,3.0,0.9404953673718179,0.94,0.9876632942692757
ewma_Gaussian,1460,3.0,0.9400842393950442,0.96,0.9886212840718867
ewma_Gaussian,1461,3.0,0.9391401203421829,0.94,0.9851138611100185
ewma_Gaussian,1462,3.0,0.9391891201087614,0.94,0.984230020894558
ewma_Gaussian,1463,3.0,0.939040059785863,0.97,0.9836424234748449
ewma_Gaussian,1464,3.0,0.9378680701666624,0.945,0.9794632351460385
ewma_Gaussian,1465,3.0,0.9380261688529603,0.94,0.9805356552623167
ewma_Gaussian,1466,3.0,0.9379753989747478,0.91,0.9826282646070709
ewma_Gaussian,1467,3.0,0.9382037508766049,0.9,0.9820778684397533
ewma_Gaussian,1468,3.0,0.9397153846632296,0.955,0.9864438110781458
ewma_Gaussian,1469,3.0,0.9393941350347852,0.93,0.9845116598370331
ewma_Gaussian,1470,3.0,0.9402197631403023,0.945,0.9854905789267312
ewma_Gaussian,1471,3.0,0.9408486046558276,0.95,0.9871249322314983
ewma_Gaussian,1472,3.0,0.9407797028022579,0.89,0.9866209476751604
ewma_Gaussian,1473,3.0,0.9430582061880384,0.905,0.9962268740193049
ewma_Gaussian,1474,3.0,0.9438343517722342,0.955,1.001366991483896
ewma_Gaussian,1475,3.0,0.9428153620927603,0.935,0.996344550847089
ewma_Gaussian,1476,3.0,0.9425921020178383,0.925,0.9963588076371954
ewma_Gaussian,1477,3.0,0.9430393463655438,0.955,0.999752507474136
ewma_Gaussian,1478,3.0,0.9419243218664779,0.895,0.9968151492784304
ewma_Gaussian,1479,3.0,0.9435425244998865,0.95,1.004205669382024
ewma_Gaussian,1480,3.0,0.943872590900209,0.925,1.006000257333676
ewma_Gaussian,1481,3.0,0.9453005519297719,0.945,1.010509049858256
ewma_Gaussian,1482,3.0,0.9445825842420916,0.93,1.0060711315695434
ewma_Gaussian,1483,3.0,0.9454106342456227,0.915,1.0081792160905096
ewma_Gaussian,1484,3.0,0.9456517441076988,0.91,1.0087490539976136
ewma_Gaussian,1485,3.0,0.9460965387763487,0.95,1.013245501364739
ewma_Gaussian,1486,3.0,0.9456814370083764,0.96,1.009949884994048
ewma_Gaussian,1487,3.0,0.9456614660368805,0.96,1.007719439028989
ewma_Gaussian,1488,3.0,0.9458963170599535,0.96,1.0067069867584726
ewma_Gaussian,1489,3.0,0.9449326113042582,0.955,1.0040188543867128
ewma_Gaussian,1490,3.0,0.9439358924493143,0.955,1.0019811849598093
ewma_Gaussian,1491,3.0,0.944472103379403,0.95,1.0036161799077663
ewma_Gaussian,1492,3.0,0.9437908281348029,0.93,1.0008810579664833
ewma_Gaussian,1493,3.0,0.9443254978018466,0.925,1.0012782516585517
ewma_Gaussian,1494,3.0,0.9451307736694946,0.92,1.0041804891580726
ewma_Gaussian,1495,3.0,0.9458616299193543,0.91,1.0075951044394058
ewma_Gaussian,1496,3.0,0.947010973442033,0.95,1.0131188005508023
ewma_Gaussian,1497,3.0,0.9467483319043916,0.94,1.010804640315839
ewma_Gaussian,1498,3.0,0.9457869159349922,0.91,1.0077633289779073
ewma_Gaussian,1499,3.0,0.9460549556730073,0.945,1.0066541777930627
ewma_Gaussian,1500,3.0,0.9452142700962117,0.925,1.0033080617693828
ewma_Gaussian,1501,3.0,0.9460290096211296,0.955,1.005911657472061
ewma_Gaussian,1502,3.0,0.9451517244615055,0.95,1.0032109390230373
ewma_Gaussian,1503,3.0,0.9437532353197827,0.955,1.0009756498901041
ewma_Gaussian,1504,3.0,0.9439111704654033,0.93,1.002116949510943
ewma_Gaussian,1505,3.0,0.9443216787017775,0.945,1.003477636257506
ewma_Gaussian,1506,3.0,0.9436311195971179,0.975,1.0006329384812496
ewma_Gaussian,1507,3.0,0.9423859462314891,0.95,0.9955519258220724
ewma_Gaussian,1508,3.0,0.9426902612604929,0.925,0.9941028057066507
ewma_Gaussian,1509,3.0,0.9426263632809817,0.965,0.9938029645693343
ewma_Gaussian,1510,3.0,0.9421440375524626,0.94,0.9917196613088974
ewma_Gaussian,1511,3.0,0.9412947512082905,0.93,0.9891938123446471
ewma_Gaussian,1512,3.0,0.9417621580802752,0.945,0.9919782945377327
ewma_Gaussian,1513,3.0,0.941480521811626,0.95,0.9912157258820119
ewma_Gaussian,1514,3.0,0.9429964332666257,0.955,0.9963878391151485
ewma_Gaussian,1515,3.0,0.9421260603586492,0.94,0.9934746111821915
ewma_Gaussian,1516,3.0,0.9410347421164376,0.955,0.9899068315788746
ewma_Gaussian,1517,3.0,0.9409486178057187,0.92,0.9893590626607539
ewma_Gaussian,1518,3.0,0.9418124004379789,0.915,0.9929613597385126
ewma_Gaussian,1519,3.0,0.9423387740447127,0.925,0.998031760229251
ewma_Gaussian,1520,3.0,0.9420824210575733,0.94,0.9976893075833217
ewma_Gaussian,1521,3.0,0.942777021052358,0.975,0.9987483689447495
ewma_Gaussian,1522,3.0,0.9417373150031838,0.935,0.9931377593993146
ewma_Gaussian,1523,3.0,0.9413851066453967,0.94,0.992286709010687
ewma_Gaussian,1524,3.0,0.941103932885416,0.96,0.9902105525704392
ewma_Gaussian,1525,3.0,0.9401308325330479,0.945,0.9872282892088035
ewma_Gaussian,1526,3.0,0.940171483880018,0.97,0.9877789028132525
ewma_Gaussian,1527,3.0,0.9388675075906296,0.935,0.9813089199404615
ewma_Gaussian,1528,3.0,0.9394160183219662,0.92,0.9816412735027923
ewma_Gaussian,1529,3.0,0.940036785446577,0.97,0.9841086589463308
ewma_Gaussian,1530,3.0,0.9387817792185865,0.94,0.9793650080907481
ewma_Gaussian,1531,3.0,0.939017537681145,0.96,0.980030750583866
ewma_Gaussian,1532,3.0,0.9384000242947613,0.94,0.9776256785987348
ewma_Gaussian,1533,3.0,0.9390280641809667,0.94,0.9797911774729529
ewma_Gaussian,1534,3.0,0.9393319017185057,0.95,0.9812297862457531
ewma_Gaussian,1535,3.0,0.9388789005296843,0.935,0.9810973410919481
ewma_Gaussian,1536,3.0,0.9396271928228636,0.94,0.9835529829691858
ewma_Gaussian,1537,3.0,0.9397207367574089,0.935,0.9840367812992106
ewma_Gaussian,1538,3.0,0.9402601770331686,0.96,0.9842202659087006
ewma_Gaussian,1539,3.0,0.9399044554305114,0.955,0.9835685295451526
ewma_Gaussian,1540,3.0,0.9394760237409642,0.925,0.98436384884575
ewma_Gaussian,1541,3.0,0.9398762115266959,0.96,0.9873723729609359
ewma_Gaussian,1542,3.0,0.9387591159550133,0.95,0.9840581981663066
ewma_Gaussian,1543,3.0,0.9391872776616081,0.935,0.9860345746530913
ewma_Gaussian,1544,3.0,0.9393860045911837,0.94,0.9844326633926531
ewma_Gaussian,1545,3.0,0.939929013399634,0.94,0.9835763081100475
ewma_Gaussian,1546,3.0,0.9406469356653955,0.98,0.9874621495926741
ewma_Gaussian,1547,3.0,0.9397127147440787,0.99,0.9827250465952608
ewma_Gaussian,1548,3.0,0.9377094876396534,0.93,0.9745095906806456
ewma_Gaussian,1549,3.0,0.9381494206790331,0.95,0.9769273591487768
ewma_Gaussian,1550,3.0,0.9388345694838006,0.91,0.9785434040910082
ewma_Gaussian,1551,3.0,0.940616235427828,0.935,0.9856969612318605
ewma_Gaussian,1552,3.0,0.940686458585847,0.91,0.9873567006491917
ewma_Gaussian,1553,3.0,0.9423277135592169,0.95,0.9930027686481921
ewma_Gaussian,1554,3.0,0.9419593607649281,0.95,0.9908363812962573
ewma_Gaussian,1555,3.0,0.9409147217491514,0.915,0.9861658523853299
ewma_Gaussian,1556,3.0,0.9414135148025145,0.935,0.9912477557778806
ewma_Gaussian,1557,3.0,0.9413474989710278,0.96,0.9917749411189317
ewma_Gaussian,1558,3.0,0.940904913971714,0.935,0.990527508164044
ewma_Gaussian,1559,3.0,0.9415527032407927,0.96,0.9915979016592142
ewma_Gaussian,1560,3.0,0.9402883916774926,0.91,0.9864961152854299
ewma_Gaussian,1561,3.0,0.9419543189506764,0.895,0.9946944565048755
ewma_Gaussian,1562,3.0,0.9430428764198453,0.96,1.0011169701222604
ewma_Gaussian,1563,3.0,0.9416483760178583,0.935,0.9945861655854031
ewma_Gaussian,1564,3.0,0.9423237480972315,0.975,0.9965053572476907
ewma_Gaussian,1565,3.0,0.9410120849824132,0.93,0.9903705469592964
ewma_Gaussian,1566,3.0,0.9418859916946332,0.945,0.993526277000755
ewma_Gaussian,1567,3.0,0.94082001924345,0.955,0.98937829933585
ewma_Gaussian,1568,3.0,0.9404863844706606,0.95,0.9877636093119648
ewma_Gaussian,1569,3.0,0.9407617632341906,0.93,0.9872580113424384
ewma_Gaussian,1570,3.0,0.9407797701597821,0.955,0.9875401917256512
ewma_Gaussian,1571,3.0,0.940792344393732,0.93,0.9872065955460263
ewma_Gaussian,1572,3.0,0.9413076979476869,0.915,0.9878612340234605
ewma_Gaussian,1573,3.0,0.9416411225555982,0.91,0.9919165293703316
ewma_Gaussian,1574,3.0,0.9421054703241276,0.94,0.9942747724890847
ewma_Gaussian,1575,3.0,0.941966226547668,0.935,0.9942811838318514
ewma_Gaussian,1576,3.0,0.9414690577420298,0.965,0.9926863225579003
ewma_Gaussian,1577,3.0,0.940733654549085,0.94,0.9903707491242122
ewma_Gaussian,1578,3.0,0.9408373867703079,0.935,0.9886597326543384
ewma_Gaussian,1579,3.0,0.9412227768616604,0.955,0.9899199776008192
ewma_Gaussian,1580,3.0,0.9412057622943287,0.945,0.9900990220457513
ewma_Gaussian,1581,3.0,0.9417829804376413,0.94,0.9914818490721368
ewma_Gaussian,1582,3.0,0.9420592192944764,0.925,0.9932036040896489
ewma_Gaussian,1583,3.0,0.9422989138989997,0.95,0.9942472092286196
ewma_Gaussian,1584,3.0,0.9418337605644688,0.935,0.9937955597719932
ewma_Gaussian,1585,3.0,0.9420211625416646,0.945,0.9947514880528823
ewma_Gaussian,1586,3.0,0.9423266719106564,0.94,0.9953163490646371
ewma_Gaussian,1587,3.0,0.9432672360092959,0.97,0.9983111334566351
ewma_Gaussian,1588,3.0,0.9422431675826921,0.95,0.9962212309466032
ewma_Gaussian,1589,3.0,0.940792376987366,0.93,0.9902433826715145
ewma_Gaussian,1590,3.0,0.9405758807046019,0.945,0.988935279489529
ewma_Gaussian,1591,3.0,0.9398852661011797,0.95,0.9870226445589116
ewma_Gaussian,1592,3.0,0.9389830768863635,0.91,0.9830457603331957
ewma_Gaussian,1593,3.0,0.9400100436762494,0.915,0.9860533089415701
ewma_Gaussian,1594,3.0,0.9408804284366071,0.96,0.9877223672594974
ewma_Gaussian,1595,3.0,0.9404682289926387,0.92,0.9852456552203254
ewma_Gaussian,1596,3.0,0.9414032186310536,0.945,0.9889657105364767
ewma_Gaussian,1597,3.0,0.9406507176920684,0.935,0.9859961124764102
ewma_Gaussian,1598,3.0,0.941072576618747,0.94,0.9885799336549536
ewma_Gaussian,1599,3.0,0.9405183845232071,0.92,0.9859315719468988
ewma_Gaussian,1600,3.0,0.9411416485361047,0.93,0.989206513710852
ewma_Gaussian,1601,3.0,0.9411762234637684,0.92,0.990232905610521
ewma_Gaussian,1602,3.0,0.941396162592398,0.955,0.9928228015020679
ewma_Gaussian,1603,3.0,0.9414430961801099,0.94,0.9912775322402476
ewma_Gaussian,1604,3.0,0.9412799622292982,0.955,0.9903703157549217
ewma_Gaussian,1605,3.0,0.9411524015695696,0.93,0.9881354922958687
ewma_Gaussian,1606,3.0,0.9419914671931116,0.915,0.9922414282392347
ewma_Gaussian,1607,3.0,0.9420397044310234,0.94,0.9942908750091035
ewma_Gaussian,1608,3.0,0.942267961261444,0.92,0.9931517091287929
ewma_Gaussian,1609,3.0,0.9423104820740161,0.925,0.995066293260503
ewma_Gaussian,1610,3.0,0.9432393169982219,0.94,0.9969150213886578
ewma_Gaussian,1611,3.0,0.943900553264277,0.93,1.0012820283949133
ewma_Gaussian,1612,3.0,0.9447737300601955,0.95,1.0029639618128763
ewma_Gaussian,1613,3.0,0.9442429729199876,0.95,1.0006867111452007
ewma_Gaussian,1614,3.0,0.9439215048436759,0.925,0.9989612874950734
ewma_Gaussian,1615,3.0,0.9439474914623507,0.96,0.9978088764340106
ewma_Gaussian,1616,3.0,0.9430645821442587,0.935,0.9944021721362979
ewma_Gaussian,1617,3.0,0.9427628767335201,0.925,0.9953382447594585
ewma_Gaussian,1618,3.0,0.9433643974834997,0.95,0.99705485461505
ewma_Gaussian,1619,3.0,0.9425016446391388,0.93,0.993481871778658
ewma_Gaussian,1620,3.0,0.9431562723176624,0.945,0.9973666968294895
ewma_Gaussian,1621,3.0,0.9431640764867391,0.96,0.9983135158443401
ewma_Gaussian,1622,3.0,0.9426920782958577,0.93,0.9945978358872138
ewma_Gaussian,1623,3.0,0.9422003800536661,0.955,0.993673232765228
ewma_Gaussian,1624,3.0,0.9413914872791093,0.94,0.9931183992839867
ewma_Gaussian,1625,3.0,0.9409109860013126,0.925,0.9932716883322176
ewma_Gaussian,1626,3.0,0.9419659152140862,0.915,0.9965749362474117
ewma_Gaussian,1627,3.0,0.9421123248402533,0.96,0.9981388549916833
ewma_Gaussian,1628,3.0,0.9410102700740127,0.94,0.9938760044459122
ewma_Gaussian,1629,3.0,0.9407799578710594,0.915,0.9932500106635408
ewma_Gaussian,1630,3.0,0.9417172487054996,0.96,0.9969658011421046
ewma_Gaussian,1631,3.0,0.9413615471293977,0.955,0.9961218724134215
ewma_Gaussian,1632,3.0,0.9406201999768574,0.95,0.9926207319096179
ewma_Gaussian,1633,3.0,0.9413241044258248,0.95,0.9947174035062822
ewma_Gaussian,1634,3.0,0.9414128373772749,0.955,0.9943583032710113
ewma_Gaussian,1635,3.0,0.9412480378597045,0.935,0.9922748171571406
ewma_Gaussian,1636,3.0,0.9422188322645496,0.955,0.9951947906559769
ewma_Gaussian,1637,3.0,0.9417498412139303,0.925,0.9924758891108715
ewma_Gaussian,1638,3.0,0.941820403472962,0.895,0.9933433783618291
ewma_Gaussian,1639,3.0,0.9438725592420606,0.95,1.0019044698368829
ewma_Gaussian,1640,3.0,0.943316374607721,0.9,1.0000023302030498
ewma_Gaussian,1641,3.0,0.946412415520183,0.97,1.0100737491035714
ewma_Gaussian,1642,3.0,0.9462293801130239,0.93,1.0083440937562937
ewma_Gaussian,1643,3.0,0.9459551880173922,0.925,1.0051012803679038
ewma_Gaussian,1644,3.0,0.9464458364307058,0.935,1.0077104267044725
ewma_Gaussian,1645,3.0,0.9462992791147482,0.945,1.0082747182170708
ewma_Gaussian,1646,3.0,0.9463306444792208,0.96,1.0081460466490788
ewma_Gaussian,1647,3.0,0.9458439498252659,0.99,1.005773808839011
ewma_Gaussian,1648,3.0,0.9436164418598644,0.965,0.9973283436659622
ewma_Gaussian,1649,3.0,0.9427945472153874,0.93,0.9939621197140442
ewma_Gaussian,1650,3.0,0.9430785666055661,0.94,0.994684648446042
ewma_Gaussian,1651,3.0,0.9429988651029588,0.945,0.9947591986700834
ewma_Gaussian,1652,3.0,0.9430558890594776,0.97,0.9953784892672083
ewma_Gaussian,1653,3.0,0.9429348601848906,0.92,0.9960843006798621
ewma_Gaussian,1654,3.0,0.9433761185771441,0.945,0.9960086212962633
ewma_Gaussian,1655,3.0,0.9440118595499669,0.945,0.9975355084911484
ewma_Gaussian,1656,3.0,0.9435935921070526,0.935,0.9968323800553412
ewma_Gaussian,1657,3.0,0.943028724684481,0.935,0.9965170427436024
ewma_Gaussian,1658,3.0,0.943020144844326,0.935,0.996535585511322
ewma_Gaussian,1659,3.0,0.9430419089297476,0.955,0.9960597170790598
ewma_Gaussian,1660,3.0,0.9422569848814379,0.95,0.9936814383060394
ewma_Gaussian,1661,3.0,0.9422236372628728,0.94,0.9930386844893201
ewma_Gaussian,1662,3.0,0.9417758051753071,0.91,0.9924091323647067
ewma_Gaussian,1663,3.0,0.9431669945260084,0.95,0.998142587382898
ewma_Gaussian,1664,3.0,0.9425288221013366,0.945,0.9967651104163848
ewma_Gaussian,1665,3.0,0.9420185306598838,0.955,0.9950354345197212
ewma_Gaussian,1666,3.0,0.9412542403034607,0.95,0.9921824795281177
ewma_Gaussian,1667,3.0,0.941684618507027,0.95,0.9917621928588725
ewma_Gaussian,1668,3.0,0.9418983804213775,0.985,0.9929892973967711
ewma_Gaussian,1669,3.0,0.9401630466316808,0.945,0.9861224527271278
ewma_Gaussian,1670,3.0,0.9405569497530658,0.965,0.9880788264109103
ewma_Gaussian,1671,3.0,0.9397818410108618,0.955,0.9858135437231994
ewma_Gaussian,1672,3.0,0.9395877432623999,0.945,0.9862964941052829
ewma_Gaussian,1673,3.0,0.9399192171256058,0.945,0.9879466560805864
ewma_Gaussian,1674,3.0,0.9400495502030445,0.935,0.989662917192955
ewma_Gaussian,1675,3.0,0.9411472265111754,0.91,0.9928763641971503
ewma_Gaussian,1676,3.0,0.9423152494087177,0.955,0.9975244294149787
ewma_Gaussian,1677,3.0,0.9419651233314087,0.93,0.9954238083285238
ewma_Gaussian,1678,3.0,0.9417228878547503,0.94,0.9942392687689298
ewma_Gaussian,1679,3.0,0.9418031140790248,0.95,0.992668845862784
ewma_Gaussian,1680,3.0,0.9426021955616934,0.95,0.9965212589435953
ewma_Gaussian,1681,3.0,0.9421117206177506,0.92,0.9957813037934522
ewma_Gaussian,1682,3.0,0.9428146038608958,0.925,1.0008446350039335
ewma_Gaussian,1683,3.0,0.9436383200202525,0.965,1.0044540393393535
ewma_Gaussian,1684,3.0,0.9433482439444927,0.935,1.0031137631367895
ewma_Gaussian,1685,3.0,0.9428338830491255,0.92,1.0032561311747314
ewma_Gaussian,1686,3.0,0.9435548160390711,0.955,1.0052313642967428
ewma_Gaussian,1687,3.0,0.9425416993281146,0.945,0.9987440419277178
ewma_Gaussian,1688,3.0,0.9419716948357688,0.945,0.993522343938814
ewma_Gaussian,1689,3.0,0.9418610663081243,0.955,0.9942478801943052
ewma_Gaussian,1690,3.0,0.9419970428969685,0.96,0.9938065096267799
ewma_Gaussian,1691,3.0,0.9419578112786954,0.935,0.9922373996953919
ewma_Gaussian,1692,3.0,0.9421343444874339,0.955,0.9935487088382828
ewma_Gaussian,1693,3.0,0.9414556246069907,0.955,0.9909815412544495
ewma_Gaussian,1694,3.0,0.9413103547426419,0.915,0.9893499601988538
ewma_Gaussian,1695,3.0,0.9421401592790459,0.955,0.9931149355975962
ewma_Gaussian,1696,3.0,0.9411299120591289,0.91,0.987989619961449
ewma_Gaussian,1697,3.0,0.9419795615492795,0.955,0.990986461950632
ewma_Gaussian,1698,3.0,0.9411277622863407,0.95,0.9889967676041104
ewma_Gaussian,1699,3.0,0.9406514339399012,0.92,0.9878359778633581
ewma_Gaussian,1700,3.0,0.9413252592313901,0.95,0.991553207347061
ewma_Gaussian,1701,3.0,0.9415229767611316,0.935,0.9913236593601198
ewma_Gaussian,1702,3.0,0.9415435445427065,0.96,0.9920214917123267
ewma_Gaussian,1703,3.0,0.9404607377193506,0.95,0.9890786244820151
ewma_Gaussian,1704,3.0,0.9398488809308424,0.965,0.9858755883495772
ewma_Gaussian,1705,3.0,0.93893344171657,0.945,0.9829778724134423
ewma_Gaussian,1706,3.0,0.9386789191969708,0.95,0.9795150041928713
ewma_Gaussian,1707,3.0,0.9379661814542399,0.92,0.9757237938512625
ewma_Gaussian,1708,3.0,0.9382449048614444,0.945,0.9777939617450887
ewma_Gaussian,1709,3.0,0.9374013236775929,0.925,0.975222703678743
ewma_Gaussian,1710,3.0,0.9382123921315921,0.935,0.9764118242471291
ewma_Gaussian,1711,3.0,0.9388703052141959,0.92,0.9780258300414527
ewma_Gaussian,1712,3.0,0.9404499216866631,0.945,0.9841947899828958
ewma_Gaussian,1713,3.0,0.9403410459909587,0.94,0.9864769995640092
ewma_Gaussian,1714,3.0,0.9401587652486281,0.95,0.9871347730968567
ewma_Gaussian,1715,3.0,0.9383704972543637,0.96,0.9817935533958609
ewma_Gaussian,1716,3.0,0.9389073214131843,0.955,0.9823042167816095
ewma_Gaussian,1717,3.0,0.9377241514140802,0.96,0.976814372059955
ewma_Gaussian,1718,3.0,0.9378067726067798,0.955,0.9743341307898361
ewma_Gaussian,1719,3.0,0.9373034154199851,0.93,0.973437351441751
ewma_Gaussian,1720,3.0,0.9387851461475956,0.935,0.9787823721833228
ewma_Gaussian,1721,3.0,0.9388243609623577,0.935,0.9783921004635099
ewma_Gaussian,1722,3.0,0.9400465275110483,0.955,0.9815334924610345
ewma_Gaussian,1723,3.0,0.9397533325364094,0.945,0.9785333458673954
ewma_Gaussian,1724,3.0,0.9390204148115292,0.94,0.9757152046426382
ewma_Gaussian,1725,3.0,0.9388878908780706,0.94,0.9755521810380502
ewma_Gaussian,1726,3.0,0.9386389014532481,0.925,0.9759618048208345
ewma_Gaussian,1727,3.0,0.9389377773689855,0.95,0.9784245266311867
ewma_Gaussian,1728,3.0,0.9381430508830654,0.935,0.975750596648956
ewma_Gaussian,1729,3.0,0.9376772468380418,0.945,0.9758864309295788
ewma_Gaussian,1730,3.0,0.9374500223330002,0.935,0.9750607468644518
ewma_Gaussian,1731,3.0,0.9376823436673521,0.92,0.9754945691192013
ewma_Gaussian,1732,3.0,0.9379832328830711,0.915,0.9772790637737211
ewma_Gaussian,1733,3.0,0.9392423761106414,0.915,0.9829765580546602
ewma_Gaussian,1734,3.0,0.9407701850090904,0.925,0.98956863521136
ewma_Gaussian,1735,3.0,0.940854314168858,0.96,0.9906215540294363
ewma_Gaussian,1736,3.0,0.9396079403733425,0.945,0.9842574578042499
ewma_Gaussian,1737,3.0,0.9396829204975811,0.96,0.9865227574705822
ewma_Gaussian,1738,3.0,0.9391048299714518,0.925,0.982138176949088
ewma_Gaussian,1739,3.0,0.9392790626564593,0.94,0.9829992001037828
ewma_Gaussian,1740,3.0,0.9394563625772983,0.93,0.9842561728911337
ewma_Gaussian,1741,3.0,0.9397956099786758,0.93,0.984605432065371
ewma_Gaussian,1742,3.0,0.939758753503761,0.965,0.9851927808838002
ewma_Gaussian,1743,3.0,0.9385902328833956,0.9,0.98063871765084
ewma_Gaussian,1744,3.0,0.9408984485931003,0.915,0.9875484123813333
ewma_Gaussian,1745,3.0,0.941897168921245,0.915,0.9902372925627969
ewma_Gaussian,1746,3.0,0.9429639267722598,0.94,0.9942941550393661
ewma_Gaussian,1747,3.0,0.943325009490296,0.93,0.9959248288373521
ewma_Gaussian,1748,3.0,0.9438914764026145,0.945,1.000257018850544
ewma_Gaussian,1749,3.0,0.9438479945700559,0.925,0.9991930812110581
ewma_Gaussian,1750,3.0,0.9449653021379514,0.955,1.001904739583363
ewma_Gaussian,1751,3.0,0.9441203262868666,0.93,0.9974628674669995
ewma_Gaussian,1752,3.0,0.9444603920252661,0.96,0.999367375129436
ewma_Gaussian,1753,3.0,0.9443482056117882,0.96,1.0001112374943752
ewma_Gaussian,1754,3.0,0.9444826187920229,0.955,0.9998443512625227
ewma_Gaussian,1755,3.0,0.944149669666286,0.95,0.9968870481973054
ewma_Gaussian,1756,3.0,0.943007214575566,0.935,0.9909724311413348
ewma_Gaussian,1757,3.0,0.9429458684203023,0.965,0.9898073888604612
ewma_Gaussian,1758,3.0,0.9419473899558923,0.955,0.9877664241258909
ewma_Gaussian,1759,3.0,0.9412852153016005,0.96,0.9858279070359197
ewma_Gaussian,1760,3.0,0.9415298160237348,0.94,0.9875512897869873
ewma_Gaussian,1761,3.0,0.9406593841714448,0.955,0.9845459036038052
ewma_Gaussian,1762,3.0,0.9400391218412991,0.96,0.9814855603520158
ewma_Gaussian,1763,3.0,0.9393580732702703,0.93,0.9799817906345254
ewma_Gaussian,1764,3.0,0.9402150925832962,0.935,0.9847874432225807
ewma_Gaussian,1765,3.0,0.9405369969597168,0.94,0.9866482637305503
ewma_Gaussian,1766,3.0,0.9408317480964788,0.94,0.9873896697508596
ewma_Gaussian,1767,3.0,0.94071506462482,0.93,0.9873029475562615
ewma_Gaussian,1768,3.0,0.9409114926981305,0.935,0.9883993616225588
ewma_Gaussian,1769,3.0,0.9411341743957231,0.925,0.9896533251109372
ewma_Gaussian,1770,3.0,0.9419788449032483,0.915,0.9942245449851248
ewma_Gaussian,1771,3.0,0.9421919856205738,0.955,0.9952676574461412
ewma_Gaussian,1772,3.0,0.9421780852837446,0.965,0.9964092356981606
ewma_Gaussian,1773,3.0,0.9418759600148897,0.945,0.9951450685739849
ewma_Gaussian,1774,3.0,0.9412941766964116,0.94,0.993210496680565
ewma_Gaussian,1775,3.0,0.9411210940606094,0.94,0.9930931049974757
ewma_Gaussian,1776,3.0,0.9417976743757754,0.92,0.9943650474790156
ewma_Gaussian,1777,3.0,0.9415368816968847,0.95,0.9941306527222329
ewma_Gaussian,1778,3.0,0.9415368517017789,0.93,0.9937425773904102
ewma_Gaussian,1779,3.0,0.9420759348932503,0.94,0.9954460578537986
ewma_Gaussian,1780,3.0,0.94230933402693,0.92,0.9974498788520881
ewma_Gaussian,1781,3.0,0.9425895543669256,0.97,0.9991157488428303
ewma_Gaussian,1782,3.0,0.9411147304730743,0.955,0.9912967003480162
ewma_Gaussian,1783,3.0,0.9411093921023643,0.945,0.9899171218241968
ewma_Gaussian,1784,3.0,0.9408795196781312,0.94,0.9884103461450116
ewma_Gaussian,1785,3.0,0.9412217841982994,0.94,0.9905719625766352
ewma_Gaussian,1786,3.0,0.9414426298311812,0.94,0.9908491666385809
ewma_Gaussian,1787,3.0,0.9411307623736471,0.945,0.9887709084194849
ewma_Gaussian,1788,3.0,0.9416494822824188,0.95,0.989237799516106
ewma_Gaussian,1789,3.0,0.94235723072847,0.965,0.9925723544627558
ewma_Gaussian,1790,3.0,0.941294875304352,0.93,0.9883959281302132
ewma_Gaussian,1791,3.0,0.9415991913193982,0.945,0.9902734179420085
ewma_Gaussian,1792,3.0,0.9415738928408317,0.925,0.9907319184312001
ewma_Gaussian,1793,3.0,0.943555959120434,0.945,1.0000350864142673
ewma_Gaussian,1794,3.0,0.94402488314034,0.92,1.0019291801137762
ewma_Gaussian,1795,3.0,0.944739512670258,0.935,1.00385008836587
ewma_Gaussian,1796,3.0,0.9451279066495235,0.94,1.004523086345627
ewma_Gaussian,1797,3.0,0.9456483980344479,0.98,1.006128359556986
ewma_Gaussian,1798,3.0,0.9447557991581108,0.925,1.000944783150382
ewma_Gaussian,1799,3.0,0.9460513888261992,0.94,1.006038194902695
ewma_Gaussian,1800,1.0,0.9999994267594273,1.0,3.015969784223231
ewma_Gaussian,1801,1.0,0.9999990068843624,1.0,2.933669021552744
ewma_Gaussian,1802,1.0,0.9999985023309371,1.0,2.8565781167925013
ewma_Gaussian,1803,1.0,0.9999977151141678,1.0,2.781303226644454
ewma_Gaussian,1804,1.0,0.9999963526834602,1.0,2.7071334250089505
ewma_Gaussian,1805,1.0,0.9999941669933036,1.0,2.6345129037272623
ewma_Gaussian,1806,1.0,0.9999910184380321,1.0,2.56447405120482
ewma_Gaussian,1807,1.0,0.9999883052738491,1.0,2.5001231633904593
ewma_Gaussian,1808,1.0,0.999982378387989,1.0,2.4348080076966157
ewma_Gaussian,1809,1.0,0.9999734894563642,1.0,2.375144708074368
ewma_Gaussian,1810,1.0,0.9999617691268058,1.0,2.3169436284110416
ewma_Gaussian,1811,1.0,0.9999457185614916,1.0,2.2576650399210596
ewma_Gaussian,1812,1.0,0.9999264298858709,1.0,2.200992876802998
ewma_Gaussian,1813,1.0,0.9998972974977375,1.0,2.1483181791847077
ewma_Gaussian,1814,1.0,0.9998562072751624,1.0,2.098989043783145
ewma_Gaussian,1815,1.0,0.9998102843824401,1.0,2.05003833874186
ewma_Gaussian,1816,1.0,0.9997465783688085,1.0,2.0034532684928994
ewma_Gaussian,1817,1.0,0.9996842960828437,1.0,1.9585410870731936
ewma_Gaussian,1818,1.0,0.9995815002410703,1.0,1.9134895195565127
ewma_Gaussian,1819,1.0,0.9994647285905234,1.0,1.8726896853746107
ewma_Gaussian,1820,1.0,0.9993159914670541,1.0,1.8307573578851037
ewma_Gaussian,1821,1.0,0.999143143357702,1.0,1.7908133455333664
ewma_Gaussian,1822,1.0,0.9989428136970672,0.995,1.7547702838784196
ewma_Gaussian,1823,1.0,0.9986638052869736,1.0,1.7158695773466741
ewma_Gaussian,1824,1.0,0.998331741481308,1.0,1.6801414917532633
ewma_Gaussian,1825,1.0,0.9979896510118332,1.0,1.6472890266237457
ewma_Gaussian,1826,1.0,0.9975765430839144,1.0,1.6143894083613173
ewma_Gaussian,1827,1.0,0.9971596154575428,1.0,1.5864742778636407
ewma_Gaussian,1828,1.0,0.9967279846613023,0.995,1.5572422267975654
ewma_Gaussian,1829,1.0,0.9962271124264157,1.0,1.5301066774342826
ewma_Gaussian,1830,1.0,0.9955686510091177,1.0,1.5037365027758807
ewma_Gaussian,1831,1.0,0.9949311926212675,1.0,1.4789683124167692
ewma_Gaussian,1832,1.0,0.9943016978886541,1.0,1.4527546341668285
ewma_Gaussian,1833,1.0,0.993409133732924,0.99,1.4262777494569354
ewma_Gaussian,1834,1.0,0.9926282794469921,0.98,1.404391775000024
ewma_Gaussian,1835,1.0,0.9917939747786235,0.98,1.3864388900622913
ewma_Gaussian,1836,1.0,0.9909983759953456,0.995,1.3687954521241517
ewma_Gaussian,1837,1.0,0.9900256390877417,1.0,1.3488733565947633
ewma_Gaussian,1838,1.0,0.9889297788164109,0.995,1.3288654638545583
ewma_Gaussian,1839,1.0,0.9879349972837137,0.98,1.3129642148193204
ewma_Gaussian,1840,1.0,0.9866231896666449,0.985,1.2939164615248542
ewma_Gaussian,1841,1.0,0.9851861849986964,0.995,1.2750249957004756
ewma_Gaussian,1842,1.0,0.9838091188070552,0.99,1.2593651959236676
ewma_Gaussian,1843,1.0,0.9823459778902639,0.98,1.241814065491962
ewma_Gaussian,1844,1.0,0.981265660063762,0.975,1.230034963790013
ewma_Gaussian,1845,1.0,0.9803649932351668,0.97,1.2204802030112238
ewma_Gaussian,1846,1.0,0.9790024394142993,0.99,1.2092795506292275
ewma_Gaussian,1847,1.0,0.9773908359115032,0.98,1.1928439368667054
ewma_Gaussian,1848,1.0,0.9759179851145275,0.965,1.1806634122224116
ewma_Gaussian,1849,1.0,0.975021407124251,0.965,1.1727846691756378
ewma_Gaussian,1850,1.0,0.9742588778464608,0.98,1.166785514740281
ewma_Gaussian,1851,1.0,0.9724121131722387,0.965,1.1541520627506738
ewma_Gaussian,1852,1.0,0.9710608391554355,0.98,1.1453054384465815
ewma_Gaussian,1853,1.0,0.9696393068269871,0.955,1.1334944731776626
ewma_Gaussian,1854,1.0,0.9690621897432345,0.995,1.1297289524605947
ewma_Gaussian,1855,1.0,0.9670766418111214,0.985,1.1155281553272351
ewma_Gaussian,1856,1.0,0.9653794842793931,0.975,1.1052341177903173
ewma_Gaussian,1857,1.0,0.9642957829169001,0.965,1.0987332861955623
ewma_Gaussian,1858,1.0,0.9632344805828518,0.96,1.0936023388182705
ewma_Gaussian,1859,1.0,0.9618706232535524,0.97,1.0849467140465863
ewma_Gaussian,1860,1.0,0.9618854980042678,0.95,1.0832051772691824
ewma_Gaussian,1861,1.0,0.9604669667405424,0.97,1.0765806104228046
ewma_Gaussian,1862,1.0,0.9593589557506581,0.96,1.0698806352635701
ewma_Gaussian,1863,1.0,0.9580033096587485,0.98,1.0631436266048262
ewma_Gaussian,1864,1.0,0.9566669233945693,0.935,1.0567995434741158
ewma_Gaussian,1865,1.0,0.9560024598824891,0.97,1.052562360610866
ewma_Gaussian,1866,1.0,0.955240371849959,0.945,1.0478612153866138
ewma_Gaussian,1867,1.0,0.9549039705465219,0.96,1.0464685247388066
ewma_Gaussian,1868,1.0,0.954061015307841,0.97,1.0450377657105403
ewma_Gaussian,1869,1.0,0.9526340381051722,0.95,1.0385174162843327
ewma_Gaussian,1870,1.0,0.9519864332236341,0.975,1.0357376412827468
ewma_Gaussian,1871,1.0,0.9504587611596016,0.965,1.0290435376459155
ewma_Gaussian,1872,1.0,0.9492064677774569,0.94,1.0233483763668216
ewma_Gaussian,1873,1.0,0.9487115082635051,0.95,1.0220790381403568
ewma_Gaussian,1874,1.0,0.9473370835488545,0.95,1.0169315245524704
ewma_Gaussian,1875,1.0,0.946330669694,0.96,1.0134421620751284
ewma_Gaussian,1876,1.0,0.9459235890148642,0.96,1.0120867721462452
ewma_Gaussian,1877,1.0,0.9457735914353779,0.95,1.0106373840248517
ewma_Gaussian,1878,1.0,0.9460644114220024,0.94,1.013178893090588
ewma_Gaussian,1879,1.0,0.9462834736126479,0.95,1.0154597668740446
ewma_Gaussian,1880,1.0,0.9459715353915544,0.965,1.0141295298060695
ewma_Gaussian,1881,1.0,0.9457082210961733,0.93,1.011954200067666
ewma_Gaussian,1882,1.0,0.9463243685467387,0.965,1.013672733873274
ewma_Gaussian,1883,1.0,0.9455581652127149,0.935,1.00885569368598
ewma_Gaussian,1884,1.0,0.9454322228907688,0.97,1.006177491728498
ewma_Gaussian,1885,1.0,0.9435879533908056,0.945,0.999676284104406
ewma_Gaussian,1886,1.0,0.9431796091021684,0.925,0.9996075017424948
ewma_Gaussian,1887,1.0,0.9429436019461968,0.945,1.0004740508421637
ewma_Gaussian,1888,1.0,0.9432500749664644,0.945,1.0032174863564156
ewma_Gaussian,1889,1.0,0.9427418924435833,0.945,1.0018718295294624
ewma_Gaussian,1890,1.0,0.9424600990481877,0.95,1.0003872617188925
ewma_Gaussian,1891,1.0,0.9419310353418563,0.97,0.9994642521894797
ewma_Gaussian,1892,1.0,0.9413414810475459,0.895,0.9963445073841573
ewma_Gaussian,1893,1.0,0.9425480180222859,0.95,1.0003070768733466
ewma_Gaussian,1894,1.0,0.9420941851407183,0.965,0.9981434459319501
ewma_Gaussian,1895,1.0,0.9415295796089205,0.955,0.9958922738182884
ewma_Gaussian,1896,1.0,0.9411934726748149,0.95,0.9948033345196685
ewma_Gaussian,1897,1.0,0.9409967993080608,0.955,0.9946491436735977
ewma_Gaussian,1898,1.0,0.9411429246020897,0.94,0.994339166111433
ewma_Gaussian,1899,1.0,0.9422484522479868,0.925,0.9968275497228061
ewma_Gaussian,1900,1.0,0.9424369029049234,0.97,0.9971842367114392
ewma_Gaussian,1901,1.0,0.9412238886612004,0.94,0.992208854314041
ewma_Gaussian,1902,1.0,0.9410360594994249,0.95,0.9923226857498304
ewma_Gaussian,1903,1.0,0.9408609466190065,0.94,0.9897196184208497
ewma_Gaussian,1904,1.0,0.9408800917516004,0.965,0.9896526230651773
ewma_Gaussian,1905,1.0,0.9393481760374763,0.955,0.9837857181266049
ewma_Gaussian,1906,1.0,0.938388128482311,0.9,0.9804612359379162
ewma_Gaussian,1907,1.0,0.9388099736119551,0.945,0.9817075120087148
ewma_Gaussian,1908,1.0,0.9387740843352526,0.955,0.979331629217783
ewma_Gaussian,1909,1.0,0.9380745602947375,0.915,0.9765902142794642
ewma_Gaussian,1910,1.0,0.9385668648716475,0.945,0.9789985064510549
ewma_Gaussian,1911,1.0,0.9383966936323267,0.97,0.9782085630491888
ewma_Gaussian,1912,1.0,0.9375153608302125,0.955,0.9735881359248677
ewma_Gaussian,1913,1.0,0.938016059088132,0.92,0.9770363406530307
ewma_Gaussian,1914,1.0,0.938325214347403,0.94,0.9792677091700875
ewma_Gaussian,1915,1.0,0.937392959009743,0.955,0.9766526645109543
ewma_Gaussian,1916,1.0,0.9377846375907671,0.96,0.9767439634059094
ewma_Gaussian,1917,1.0,0.9374856378214903,0.94,0.9755028173446746
ewma_Gaussian,1918,1.0,0.9385836616901497,0.94,0.9794151152168751
ewma_Gaussian,1919,1.0,0.9382951118916509,0.93,0.9813373715317206
ewma_Gaussian,1920,1.0,0.9381210109799089,0.955,0.9831879276337259
ewma_Gaussian,1921,1.0,0.93742481196861,0.94,0.9812940067967201
ewma_Gaussian,1922,1.0,0.9373128417265122,0.965,0.9809193366984297
ewma_Gaussian,1923,1.0,0.9369494764069501,0.95,0.9802555441787362
ewma_Gaussian,1924,1.0,0.9369008322677529,0.955,0.9797132551545777
ewma_Gaussian,1925,1.0,0.9371744026615261,0.925,0.9811989150976381
ewma_Gaussian,1926,1.0,0.9369632900886985,0.93,0.981544336086567
ewma_Gaussian,1927,1.0,0.9377080971292878,0.94,0.9842893952335623
ewma_Gaussian,1928,1.0,0.9388643281132336,0.91,0.9882431587324026
ewma_Gaussian,1929,1.0,0.9412021837789976,0.95,0.9962852018854259
ewma_Gaussian,1930,1.0,0.9406307687908197,0.975,0.9927580714369313
ewma_Gaussian,1931,1.0,0.9391542546763302,0.93,0.9882573474886237
ewma_Gaussian,1932,1.0,0.9396564750759353,0.93,0.9892882706785531
ewma_Gaussian,1933,1.0,0.9398737520778147,0.91,0.990802893388246
ewma_Gaussian,1934,1.0,0.9413348241811232,0.94,0.9957901505373686
ewma_Gaussian,1935,1.0,0.9413301656619734,0.945,0.9955438777654018
ewma_Gaussian,1936,1.0,0.9414634283198382,0.935,0.99403701832235
ewma_Gaussian,1937,1.0,0.9415091789576926,0.955,0.9952732816409662
ewma_Gaussian,1938,1.0,0.9411843027552967,0.95,0.9938619387143924
ewma_Gaussian,1939,1.0,0.9410033655728707,0.96,0.9931881770969477
ewma_Gaussian,1940,1.0,0.9410556788969333,0.925,0.9927799216139617
ewma_Gaussian,1941,1.0,0.9422379451335179,0.93,0.9981839558943655
ewma_Gaussian,1942,1.0,0.9431307476302535,0.93,0.9999286675341236
ewma_Gaussian,1943,1.0,0.9448668255166968,0.915,1.0036920887105232
ewma_Gaussian,1944,1.0,0.945532189128927,0.945,1.0057628824948097
ewma_Gaussian,1945,1.0,0.9452536245895942,0.99,1.0045450614640221
ewma_Gaussian,1946,1.0,0.9441220821937766,0.93,0.9998083197564014
ewma_Gaussian,1947,1.0,0.9454203197619503,0.905,1.0032833610686804
ewma_Gaussian,1948,1.0,0.9464490398072429,0.92,1.0103579242387106
ewma_Gaussian,1949,1.0,0.9459134530372664,0.97,1.0108101162758245
ewma_Gaussian,1950,1.0,0.9454620538252075,0.95,1.0081965561133361
ewma_Gaussian,1951,1.0,0.9448142262510859,0.94,1.004317085134152
ewma_Gaussian,1952,1.0,0.9446333867111913,0.935,1.003835286185919
ewma_Gaussian,1953,1.0,0.9453026200303097,0.935,1.0062268765302256
ewma_Gaussian,1954,1.0,0.9453946851252826,0.915,1.007156814835284
ewma_Gaussian,1955,1.0,0.9458226847427036,0.96,1.0081408397120735
ewma_Gaussian,1956,1.0,0.9450171645096114,0.96,1.0063997789253107
ewma_Gaussian,1957,1.0,0.944827981539122,0.925,1.0069249497714212
ewma_Gaussian,1958,1.0,0.9446613299517185,0.95,1.0065835803869132
ewma_Gaussian,1959,1.0,0.9445904856686874,0.955,1.0051722876522584
ewma_Gaussian,1960,1.0,0.9445640317957313,0.94,1.0078893964245719
ewma_Gaussian,1961,1.0,0.94522138027525,0.96,1.0102930324011345
ewma_Gaussian,1962,1.0,0.9445078652069253,0.955,1.0060899228723752
ewma_Gaussian,1963,1.0,0.9439766432088338,0.915,1.0032366384327596
ewma_Gaussian,1964,1.0,0.9446428658083923,0.945,1.0045051598590706
ewma_Gaussian,1965,1.0,0.9446237989925902,0.93,1.005347826005428
ewma_Gaussian,1966,1.0,0.9447050989850518,0.92,1.0052374137946218
ewma_Gaussian,1967,1.0,0.9448594345316866,0.945,1.0061796356155326
ewma_Gaussian,1968,1.0,0.944605991727473,0.965,1.0070986271525209
ewma_Gaussian,1969,1.0,0.9439730939578241,0.965,1.0036124794070738
ewma_Gaussian,1970,1.0,0.9436686307275722,0.925,1.0013669626344486
ewma_Gaussian,1971,1.0,0.9435164557928224,0.96,1.002796656464153
ewma_Gaussian,1972,1.0,0.9427916872321611,0.965,0.998149229025866
ewma_Gaussian,1973,1.0,0.942537140530894,0.93,0.996014295233628
ewma_Gaussian,1974,1.0,0.9434363637239755,0.945,0.9997324602925463
ewma_Gaussian,1975,1.0,0.9439121944108796,0.96,1.0016078998252906
ewma_Gaussian,1976,1.0,0.9428898327016119,0.945,0.9975900957596011
ewma_Gaussian,1977,1.0,0.9422009533392695,0.935,0.9940719675670633
ewma_Gaussian,1978,1.0,0.9419693462172083,0.95,0.992647730420268
ewma_Gaussian,1979,1.0,0.9415199451643196,0.975,0.9911121545815516
ewma_Gaussian,1980,1.0,0.940212088129079,0.92,0.9849867956161275
ewma_Gaussian,1981,1.0,0.940056745908884,0.93,0.9849342150950389
ewma_Gaussian,1982,1.0,0.9395510340675892,0.98,0.9819634876605791
ewma_Gaussian,1983,1.0,0.9384715907755193,0.975,0.9790524897831233
ewma_Gaussian,1984,1.0,0.9368740288337658,0.905,0.9744202243834142
ewma_Gaussian,1985,1.0,0.9366737888993883,0.945,0.9734163857027867
ewma_Gaussian,1986,1.0,0.9360543469152021,0.955,0.9702593050096562
ewma_Gaussian,1987,1.0,0.9358934733115646,0.945,0.9688327009811374
ewma_Gaussian,1988,1.0,0.9365700297280584,0.925,0.973121593929707
ewma_Gaussian,1989,1.0,0.9369429200810424,0.935,0.9772042121798096
ewma_Gaussian,1990,1.0,0.9378482265394794,0.95,0.9787890590484661
ewma_Gaussian,1991,1.0,0.9387216529999733,0.94,0.9829274471185194
ewma_Gaussian,1992,1.0,0.9384352369013071,0.94,0.9840630320373276
ewma_Gaussian,1993,1.0,0.9383083855801806,0.95,0.9823631316710646
ewma_Gaussian,1994,1.0,0.9385461551084595,0.92,0.9824495232099336
ewma_Gaussian,1995,1.0,0.9397836548963605,0.93,0.9855836652798482
ewma_Gaussian,1996,1.0,0.941297564200393,0.935,0.9876882575114722
ewma_Gaussian,1997,1.0,0.9398603799074462,0.955,0.9846238337809123
ewma_Gaussian,1998,1.0,0.9385847349492572,0.95,0.9793410877827138
ewma_Gaussian,1999,1.0,0.939269688542679,0.95,0.9810556529798652
ewma_Gaussian,2000,1.0,0.9399957337184742,0.935,0.9842103081723869
ewma_Gaussian,2001,1.0,0.9406106717005034,0.93,0.9867036513561986
ewma_Gaussian,2002,1.0,0.9407594499354437,0.955,0.9864867077328927
ewma_Gaussian,2003,1.0,0.941322787459184,0.91,0.987142761268121
ewma_Gaussian,2004,1.0,0.9422717368856826,0.93,0.9926763718910404
ewma_Gaussian,2005,1.0,0.9431150579546257,0.945,0.9951614394774344
ewma_Gaussian,2006,1.0,0.9421048464983366,0.95,0.9916585024530221
ewma_Gaussian,2007,1.0,0.9418101969818852,0.945,0.9900289285399433
ewma_Gaussian,2008,1.0,0.9411483569943379,0.945,0.9891159380633261
ewma_Gaussian,2009,1.0,0.9409401674379189,0.935,0.9879715507852431
ewma_Gaussian,2010,1.0,0.9413533653500812,0.945,0.9887215805154917
ewma_Gaussian,2011,1.0,0.9408765760973483,0.96,0.9864107041818165
ewma_Gaussian,2012,1.0,0.940988517656713,0.94,0.9874968133178619
ewma_Gaussian,2013,1.0,0.9413367992357271,0.95,0.9889540221985657
ewma_Gaussian,2014,1.0,0.941535647478224,0.925,0.9889619628580771
ewma_Gaussian,2015,1.0,0.9424217231893786,0.965,0.9920351480025382
ewma_Gaussian,2016,1.0,0.9418505194674823,0.92,0.9897267083361028
ewma_Gaussian,2017,1.0,0.9430154629158118,0.925,0.9941286860015071
ewma_Gaussian,2018,1.0,0.9436045518659196,0.945,0.9952591854091346
ewma_Gaussian,2019,1.0,0.9431225698606847,0.925,0.9946130618950204
ewma_Gaussian,2020,1.0,0.9432005311460432,0.93,0.9954165634672059
ewma_Gaussian,2021,1.0,0.9428910005547954,0.975,0.9956822922280202
ewma_Gaussian,2022,1.0,0.9424422499778443,0.955,0.992840174362069
ewma_Gaussian,2023,1.0,0.941464793148821,0.945,0.993411747841057
ewma_Gaussian,2024,1.0,0.9416766456185277,0.94,0.9934763644031835
ewma_Gaussian,2025,1.0,0.9418249337234323,0.955,0.9937637024038258
ewma_Gaussian,2026,1.0,0.9411770502113055,0.925,0.9906208804528854
ewma_Gaussian,2027,1.0,0.9419822284026005,0.925,0.9923480221330669
ewma_Gaussian,2028,1.0,0.9423299731782615,0.945,0.9935635901040183
ewma_Gaussian,2029,1.0,0.9424837776504604,0.95,0.9935354817743516
ewma_Gaussian,2030,1.0,0.9419168087416548,0.9,0.9927502688460472
ewma_Gaussian,2031,1.0,0.9432653158665267,0.935,1.0000043030854857
ewma_Gaussian,2032,1.0,0.9435157159396222,0.945,0.9997476140813037
ewma_Gaussian,2033,1.0,0.9434629257927297,0.95,0.99828818698806
ewma_Gaussian,2034,1.0,0.9429874151576095,0.945,0.9972445042558321
ewma_Gaussian,2035,1.0,0.9426343864330985,0.96,0.996140464859711
ewma_Gaussian,2036,1.0,0.9429490242065163,0.985,0.9973379447823987
ewma_Gaussian,2037,1.0,0.9414353298797187,0.935,0.9900068368725458
ewma_Gaussian,2038,1.0,0.9417715766731237,0.93,0.9925684593459865
ewma_Gaussian,2039,1.0,0.9416417405520806,0.945,0.9908730714271541
ewma_Gaussian,2040,1.0,0.9410757718131905,0.925,0.9891738896748994
ewma_Gaussian,2041,1.0,0.9418100868782037,0.95,0.9915870115661021
ewma_Gaussian,2042,1.0,0.9418206152364225,0.955,0.9919491276114211
ewma_Gaussian,2043,1.0,0.9420753261689597,0.955,0.9949489072906875
ewma_Gaussian,2044,1.0,0.9419621877791338,0.95,0.99382755172666
ewma_Gaussian,2045,1.0,0.9422729077334847,0.95,0.9954599280753641
ewma_Gaussian,2046,1.0,0.9411035901902253,0.96,0.9905960490166257
ewma_Gaussian,2047,1.0,0.940818856737227,0.96,0.9881818582379401
ewma_Gaussian,2048,1.0,0.941082184666326,0.915,0.9897987344169584
ewma_Gaussian,2049,1.0,0.9423187659703492,0.97,0.9943633030138835
ewma_Gaussian,2050,1.0,0.9412071268859451,0.94,0.9895410608181501
ewma_Gaussian,2051,1.0,0.9415000260570863,0.945,0.9911285995837497
ewma_Gaussian,2052,1.0,0.9404435987808364,0.94,0.9894459097992305
ewma_Gaussian,2053,1.0,0.9404474049690364,0.985,0.9898832373208368
ewma_Gaussian,2054,1.0,0.938505894908331,0.96,0.9816508733857109
ewma_Gaussian,2055,1.0,0.938558327163974,0.935,0.980637750725036
ewma_Gaussian,2056,1.0,0.9386153354278748,0.96,0.9816466965156221
ewma_Gaussian,2057,1.0,0.9385451028850338,0.945,0.9812408592604299
ewma_Gaussian,2058,1.0,0.9386400646962809,0.92,0.9802475686751775
ewma_Gaussian,2059,1.0,0.9392609797235696,0.97,0.9832831602318001
ewma_Gaussian,2060,1.0,0.93957921171718,0.925,0.9830187208000339
ewma_Gaussian,2061,1.0,0.9402365869806099,0.94,0.9871556646242142
ewma_Gaussian,2062,1.0,0.9404974101029154,0.925,0.9879223167168721
ewma_Gaussian,2063,1.0,0.9407025669088617,0.945,0.9902847548016643
ewma_Gaussian,2064,1.0,0.9411784260612396,0.95,0.9918342493134847
ewma_Gaussian,2065,1.0,0.9408558112874416,0.925,0.9910802226962732
ewma_Gaussian,2066,1.0,0.9419546743717515,0.965,0.9949248756015541
ewma_Gaussian,2067,1.0,0.9407550937769684,0.95,0.9909004695949298
ewma_Gaussian,2068,1.0,0.9408658220474097,0.955,0.9923256069478532
ewma_Gaussian,2069,1.0,0.9403720821028179,0.935,0.9911994244654061
ewma_Gaussian,2070,1.0,0.9403797436741749,0.92,0.9899763391867771
ewma_Gaussian,2071,1.0,0.9407859673414248,0.935,0.9933532792965323
ewma_Gaussian,2072,1.0,0.9406962817022102,0.94,0.9932120874503318
ewma_Gaussian,2073,1.0,0.9409426071028733,0.96,0.9924652962261331
ewma_Gaussian,2074,1.0,0.9399028652566741,0.935,0.986982326713499
ewma_Gaussian,2075,1.0,0.9396956535779606,0.96,0.9862658561269925
ewma_Gaussian,2076,1.0,0.9399111741277831,0.965,0.9851431760709324
ewma_Gaussian,2077,1.0,0.9395198051937927,0.95,0.983189444365508
ewma_Gaussian,2078,1.0,0.9390377630759861,0.94,0.978817412677228
ewma_Gaussian,2079,1.0,0.938261410135587,0.925,0.9775420207693366
ewma_Gaussian,2080,1.0,0.9393203464109087,0.95,0.9785800595848666
ewma_Gaussian,2081,1.0,0.9384981099409592,0.96,0.9761641768812416
ewma_Gaussian,2082,1.0,0.9379226094988357,0.975,0.9750943661792015
ewma_Gaussian,2083,1.0,0.9368027816167408,0.905,0.971034522637778
ewma_Gaussian,2084,1.0,0.9373949891422529,0.935,0.9754017340956157
ewma_Gaussian,2085,1.0,0.9375842455764372,0.95,0.9769227385171908
ewma_Gaussian,2086,1.0,0.9381999630008844,0.98,0.977207534431284
ewma_Gaussian,2087,1.0,0.936836173731605,0.94,0.973395673676073
ewma_Gaussian,2088,1.0,0.9367012512726686,0.895,0.9747294027306143
ewma_Gaussian,2089,1.0,0.937801216007682,0.935,0.9808467993052707
ewma_Gaussian,2090,1.0,0.9383375403403476,0.925,0.9845480572845718
ewma_Gaussian,2091,1.0,0.9396898400189193,0.96,0.9879537283231522
ewma_Gaussian,2092,1.0,0.9391568720742468,0.925,0.9851258782052761
ewma_Gaussian,2093,1.0,0.940176872695534,0.97,0.9861469164583078
ewma_Gaussian,2094,1.0,0.9388320286434332,0.935,0.9805888697432575
ewma_Gaussian,2095,1.0,0.9384206118681797,0.94,0.9782241251269564
ewma_Gaussian,2096,1.0,0.9391051233850594,0.92,0.9800030212459255
ewma_Gaussian,2097,1.0,0.9398867235356623,0.92,0.983741703031495
ewma_Gaussian,2098,1.0,0.9407395877506463,0.945,0.987756362624875
ewma_Gaussian,2099,1.0,0.940494744611342,0.945,0.9866773491649913
ewma_Gaussian,2100,1.0,0.9406452851822631,0.92,0.9857974107977161
ewma_Gaussian,2101,1.0,0.9420866694329207,0.93,0.991911114478105
ewma_Gaussian,2102,1.0,0.942621389645652,0.935,0.9947456811146543
ewma_Gaussian,2103,1.0,0.9424669074671038,0.935,0.9929202009739575
ewma_Gaussian,2104,1.0,0.9427425262326259,0.945,0.9956446752732859
ewma_Gaussian,2105,1.0,0.9421305444597685,0.955,0.9935578896294452
ewma_Gaussian,2106,1.0,0.941317148817691,0.94,0.9895346238240282
ewma_Gaussian,2107,1.0,0.9414048581898777,0.95,0.9896711575239123
ewma_Gaussian,2108,1.0,0.9405900637163728,0.935,0.9873678126131771
ewma_Gaussian,2109,1.0,0.941195285925225,0.975,0.9907225976965406
ewma_Gaussian,2110,1.0,0.9401693257157003,0.945,0.9858128953039366
ewma_Gaussian,2111,1.0,0.9400109115658083,0.95,0.9860553711983334
ewma_Gaussian,2112,1.0,0.9400325266604032,0.955,0.9857590510355365
ewma_Gaussian,2113,1.0,0.9397851631397123,0.93,0.9844596364658662
ewma_Gaussian,2114,1.0,0.9407529390715541,0.935,0.9872294214614175
ewma_Gaussian,2115,1.0,0.941065120877306,0.945,0.9880663738222553
ewma_Gaussian,2116,1.0,0.9422802811423603,0.955,0.9915095511869866
ewma_Gaussian,2117,1.0,0.9423241943991093,0.93,0.9922306132992008
ewma_Gaussian,2118,1.0,0.942586266425826,0.945,0.9941868679747785
ewma_Gaussian,2119,1.0,0.9418132429263874,0.945,0.9919053531491582
ewma_Gaussian,2120,1.0,0.9412468905216557,0.93,0.9906760023322206
ewma_Gaussian,2121,1.0,0.9417627388079254,0.935,0.9924759878427274
ewma_Gaussian,2122,1.0,0.9414655672215099,0.97,0.9916941370044302
ewma_Gaussian,2123,1.0,0.940313466187085,0.925,0.9864444941747762
ewma_Gaussian,2124,1.0,0.9397734831080963,0.92,0.9838249389787973
ewma_Gaussian,2125,1.0,0.9403608885416912,0.915,0.9867275553464316
ewma_Gaussian,2126,1.0,0.9400382950631199,0.965,0.9867590285796156
ewma_Gaussian,2127,1.0,0.9392514696382495,0.95,0.9828677447817086
ewma_Gaussian,2128,1.0,0.9387289086676099,0.945,0.981356039588865
ewma_Gaussian,2129,1.0,0.9385826506877328,0.925,0.9810476272217684
ewma_Gaussian,2130,1.0,0.9401074027519616,0.935,0.9843414371702564
ewma_Gaussian,2131,1.0,0.9407604575772658,0.96,0.9859764505061749
ewma_Gaussian,2132,1.0,0.940183609624456,0.945,0.9840258038867623
ewma_Gaussian,2133,1.0,0.9396228318792785,0.935,0.9841971481822374
ewma_Gaussian,2134,1.0,0.9397744985035359,0.955,0.9846653588568413
ewma_Gaussian,2135,1.0,0.9395651646532736,0.945,0.9833691377109599
ewma_Gaussian,2136,1.0,0.9386242793654337,0.92,0.9786423362218977
ewma_Gaussian,2137,1.0,0.9399117123376604,0.94,0.9826779274159776
ewma_Gaussian,2138,1.0,0.9401576777799283,0.955,0.98427867921377
ewma_Gaussian,2139,1.0,0.939796080866119,0.93,0.983219394879018
ewma_Gaussian,2140,1.0,0.9404123110892477,0.945,0.9853102833510419
ewma_Gaussian,2141,1.0,0.9399164397288774,0.96,0.9835322757707011
ewma_Gaussian,2142,1.0,0.9391469685495392,0.955,0.9809149276781468
ewma_Gaussian,2143,1.0,0.9385405549314223,0.935,0.9797353840530354
ewma_Gaussian,2144,1.0,0.9386600101489219,0.95,0.9816279092281472
ewma_Gaussian,2145,1.0,0.9384295297208783,0.96,0.9810114580092708
ewma_Gaussian,2146,1.0,0.938293647619526,0.935,0.9791980312063362
ewma_Gaussian,2147,1.0,0.9398054522052622,0.93,0.9844351114403895
ewma_Gaussian,2148,1.0,0.9399289444835809,0.95,0.985107980798919
ewma_Gaussian,2149,1.0,0.939897816068812,0.94,0.9833056559707194
ewma_Gaussian,2150,1.0,0.9406320294624442,0.955,0.9857239249331374
ewma_Gaussian,2151,1.0,0.9399737338508655,0.935,0.9825592796241923
ewma_Gaussian,2152,1.0,0.9410943945075677,0.955,0.9860159483469192
ewma_Gaussian,2153,1.0,0.9418730208348411,0.935,0.9886585125125563
ewma_Gaussian,2154,1.0,0.9417194383396253,0.95,0.9901992365728625
ewma_Gaussian,2155,1.0,0.9410144989769981,0.935,0.987230549901806
ewma_Gaussian,2156,1.0,0.9400166420461108,0.925,0.9843217812952199
ewma_Gaussian,2157,1.0,0.9400518735616338,0.96,0.9848584071716795
ewma_Gaussian,2158,1.0,0.9400781681270268,0.965,0.983091187879277
ewma_Gaussian,2159,1.0,0.9390980479759046,0.945,0.9783240846794365
ewma_Gaussian,2160,1.0,0.9386419996420523,0.965,0.9793887037535319
ewma_Gaussian,2161,1.0,0.9375127628298668,0.935,0.9754590266350931
ewma_Gaussian,2162,1.0,0.9377391110872719,0.92,0.9769057105710374
ewma_Gaussian,2163,1.0,0.9384039925329617,0.93,0.9783472381043539
ewma_Gaussian,2164,1.0,0.9394742259849997,0.93,0.9819357613678886
ewma_Gaussian,2165,1.0,0.940000026688407,0.945,0.9838198970879154
ewma_Gaussian,2166,1.0,0.9396961949476952,0.935,0.9828186081633965
ewma_Gaussian,2167,1.0,0.9395959471701271,0.955,0.9826678614230836
ewma_Gaussian,2168,1.0,0.9390013413530156,0.935,0.9826225077400594
ewma_Gaussian,2169,1.0,0.9399105768080431,0.96,0.9847317813980968
ewma_Gaussian,2170,1.0,0.939669090871571,0.965,0.9834608877468933
ewma_Gaussian,2171,1.0,0.9390918981466345,0.94,0.9804783427892013
ewma_Gaussian,2172,1.0,0.9378271642310694,0.955,0.9771483170463702
ewma_Gaussian,2173,1.0,0.9365634444666759,0.94,0.9732500153934354
ewma_Gaussian,2174,1.0,0.9368889543629686,0.955,0.9750853855868385
ewma_Gaussian,2175,1.0,0.936364849957279,0.94,0.972534813704481
ewma_Gaussian,2176,1.0,0.9363903875292559,0.93,0.9723928293972242
ewma_Gaussian,2177,1.0,0.9363834226049457,0.92,0.9717382616793538
ewma_Gaussian,2178,1.0,0.9371572459076921,0.915,0.9736938515527319
ewma_Gaussian,2179,1.0,0.93895426943757,0.95,0.9797128599047434
ewma_Gaussian,2180,1.0,0.9384098668521605,0.9,0.9785780095579617
ewma_Gaussian,2181,1.0,0.9400629068716687,0.925,0.9876696313973667
ewma_Gaussian,2182,1.0,0.9409778360489649,0.94,0.9930568359876326
ewma_Gaussian,2183,1.0,0.9411482762181166,0.935,0.9924170331045142
ewma_Gaussian,2184,1.0,0.940858132640449,0.94,0.9948266098937322
ewma_Gaussian,2185,1.0,0.9417127070142491,0.935,0.9962106842104238
ewma_Gaussian,2186,1.0,0.941891732019046,0.95,0.9967690462597001
ewma_Gaussian,2187,1.0,0.9419293308680912,0.945,0.9953128178684199
ewma_Gaussian,2188,1.0,0.9422156268182199,0.945,0.9957326724173606
ewma_Gaussian,2189,1.0,0.9416696728217222,0.925,0.9941345903259114
ewma_Gaussian,2190,1.0,0.9407054803789943,0.935,0.99080792445772
ewma_Gaussian,2191,1.0,0.9410443483115114,0.945,0.9919854422901432
ewma_Gaussian,2192,1.0,0.9410872493477355,0.975,0.9917026894579283
ewma_Gaussian,2193,1.0,0.9394961758151542,0.945,0.9853552753806935
ewma_Gaussian,2194,1.0,0.9395881489650293,0.96,0.9857209330682486
ewma_Gaussian,2195,1.0,0.9386170994518005,0.93,0.9827684566385395
ewma_Gaussian,2196,1.0,0.9392849266693096,0.935,0.9837566931813444
ewma_Gaussian,2197,1.0,0.9397464208656245,0.975,0.9858421198368026
ewma_Gaussian,2198,1.0,0.9389948446787361,0.94,0.9833052248605603
ewma_Gaussian,2199,1.0,0.9398685249617202,0.89,0.9876243312221871
ewma_Gaussian,2200,1.0,0.9416118222032648,0.935,0.994740601911098
ewma_Gaussian,2201,1.0,0.9427724609568807,0.95,0.9985818110817938
ewma_Gaussian,2202,1.0,0.9418739735632853,0.935,0.9952556587704072
ewma_Gaussian,2203,1.0,0.9419904581732843,0.96,0.9949724027908426
ewma_Gaussian,2204,1.0,0.9414045985280152,0.92,0.992926558129326
ewma_Gaussian,2205,1.0,0.9422349071568784,0.95,0.9944122261945262
ewma_Gaussian,2206,1.0,0.9422402098800362,0.94,0.9941943204655104
ewma_Gaussian,2207,1.0,0.9421321758544464,0.945,0.9945998164159912
ewma_Gaussian,2208,1.0,0.9419084577635585,0.96,0.9955852440992868
ewma_Gaussian,2209,1.0,0.9416597099875438,0.945,0.9945059582395729
ewma_Gaussian,2210,1.0,0.9414093111122085,0.94,0.9925785706686031
ewma_Gaussian,2211,1.0,0.9424196665582167,0.935,0.9973205351272031
ewma_Gaussian,2212,1.0,0.9420867828358678,0.955,0.9955447933610084
ewma_Gaussian,2213,1.0,0.9415024629977055,0.91,0.9943177954114727
ewma_Gaussian,2214,1.0,0.9413490523763167,0.965,0.9933236111442117
ewma_Gaussian,2215,1.0,0.9405156701540954,0.955,0.9901301570495329
ewma_Gaussian,2216,1.0,0.9403871113425839,0.965,0.9912872406027516
ewma_Gaussian,2217,1.0,0.9394772350333876,0.96,0.9866101683806108
ewma_Gaussian,2218,1.0,0.9394311231215815,0.945,0.986429509332763
ewma_Gaussian,2219,1.0,0.9400544123935538,0.94,0.9882711421027538
ewma_Gaussian,2220,1.0,0.9398059037929367,0.935,0.9882480110905522
ewma_Gaussian,2221,1.0,0.9408467904189821,0.905,0.9912186635509873
ewma_Gaussian,2222,1.0,0.9421507289868096,0.95,0.9979873932163017
ewma_Gaussian,2223,1.0,0.9414882437723492,0.955,0.9935878280081166
ewma_Gaussian,2224,1.0,0.9416911186294037,0.945,0.9938613349447486
ewma_Gaussian,2225,1.0,0.9414788242947406,0.96,0.9923612496857024
ewma_Gaussian,2226,1.0,0.9417003220453068,0.935,0.9927438980312894
ewma_Gaussian,2227,1.0,0.9419458550598543,0.945,0.9933628690356769
ewma_Gaussian,2228,1.0,0.9410601342682345,0.915,0.9888172831170522
ewma_Gaussian,2229,1.0,0.9413067222844269,0.94,0.9902598204891764
ewma_Gaussian,2230,1.0,0.9407672825523477,0.94,0.991418315122617
ewma_Gaussian,2231,1.0,0.9412045983027205,0.935,0.9926822908434064
ewma_Gaussian,2232,1.0,0.9419631646905706,0.925,0.9949946848049231
ewma_Gaussian,2233,1.0,0.942561546310315,0.895,0.9977706545038223
ewma_Gaussian,2234,1.0,0.9438792452589436,0.95,1.0040362534640226
ewma_Gaussian,2235,1.0,0.9441508692403293,0.98,1.0037818872196638
ewma_Gaussian,2236,1.0,0.943141213914393,0.93,0.999510257825715
ewma_Gaussian,2237,1.0,0.9446512322990417,0.925,1.0048147145660755
ewma_Gaussian,2238,1.0,0.9445077846973275,0.955,1.005790110982369
ewma_Gaussian,2239,1.0,0.9446684230492468,0.955,1.005419507842785
ewma_Gaussian,2240,1.0,0.9443649110636717,0.95,1.003935888970201
ewma_Gaussian,2241,1.0,0.9435833269558561,0.95,0.999766905548251
ewma_Gaussian,2242,1.0,0.9434325183728411,0.91,0.9993305813814398
ewma_Gaussian,2243,1.0,0.94510147820707,0.95,1.004577400318717
ewma_Gaussian,2244,1.0,0.944426327175257,0.94,1.0014570281327888
ewma_Gaussian,2245,1.0,0.9450444005328368,0.945,1.006492033571389
ewma_Gaussian,2246,1.0,0.9451740908020433,0.96,1.0052438900927183
ewma_Gaussian,2247,1.0,0.9451942407479202,0.96,1.004093561896102
ewma_Gaussian,2248,1.0,0.945158495380623,0.97,1.0049619100234355
ewma_Gaussian,2249,1.0,0.9443766613901426,0.945,1.0028949795400832
ewma_Gaussian,2250,1.0,0.944083759440596,0.945,1.0009117945055592
ewma_Gaussian,2251,1.0,0.9444026904033948,0.945,1.0015640526747378
ewma_Gaussian,2252,1.0,0.9435244060132858,0.915,0.9987401981788001
ewma_Gaussian,2253,1.0,0.9442873961078146,0.945,1.0021475842210443
ewma_Gaussian,2254,1.0,0.9447324710916161,0.955,1.0030972396838194
ewma_Gaussian,2255,1.0,0.9444042185951091,0.915,1.0042147482666868
ewma_Gaussian,2256,1.0,0.945587408488957,0.93,1.0107804126368898
ewma_Gaussian,2257,1.0,0.9450406685265701,0.945,1.0094772166526769
ewma_Gaussian,2258,1.0,0.9454460928355573,0.955,1.010690834086066
ewma_Gaussian,2259,1.0,0.9451766483684182,0.96,1.010170561093794
ewma_Gaussian,2260,1.0,0.9449006350110557,0.95,1.0078476688709626
ewma_Gaussian,2261,1.0,0.9447710476411865,0.955,1.007838038531963
ewma_Gaussian,2262,1.0,0.9447133672594833,0.92,1.0078451749021118
ewma_Gaussian,2263,1.0,0.9453724333827824,0.94,1.008945445832983
ewma_Gaussian,2264,1.0,0.9452286738626364,0.935,1.0083250018776355
ewma_Gaussian,2265,1.0,0.9457127070677065,0.905,1.008988152582686
ewma_Gaussian,2266,1.0,0.9471736211618427,0.96,1.0188727094621777
ewma_Gaussian,2267,1.0,0.9464472525567252,0.94,1.0143893069144594
ewma_Gaussian,2268,1.0,0.9462644181988167,0.945,1.013791164392071
ewma_Gaussian,2269,1.0,0.9455384067402156,0.945,1.012755243512426
ewma_Gaussian,2270,1.0,0.9445869980322431,0.955,1.0105136735116738
ewma_Gaussian,2271,1.0,0.9440685536851556,0.935,1.0078990999636248
ewma_Gaussian,2272,1.0,0.9439801703766655,0.955,1.0070103868566482
ewma_Gaussian,2273,1.0,0.9430989246375188,0.925,1.0030205320096588
ewma_Gaussian,2274,1.0,0.9431280702226299,0.95,1.003992158969165
ewma_Gaussian,2275,1.0,0.9436369198279643,0.94,1.0032332128270935
ewma_Gaussian,2276,1.0,0.9439607551111179,0.925,1.004997975455867
ewma_Gaussian,2277,1.0,0.9449093607114314,0.955,1.008388605951068
ewma_Gaussian,2278,1.0,0.9447911444080452,0.92,1.0053677901023155
ewma_Gaussian,2279,1.0,0.945292759990263,0.97,1.0060030439611887
ewma_Gaussian,2280,1.0,0.9452829172873255,0.95,1.00341323574933
ewma_Gaussian,2281,1.0,0.9444428358348275,0.935,1.0009689387404432
ewma_Gaussian,2282,1.0,0.9445945933676805,0.925,0.9996142300115222
ewma_Gaussian,2283,1.0,0.9447683984864806,0.925,1.0000938203885368
ewma_Gaussian,2284,1.0,0.9447508853769994,0.94,1.000000988968808
ewma_Gaussian,2285,1.0,0.9440435852059008,0.955,0.9990068626858979
ewma_Gaussian,2286,1.0,0.9432997047699068,0.94,0.9953636276947034
ewma_Gaussian,2287,1.0,0.9430926746480358,0.965,0.9955194079871736
ewma_Gaussian,2288,1.0,0.9429465143916138,0.94,0.9930698430249164
ewma_Gaussian,2289,1.0,0.9429945271900385,0.93,0.993467511009288
ewma_Gaussian,2290,1.0,0.9432752201276733,0.96,0.996313494922587
ewma_Gaussian,2291,1.0,0.9423926139612115,0.96,0.9928092773986049
ewma_Gaussian,2292,1.0,0.9412293570422813,0.93,0.9876860562791023
ewma_Gaussian,2293,1.0,0.9421986065796553,0.955,0.9919590532956742
ewma_Gaussian,2294,1.0,0.9426193325417791,0.94,0.9941654837637678
ewma_Gaussian,2295,1.0,0.9421969246689335,0.925,0.9925709242154248
ewma_Gaussian,2296,1.0,0.9423363152518067,0.945,0.9931725378100427
ewma_Gaussian,2297,1.0,0.9421953290906996,0.945,0.992208009644053
ewma_Gaussian,2298,1.0,0.9417267245391989,0.97,0.9908464225601503
ewma_Gaussian,2299,1.0,0.9408008901435548,0.965,0.9860610230653524
ewma_Gaussian,2300,1.0,0.9390810346322573,0.915,0.9800645134195466
ewma_Gaussian,2301,1.0,0.9398835837280467,0.915,0.9823076623493563
ewma_Gaussian,2302,1.0,0.9413490108959961,0.955,0.9884126666633338
ewma_Gaussian,2303,1.0,0.9411225814818087,0.93,0.9871916401557786
ewma_Gaussian,2304,1.0,0.941701343729547,0.95,0.991330078334655
ewma_Gaussian,2305,1.0,0.9422340440225659,0.95,0.9929090243762153
ewma_Gaussian,2306,1.0,0.9421063719033453,0.94,0.9925468839710367
ewma_Gaussian,2307,1.0,0.9416575240147711,0.915,0.9899021709576215
ewma_Gaussian,2308,1.0,0.942760443544674,0.93,0.9946490251008722
ewma_Gaussian,2309,1.0,0.9428729290475613,0.93,0.9950189688620508
ewma_Gaussian,2310,1.0,0.9434482353231702,0.945,0.9964442647948811
ewma_Gaussian,2311,1.0,0.9426116625327219,0.95,0.9938511487237247
ewma_Gaussian,2312,1.0,0.9427622160859519,0.98,0.9945898024106978
ewma_Gaussian,2313,1.0,0.9419725494313468,0.955,0.9918118502249565
ewma_Gaussian,2314,1.0,0.9413060551026103,0.97,0.9900359675003692
ewma_Gaussian,2315,1.0,0.9408452248177989,0.925,0.9873144812942697
ewma_Gaussian,2316,1.0,0.9411366874345913,0.98,0.9878832439891014
ewma_Gaussian,2317,1.0,0.9400476852070486,0.94,0.9825011789047872
ewma_Gaussian,2318,1.0,0.9402107719492281,0.94,0.9836080942923925
ewma_Gaussian,2319,1.0,0.9396425934788307,0.93,0.9828247612797886
ewma_Gaussian,2320,1.0,0.9397942315045611,0.925,0.9835823808368209
ewma_Gaussian,2321,1.0,0.9399733133602652,0.95,0.9850887529402059
ewma_Gaussian,2322,1.0,0.9399840775633508,0.915,0.9857439299001125
ewma_Gaussian,2323,1.0,0.9415400872469472,0.955,0.9911842740669009
ewma_Gaussian,2324,1.0,0.9412382946616823,0.9,0.9896569727327952
ewma_Gaussian,2325,1.0,0.9434025726575653,0.94,1.000206097724395
ewma_Gaussian,2326,1.0,0.9435904953150096,0.93,1.000899443545118
ewma_Gaussian,2327,1.0,0.9437096728872291,0.955,1.0015946642582647
ewma_Gaussian,2328,1.0,0.9429376625079416,0.95,0.9977399239238954
ewma_Gaussian,2329,1.0,0.9431109771858136,0.94,0.9963208776809241
ewma_Gaussian,2330,1.0,0.9436164286279423,0.955,0.9985200296263287
ewma_Gaussian,2331,1.0,0.9433682475388738,0.95,0.9959866325782128
ewma_Gaussian,2332,1.0,0.9431476299849118,0.96,0.9955141717736575
ewma_Gaussian,2333,1.0,0.9428950976760055,0.955,0.9925584945599166
ewma_Gaussian,2334,1.0,0.9434412041947877,0.93,0.9943301057817381
ewma_Gaussian,2335,1.0,0.944034916329759,0.96,0.9976483410459213
ewma_Gaussian,2336,1.0,0.942676334681735,0.965,0.9922148146036034
ewma_Gaussian,2337,1.0,0.9414875302535887,0.94,0.9872341784100154
ewma_Gaussian,2338,1.0,0.941851052329664,0.945,0.9887995006051932
ewma_Gaussian,2339,1.0,0.9417758103203195,0.955,0.9888303760594042
ewma_Gaussian,2340,1.0,0.9400315335672067,0.94,0.9835585398892903
ewma_Gaussian,2341,1.0,0.9402230864345532,0.925,0.9842205188493832
ewma_Gaussian,2342,1.0,0.9410808632839696,0.93,0.9885552959992866
ewma_Gaussian,2343,1.0,0.9412443833782675,0.97,0.9897347885730141
ewma_Gaussian,2344,1.0,0.9403773934919901,0.95,0.987323188023567
ewma_Gaussian,2345,1.0,0.9415455537046162,0.925,0.9917167434504368
ewma_Gaussian,2346,1.0,0.9421311080117831,0.93,0.9952323511223818
ewma_Gaussian,2347,1.0,0.9428179125673549,0.955,0.9964449949721206
ewma_Gaussian,2348,1.0,0.9433982318584532,0.94,0.9973523573836645
ewma_Gaussian,2349,1.0,0.9428855214519573,0.935,0.9948757183426926
ewma_Gaussian,2350,1.0,0.942905501210281,0.935,0.9940462916063956
ewma_Gaussian,2351,1.0,0.9443137735463633,0.94,0.9989507809598244
ewma_Gaussian,2352,1.0,0.9440977736645084,0.935,0.9992190177949232
ewma_Gaussian,2353,1.0,0.944527128099023,0.955,1.0010371104547935
ewma_Gaussian,2354,1.0,0.9445053049446048,0.91,1.0008363079983364
ewma_Gaussian,2355,1.0,0.9455361271619297,0.96,1.0049396122099212
ewma_Gaussian,2356,1.0,0.9453516129771566,0.96,1.0048599704408587
ewma_Gaussian,2357,1.0,0.944852135432887,0.945,1.0037567298440577
ewma_Gaussian,2358,1.0,0.9451246840241408,0.955,1.0041735845700692
ewma_Gaussian,2359,1.0,0.9449228939993758,0.945,1.0040550588574682
ewma_Gaussian,2360,1.0,0.9448750185402754,0.95,1.0054201327902381
ewma_Gaussian,2361,1.0,0.9445707488187881,0.96,1.003159900050535
ewma_Gaussian,2362,1.0,0.9435845495512458,0.935,0.9980592404573241
ewma_Gaussian,2363,1.0,0.9434087363776013,0.965,0.9984459490774218
ewma_Gaussian,2364,1.0,0.9430644669065942,0.92,0.9969396484918082
ewma_Gaussian,2365,1.0,0.9433363551674989,0.955,1.0002624713945343
ewma_Gaussian,2366,1.0,0.9430238897040989,0.945,0.9994951476282068
ewma_Gaussian,2367,1.0,0.9432788819511339,0.96,1.0000501316484034
ewma_Gaussian,2368,1.0,0.942188271285011,0.925,0.9940015708226667
ewma_Gaussian,2369,1.0,0.9426189233880693,0.94,0.99573397055528
ewma_Gaussian,2370,1.0,0.9426749158701955,0.935,0.9963170081945506
ewma_Gaussian,2371,1.0,0.942247903179242,0.96,0.9947245335960976
ewma_Gaussian,2372,1.0,0.9421307213618175,0.92,0.9939903614440422
ewma_Gaussian,2373,1.0,0.9428226338632717,0.93,0.9962018491549722
ewma_Gaussian,2374,1.0,0.9438188803072163,0.95,0.9993927651107168
ewma_Gaussian,2375,1.0,0.942939477158056,0.93,0.9941604856155939
ewma_Gaussian,2376,1.0,0.9442050496913805,0.915,0.9971110996283579
ewma_Gaussian,2377,1.0,0.9452402451336863,0.965,1.001205176630057
ewma_Gaussian,2378,1.0,0.9446233274773044,0.955,0.9983106871171384
ewma_Gaussian,2379,1.0,0.9439581285690971,0.96,0.9954248283393948
ewma_Gaussian,2380,1.0,0.9433730160890025,0.945,0.994020087108096
ewma_Gaussian,2381,1.0,0.9436127688353915,0.935,0.9960024897805735
ewma_Gaussian,2382,1.0,0.9433348493177642,0.935,0.9967777719552906
ewma_Gaussian,2383,1.0,0.9433945766373603,0.94,0.9961671610856498
ewma_Gaussian,2384,1.0,0.9438255689479278,0.915,0.9979449546984388
ewma_Gaussian,2385,1.0,0.9448207698413503,0.92,1.0016760413792412
ewma_Gaussian,2386,1.0,0.9447755373005547,0.92,1.0049078743551196
ewma_Gaussian,2387,1.0,0.9452615970960092,0.955,1.0075166013829664
ewma_Gaussian,2388,1.0,0.9449821792396196,0.98,1.006673626165041
ewma_Gaussian,2389,1.0,0.944039710644475,0.91,1.0022390728517256
ewma_Gaussian,2390,1.0,0.9446538611006341,0.935,1.005997272094679
ewma_Gaussian,2391,1.0,0.9439787522440319,0.955,1.0036197233021051
ewma_Gaussian,2392,1.0,0.9426858488894762,0.945,0.9985717678722792
ewma_Gaussian,2393,1.0,0.9430175405269565,0.915,0.9983765727662771
ewma_Gaussian,2394,1.0,0.9440856031146158,0.935,1.0015428344860373
ewma_Gaussian,2395,1.0,0.9447126884042015,0.96,1.0035836425096532
ewma_Gaussian,2396,1.0,0.9436208721071782,0.945,1.0000042787949703
ewma_Gaussian,2397,1.0,0.9432471174249372,0.965,0.9994353572683405
ewma_Gaussian,2398,1.0,0.9427272220830798,0.945,0.9978867187863426
ewma_Gaussian,2399,1.0,0.9429397323647082,0.94,0.9989498614959126
ewma_Gaussian,2400,1.0,0.9426583608755419,0.965,0.9988257155659429
ewma_Gaussian,2401,1.0,0.9415057253046097,0.945,0.9946602294313897
ewma_Gaussian,2402,1.0,0.9417268721751415,0.96,0.9951890070381103
ewma_Gaussian,2403,1.0,0.9406198338277558,0.93,0.9907872218723971
ewma_Gaussian,2404,1.0,0.9407032272836723,0.935,0.992096766288351
ewma_Gaussian,2405,1.0,0.941263868847774,0.945,0.9932388505264385
ewma_Gaussian,2406,1.0,0.942142921417414,0.97,0.994603260905321
ewma_Gaussian,2407,1.0,0.9417355846890534,0.93,0.9917549178629409
ewma_Gaussian,2408,1.0,0.9413605245995648,0.925,0.9905701509093897
ewma_Gaussian,2409,1.0,0.941420245252681,0.955,0.993039476540588
ewma_Gaussian,2410,1.0,0.9410912323258119,0.955,0.9913121639232249
ewma_Gaussian,2411,1.0,0.9401992193007167,0.925,0.9897968486451996
ewma_Gaussian,2412,1.0,0.9406925947858511,0.92,0.991463332635756
ewma_Gaussian,2413,1.0,0.9408029097453823,0.95,0.9906365781273087
ewma_Gaussian,2414,1.0,0.940211003643127,0.92,0.9888657881556168
ewma_Gaussian,2415,1.0,0.9409464329660245,0.94,0.9922694301972157
ewma_Gaussian,2416,1.0,0.9414675596654483,0.92,0.9934254189622791
ewma_Gaussian,2417,1.0,0.942413610862597,0.97,0.9978688184597586
ewma_Gaussian,2418,1.0,0.9419244585944546,0.93,0.9959164386635959
ewma_Gaussian,2419,1.0,0.9426389930543047,0.93,0.9971201568949701
ewma_Gaussian,2420,1.0,0.942278610107869,0.945,0.9974988235611241
ewma_Gaussian,2421,1.0,0.9418360887611176,0.945,0.9945916402868441
ewma_Gaussian,2422,1.0,0.941593462329185,0.925,0.9935399944663926
ewma_Gaussian,2423,1.0,0.9426648092328948,0.97,0.9962052403589476
ewma_Gaussian,2424,1.0,0.9414530293093049,0.95,0.992826875837627
ewma_Gaussian,2425,1.0,0.9416351441094898,0.955,0.992604162985545
ewma_Gaussian,2426,1.0,0.9417352466468301,0.96,0.9910923442024753
ewma_Gaussian,2427,1.0,0.9410918593684632,0.93,0.9892443874653469
ewma_Gaussian,2428,1.0,0.9414317386956751,0.945,0.9911899761340379
ewma_Gaussian,2429,1.0,0.9414234137962701,0.96,0.9917980899488654
ewma_Gaussian,2430,1.0,0.9414174881515639,0.955,0.9913252389282858
ewma_Gaussian,2431,1.0,0.9414311568445464,0.935,0.9937963967214621
ewma_Gaussian,2432,1.0,0.9411362865646262,0.925,0.9932955228392006
ewma_Gaussian,2433,1.0,0.9428465077189812,0.93,0.9966095501442217
ewma_Gaussian,2434,1.0,0.9428523270044349,0.93,0.995374253281031
ewma_Gaussian,2435,1.0,0.9438144497031464,0.96,0.9977604107161291
ewma_Gaussian,2436,1.0,0.9425825180717115,0.935,0.99326020784607
ewma_Gaussian,2437,1.0,0.9426772632007108,0.95,0.9930512904475977
ewma_Gaussian,2438,1.0,0.9430115540187747,0.94,0.9947038533721856
ewma_Gaussian,2439,1.0,0.9421172645342482,0.92,0.9921662208464176
ewma_Gaussian,2440,1.0,0.9434505102215134,0.935,0.996308784020963
ewma_Gaussian,2441,1.0,0.9443828447757787,0.96,1.0010298665507191
ewma_Gaussian,2442,1.0,0.9430474974258746,0.965,0.9970754407672954
ewma_Gaussian,2443,1.0,0.9423407357798687,0.94,0.9945253346862155
ewma_Gaussian,2444,1.0,0.942277937724515,0.92,0.9954581241383407
ewma_Gaussian,2445,1.0,0.9423632411758887,0.945,0.9956627384115468
ewma_Gaussian,2446,1.0,0.9420123715512001,0.95,0.9959470031354885
ewma_Gaussian,2447,1.0,0.9413629583823672,0.95,0.9929521034321112
ewma_Gaussian,2448,1.0,0.9405604139310344,0.95,0.9916560392238603
ewma_Gaussian,2449,1.0,0.9401607115149659,0.965,0.9912710075934499
ewma_Gaussian,2450,1.0,0.9400069315081748,0.965,0.9896368806705874
ewma_Gaussian,2451,1.0,0.9393133298010957,0.945,0.9855367297723105
ewma_Gaussian,2452,1.0,0.9394722657371068,0.925,0.9861399663048934
ewma_Gaussian,2453,1.0,0.9409522385310382,0.955,0.9902817492532379
ewma_Gaussian,2454,1.0,0.9405336221030773,0.95,0.9893936198477516
ewma_Gaussian,2455,1.0,0.9399368412031254,0.94,0.9883778638920535
ewma_Gaussian,2456,1.0,0.9401814538313947,0.965,0.9893053983842393
ewma_Gaussian,2457,1.0,0.9392518066914741,0.94,0.9846241811435203
ewma_Gaussian,2458,1.0,0.9397568693895428,0.935,0.9870234822160721
ewma_Gaussian,2459,1.0,0.9401106782607013,0.96,0.9907685980316976
ewma_Gaussian,2460,1.0,0.9397371677558533,0.955,0.988183054887839
ewma_Gaussian,2461,1.0,0.9393810387006308,0.935,0.9859953499722206
ewma_Gaussian,2462,1.0,0.9394221788556585,0.95,0.9859482988260885
ewma_Gaussian,2463,1.0,0.9388681966320612,0.965,0.982859187202019
ewma_Gaussian,2464,1.0,0.9380446264145453,0.965,0.9801273663647675
ewma_Gaussian,2465,1.0,0.9374590669260712,0.95,0.9773534579840891
ewma_Gaussian,2466,1.0,0.936845947728018,0.96,0.974530654285178
ewma_Gaussian,2467,1.0,0.9365137926296498,0.94,0.9724076834361148
ewma_Gaussian,2468,1.0,0.9370786978152171,0.91,0.9738307344247724
ewma_Gaussian,2469,1.0,0.938470969479568,0.94,0.9809472469836663
ewma_Gaussian,2470,1.0,0.9390582061823579,0.92,0.9810652791952893
ewma_Gaussian,2471,1.0,0.9396644541265906,0.94,0.9846190594214694
ewma_Gaussian,2472,1.0,0.9390943437901994,0.92,0.9842917152684589
ewma_Gaussian,2473,1.0,0.94010603990528,0.925,0.9916918043615229
ewma_Gaussian,2474,1.0,0.940476689195113,0.93,0.9942095834124717
ewma_Gaussian,2475,1.0,0.9402225399424274,0.955,0.9966209307855185
ewma_Gaussian,2476,1.0,0.9396543152850134,0.945,0.9940982002073332
ewma_Gaussian,2477,1.0,0.9404861945319923,0.94,0.9945235341069184
ewma_Gaussian,2478,1.0,0.9410370920618175,0.965,0.9974892328829611
ewma_Gaussian,2479,1.0,0.9414997232123742,0.93,0.998352346770804
ewma_Gaussian,2480,1.0,0.942631650956953,0.965,1.0015321138423314
ewma_Gaussian,2481,1.0,0.9413899153236759,0.945,0.994368177330824
ewma_Gaussian,2482,1.0,0.9407010707374756,0.94,0.9919432466806916
ewma_Gaussian,2483,1.0,0.9409564818510379,0.94,0.9929836116760643
ewma_Gaussian,2484,1.0,0.9411253415371931,0.945,0.9933983303197658
ewma_Gaussian,2485,1.0,0.9415325122475033,0.93,0.9927487604750133
ewma_Gaussian,2486,1.0,0.9426639535912703,0.95,0.996593491371851
ewma_Gaussian,2487,1.0,0.9418875768625178,0.92,0.9951975497830051
ewma_Gaussian,2488,1.0,0.9423013885010169,0.95,0.9968281923218119
ewma_Gaussian,2489,1.0,0.9419994629522577,0.965,0.9967793865532993
ewma_Gaussian,2490,1.0,0.9414152366889226,0.93,0.9929776167709651
ewma_Gaussian,2491,1.0,0.9415622580570774,0.93,0.9954847884721285
ewma_Gaussian,2492,1.0,0.9418390117049533,0.93,1.000092205413536
ewma_Gaussian,2493,1.0,0.9421858832557979,0.945,1.0003933884651741
ewma_Gaussian,2494,1.0,0.9432561586609137,0.925,1.0039449606327155
ewma_Gaussian,2495,1.0,0.9439049417251717,0.93,1.0048860228418282
ewma_Gaussian,2496,1.0,0.9448049133806342,0.97,1.006914702583372
ewma_Gaussian,2497,1.0,0.944226522160612,0.95,1.0030790194522883
ewma_Gaussian,2498,1.0,0.9434065603823211,0.95,0.9967218027367717
ewma_Gaussian,2499,1.0,0.9425732428969792,0.985,0.9941829136702736
ewma_Gaussian,2500,1.0,0.9414244933119628,0.975,0.9902923672894539
ewma_Gaussian,2501,1.0,0.9400735616173259,0.93,0.9862066719569276
ewma_Gaussian,2502,1.0,0.9413368551414805,0.945,0.9890857091500552
ewma_Gaussian,2503,1.0,0.9410212942719514,0.9,0.9902720766433493
ewma_Gaussian,2504,1.0,0.9415352451727637,0.95,0.9936561414753746
ewma_Gaussian,2505,1.0,0.9412852496917853,0.935,0.992794079462156
ewma_Gaussian,2506,1.0,0.9416312158309244,0.945,0.992867842603431
ewma_Gaussian,2507,1.0,0.9407134218762817,0.96,0.9905038545391919
ewma_Gaussian,2508,1.0,0.9399543383865386,0.915,0.9867198074323187
ewma_Gaussian,2509,1.0,0.9413445926867665,0.96,0.9904711226046584
ewma_Gaussian,2510,1.0,0.9398531901954513,0.95,0.9842574040516047
ewma_Gaussian,2511,1.0,0.9389199257490779,0.975,0.9824078464654568
ewma_Gaussian,2512,1.0,0.9370999211067124,0.94,0.9744910257063906
ewma_Gaussian,2513,1.0,0.9390363694845634,0.93,0.981447186213418
ewma_Gaussian,2514,1.0,0.9389356061728299,0.935,0.9835045532567812
ewma_Gaussian,2515,1.0,0.9398224897734445,0.935,0.985895123299263
ewma_Gaussian,2516,1.0,0.9408760887301962,0.905,0.9919525326720788
ewma_Gaussian,2517,1.0,0.9422987051901379,0.975,0.9967571789542734
ewma_Gaussian,2518,1.0,0.9408633054404554,0.88,0.9902517853787046
ewma_Gaussian,2519,1.0,0.9433195047542131,0.93,1.0005102828007393
ewma_Gaussian,2520,1.0,0.9442841923452288,0.94,1.004039242828125
ewma_Gaussian,2521,1.0,0.9436213637436365,0.96,1.0005729279199762
ewma_Gaussian,2522,1.0,0.9424897125230451,0.93,0.9954282237718534
ewma_Gaussian,2523,1.0,0.9427661426662713,0.955,0.9968676279418197
ewma_Gaussian,2524,1.0,0.9430073657932551,0.935,0.99621889793203
ewma_Gaussian,2525,1.0,0.9441545585170489,0.96,1.0011641137596763
ewma_Gaussian,2526,1.0,0.9431315839118443,0.94,0.9961298139777045
ewma_Gaussian,2527,1.0,0.9436584721476082,0.925,0.9978279959604897
ewma_Gaussian,2528,1.0,0.9438828531900382,0.94,0.99925646017608
ewma_Gaussian,2529,1.0,0.9443235868764631,0.91,1.0011181050701208
ewma_Gaussian,2530,1.0,0.9455129487173473,0.945,1.0046562817880322
ewma_Gaussian,2531,1.0,0.9451112894402705,0.965,1.0033373996003396
ewma_Gaussian,2532,1.0,0.9434406486746708,0.93,0.9957465846505714
ewma_Gaussian,2533,1.0,0.9431615379772404,0.955,0.9963955215596593
ewma_Gaussian,2534,1.0,0.943178274319804,0.94,0.9958552696232036
ewma_Gaussian,2535,1.0,0.9430727454568587,0.955,0.9969412820136043
ewma_Gaussian,2536,1.0,0.9424035368337766,0.955,0.9940304513771788
ewma_Gaussian,2537,1.0,0.9418430387138191,0.94,0.9907268967393444
ewma_Gaussian,2538,1.0,0.9421989970324189,0.93,0.9915721921721599
ewma_Gaussian,2539,1.0,0.9428008490769286,0.94,0.9937945842040906
ewma_Gaussian,2540,1.0,0.9424883019468987,0.935,0.9922009756471643
ewma_Gaussian,2541,1.0,0.9419116775473186,0.93,0.989941439865035
ewma_Gaussian,2542,1.0,0.9411505859107279,0.94,0.9901273928430654
ewma_Gaussian,2543,1.0,0.9414839855073518,0.93,0.9911055931093264
ewma_Gaussian,2544,1.0,0.9422503202603386,0.95,0.9930213120905416
ewma_Gaussian,2545,1.0,0.9413836173204315,0.955,0.9906896032851584
ewma_Gaussian,2546,1.0,0.9406555376329001,0.945,0.9883873154118501
ewma_Gaussian,2547,1.0,0.9408146249021725,0.95,0.9903119418954276
ewma_Gaussian,2548,1.0,0.9406987210095832,0.96,0.9907616882860207
ewma_Gaussian,2549,1.0,0.9398777881591635,0.965,0.9873153334381713
ewma_Gaussian,2550,1.0,0.939236222287173,0.94,0.9848120663847264
ewma_Gaussian,2551,1.0,0.9389050712863966,0.92,0.9836749063818817
ewma_Gaussian,2552,1.0,0.9399655176564218,0.925,0.9855010025362376
ewma_Gaussian,2553,1.0,0.9405737626016705,0.93,0.9894713497167672
ewma_Gaussian,2554,1.0,0.9405281308256845,0.93,0.9889045571542436
ewma_Gaussian,2555,1.0,0.9412992206021972,0.95,0.9917542102627698
ewma_Gaussian,2556,1.0,0.94049250893513,0.955,0.9911255823065375
ewma_Gaussian,2557,1.0,0.9409873855728423,0.96,0.9924656327546952
ewma_Gaussian,2558,1.0,0.9402513528989676,0.925,0.9888912341422621
ewma_Gaussian,2559,1.0,0.9402977409001988,0.965,0.9892566422907569
ewma_Gaussian,2560,1.0,0.9398145876105315,0.935,0.9888808796446608
ewma_Gaussian,2561,1.0,0.9393742831228893,0.925,0.9904872609740865
ewma_Gaussian,2562,1.0,0.9398648359701406,0.945,0.992447980409122
ewma_Gaussian,2563,1.0,0.9393245984241735,0.93,0.9909237890636575
ewma_Gaussian,2564,1.0,0.9393161677687033,0.94,0.9904965706380809
ewma_Gaussian,2565,1.0,0.9403526295956209,0.93,0.9934348600575289
ewma_Gaussian,2566,1.0,0.940676833769216,0.92,0.992768815750625
ewma_Gaussian,2567,1.0,0.9415199952103767,0.935,0.9956065110293681
ewma_Gaussian,2568,1.0,0.9415292959328021,0.945,0.99537451857857
ewma_Gaussian,2569,1.0,0.942216690158038,0.945,0.9972789927842481
ewma_Gaussian,2570,1.0,0.9420333419344599,0.95,0.9968270400400792
ewma_Gaussian,2571,1.0,0.9415859007725815,0.95,0.9962118691127703
ewma_Gaussian,2572,1.0,0.9412260486132101,0.97,0.9955842953613282
ewma_Gaussian,2573,1.0,0.93968521941381,0.95,0.9901361301837984
ewma_Gaussian,2574,1.0,0.9400983806720145,0.94,0.9909732522879277
ewma_Gaussian,2575,1.0,0.9398384323497756,0.945,0.9911207571216331
ewma_Gaussian,2576,1.0,0.9391813056486058,0.925,0.9900509809774607
ewma_Gaussian,2577,1.0,0.9401558253403747,0.945,0.9927645303916927
ewma_Gaussian,2578,1.0,0.9401531723103411,0.95,0.9927177885948018
ewma_Gaussian,2579,1.0,0.9398812275808052,0.94,0.9899959700199957
ewma_Gaussian,2580,1.0,0.9401539515834338,0.955,0.9916768118038394
ewma_Gaussian,2581,1.0,0.9396148259063949,0.935,0.9882421069994707
ewma_Gaussian,2582,1.0,0.9402549954278204,0.925,0.9896879050855063
ewma_Gaussian,2583,1.0,0.941244854185739,0.93,0.9943177814421744
ewma_Gaussian,2584,1.0,0.9411356316769917,0.955,0.9952649193301454
ewma_Gaussian,2585,1.0,0.9415197601289538,0.925,0.9958370287379544
ewma_Gaussian,2586,1.0,0.9421899915839654,0.94,0.9995029952805217
ewma_Gaussian,2587,1.0,0.9416576498401009,0.96,0.9984952100873147
ewma_Gaussian,2588,1.0,0.940410142697258,0.925,0.9926641818265212
ewma_Gaussian,2589,1.0,0.9413416008370004,0.925,0.996854454635411
ewma_Gaussian,2590,1.0,0.9415870060486122,0.95,0.9991181595266454
ewma_Gaussian,2591,1.0,0.941607631729859,0.935,0.9966228542468681
ewma_Gaussian,2592,1.0,0.9425151772805535,0.93,0.9982334556298934
ewma_Gaussian,2593,1.0,0.9431950922795539,0.945,1.0021519040481177
ewma_Gaussian,2594,1.0,0.9429187902355619,0.95,1.0017259533095046
ewma_Gaussian,2595,1.0,0.9436792563169412,0.955,1.0044929457298606
ewma_Gaussian,2596,1.0,0.9437176351297015,0.935,1.0036634874443382
ewma_Gaussian,2597,1.0,0.9448058928979066,0.965,1.0073302822007852
ewma_Gaussian,2598,1.0,0.9439374698049079,0.945,1.0028926401491758
ewma_Gaussian,2599,1.0,0.943580808742028,0.94,1.0002071102392889
oracle_scale_W250,1000,1.0,0.9519583341527498,0.95,1.0152582693364824
oracle_scale_W250,1001,1.0,0.9520094467549692,0.93,1.015413232655163
oracle_scale_W250,1002,1.0,0.9520511917982023,0.95,1.0156015405614809
oracle_scale_W250,1003,1.0,0.9520773517379013,0.975,1.0157211420690655
oracle_scale_W250,1004,1.0,0.9519715424333094,0.95,1.0152263470309637
oracle_scale_W250,1005,1.0,0.9520556940957478,0.97,1.0155429759323185
oracle_scale_W250,1006,1.0,0.9520075321025171,0.965,1.0153372553305864
oracle_scale_W250,1007,1.0,0.9519983209144277,0.945,1.0152705310305559
oracle_scale_W250,1008,1.0,0.9522245513539085,0.925,1.0161428776788444
oracle_scale_W250,1009,1.0,0.9522904138642053,0.965,1.0164202575872137
oracle_scale_W250,1010,1.0,0.9521485878069469,0.975,1.0158312686085933
oracle_scale_W250,1011,1.0,0.9521295023158671,0.965,1.0158805004837905
oracle_scale_W250,1012,1.0,0.9519427875549006,0.93,1.0152196633324448
oracle_scale_W250,1013,1.0,0.9522073422849244,0.98,1.016407593337527
oracle_scale_W250,1014,1.0,0.9520296038565524,0.97,1.0157325539769484
oracle_scale_W250,1015,1.0,0.9521258725476903,0.975,1.0161907047378138
oracle_scale_W250,1016,1.0,0.9520006010049609,0.945,1.0154991400115525
oracle_scale_W250,1017,1.0,0.9520340170551802,0.955,1.0156173084954045
oracle_scale_W250,1018,1.0,0.951959401421751,0.96,1.0152046265701724
oracle_scale_W250,1019,1.0,0.9519994565647575,0.96,1.0153044207135493
oracle_scale_W250,1020,1.0,0.951912765498912,0.935,1.0147680529020515
oracle_scale_W250,1021,1.0,0.9520579266943002,0.97,1.0155022647345249
oracle_scale_W250,1022,1.0,0.9519839961925267,0.94,1.015153839407838
oracle_scale_W250,1023,1.0,0.9519490088871596,0.975,1.0150215777262304
oracle_scale_W250,1024,1.0,0.9518786670010989,0.98,1.0147467413004352
oracle_scale_W250,1025,1.0,0.9517096402854492,0.94,1.013914146683952
oracle_scale_W250,1026,1.0,0.9516701452813243,0.92,1.0138222395461873
oracle_scale_W250,1027,1.0,0.9519996903299233,0.955,1.015204131681164
oracle_scale_W250,1028,1.0,0.9518800766389913,0.925,1.0146451083928378
oracle_scale_W250,1029,1.0,0.9519281217820046,0.955,1.0147763687975524
oracle_scale_W250,1030,1.0,0.952053314089587,0.96,1.0153508129786049
oracle_scale_W250,1031,1.0,0.9519690257168727,0.95,1.014892734377855
oracle_scale_W250,1032,1.0,0.9519758729555855,0.94,1.0148515858707305
oracle_scale_W250,1033,1.0,0.9519567023396182,0.945,1.0147691046059228
oracle_scale_W250,1034,1.0,0.9519567487771633,0.925,1.0147626060863784
oracle_scale_W250,1035,1.0,0.952154728401106,0.96,1.0158232444853204
oracle_scale_W250,1036,1.0,0.9521668364505357,0.96,1.015840895561862
oracle_scale_W250,1037,1.0,0.9519972542141949,0.95,1.0151311033188732
oracle_scale_W250,1038,1.0,0.9520281866326223,0.955,1.0152575581733287
oracle_scale_W250,1039,1.0,0.9521485782104078,0.945,1.0157618277737621
oracle_scale_W250,1040,1.0,0.9521646629970423,0.96,1.0158931552997492
oracle_scale_W250,1041,1.0,0.9521701950629273,0.96,1.0159792292636363
oracle_scale_W250,1042,1.0,0.951990574457829,0.945,1.0151672105910021
oracle_scale_W250,1043,1.0,0.9520257534514249,0.955,1.0152401158433182
oracle_scale_W250,1044,1.0,0.9519306329695698,0.965,1.014856818634725
oracle_scale_W250,1045,1.0,0.9518082061337739,0.92,1.0143180673995071
oracle_scale_W250,1046,1.0,0.9517336949771724,0.965,1.0138022856731053
oracle_scale_W250,1047,1.0,0.9517610612107038,0.965,1.014002956508286
oracle_scale_W250,1048,1.0,0.9516731208703068,0.955,1.0135455986193949
oracle_scale_W250,1049,1.0,0.9515625724600304,0.94,1.0132282019952967
oracle_scale_W250,1050,1.0,0.9518294243889653,0.955,1.0142396039702692
oracle_scale_W250,1051,1.0,0.9516157676099982,0.955,1.0133145962643477
oracle_scale_W250,1052,1.0,0.9515594119543189,0.955,1.01330088937175
oracle_scale_W250,1053,1.0,0.9513267818868317,0.94,1.0125537166323093
oracle_scale_W250,1054,1.0,0.9513881942889293,0.955,1.0127742160757156
oracle_scale_W250,1055,1.0,0.9514490552833883,0.94,1.013067955431877
oracle_scale_W250,1056,1.0,0.9513692878257081,0.96,1.0129061938837958
oracle_scale_W250,1057,1.0,0.951308406795234,0.96,1.0125760250140308
oracle_scale_W250,1058,1.0,0.9513143405569593,0.97,1.012534941488593
oracle_scale_W250,1059,1.0,0.9512814789089742,0.945,1.0124045837906306
oracle_scale_W250,1060,1.0,0.9511959371219567,0.965,1.0120553327565638
oracle_scale_W250,1061,1.0,0.951011854901499,0.94,1.0110614189136138
oracle_scale_W250,1062,1.0,0.9512459580947804,0.95,1.0120533497680517
oracle_scale_W250,1063,1.0,0.9512161832905212,0.955,1.0119624235297093
oracle_scale_W250,1064,1.0,0.9512406846871265,0.925,1.0120461500241011
oracle_scale_W250,1065,1.0,0.9510828756632889,0.97,1.0113211782494838
oracle_scale_W250,1066,1.0,0.9510522690479908,0.985,1.011119533745884
oracle_scale_W250,1067,1.0,0.9508581944942395,0.965,1.010302081194423
oracle_scale_W250,1068,1.0,0.9508405850452181,0.935,1.0102078244078965
oracle_scale_W250,1069,1.0,0.9509344931882084,0.95,1.0105190932219332
oracle_scale_W250,1070,1.0,0.9510396348484056,0.97,1.0110326169438526
oracle_scale_W250,1071,1.0,0.9510695187931602,0.96,1.0111845775546688
oracle_scale_W250,1072,1.0,0.9510828509263908,0.96,1.0109485815169483
oracle_scale_W250,1073,1.0,0.9510171824257244,0.925,1.0108594131688178
oracle_scale_W250,1074,1.0,0.9511320762146673,0.945,1.0111981567958273
oracle_scale_W250,1075,1.0,0.951186118154987,0.97,1.0114390265480986
oracle_scale_W250,1076,1.0,0.9511358410408083,0.945,1.0111473165905078
oracle_scale_W250,1077,1.0,0.9511080133166945,0.94,1.0111517026513104
oracle_scale_W250,1078,1.0,0.9512030257227974,0.94,1.011521446157957
oracle_scale_W250,1079,1.0,0.9512564459582648,0.98,1.011923162761109
oracle_scale_W250,1080,1.0,0.9511709710345301,0.945,1.0115945124703307
oracle_scale_W250,1081,1.0,0.9511007600888192,0.965,1.0113446123556087
oracle_scale_W250,1082,1.0,0.9510115594689771,0.935,1.0109335940160307
oracle_scale_W250,1083,1.0,0.9510208346818472,0.955,1.0112677399922203
oracle_scale_W250,1084,1.0,0.9508864398568757,0.955,1.0106720547998576
oracle_scale_W250,1085,1.0,0.9507934274318837,0.94,1.0103212189864195
oracle_scale_W250,1086,1.0,0.9508690354472032,0.94,1.0106270308785277
oracle_scale_W250,1087,1.0,0.9507864158589949,0.95,1.0102071623617674
oracle_scale_W250,1088,1.0,0.9506093111491254,0.915,1.009357899946973
oracle_scale_W250,1089,1.0,0.9507894614528598,0.95,1.010088559498004
oracle_scale_W250,1090,1.0,0.9509261515544182,0.94,1.0106064047426124
oracle_scale_W250,1091,1.0,0.9509657161703376,0.96,1.0106055597647852
oracle_scale_W250,1092,1.0,0.9508095023439384,0.97,1.0098623102264512
oracle_scale_W250,1093,1.0,0.9507927610179414,0.97,1.0098070295047368
oracle_scale_W250,1094,1.0,0.9505776355329811,0.94,1.0086805196157282
oracle_scale_W250,1095,1.0,0.9506921790810651,0.96,1.0091896423396283
oracle_scale_W250,1096,1.0,0.9505953051737359,0.975,1.00902939759398
oracle_scale_W250,1097,1.0,0.9505519370854856,0.95,1.008881980209572
oracle_scale_W250,1098,1.0,0.9506575899200379,0.95,1.0094357923838215
oracle_scale_W250,1099,1.0,0.9503362261178327,0.965,1.0080558187399462
oracle_scale_W250,1100,1.0,0.9503286396290079,0.93,1.0080036990233956
oracle_scale_W250,1101,1.0,0.9503831201185104,0.945,1.0081501635396137
oracle_scale_W250,1102,1.0,0.9504402066886644,0.955,1.008553021478394
oracle_scale_W250,1103,1.0,0.9505020392104495,0.945,1.0087254414880666
oracle_scale_W250,1104,1.0,0.9504919082106585,0.935,1.0085684497688683
oracle_scale_W250,1105,1.0,0.9505782087048206,0.955,1.0088844869938276
oracle_scale_W250,1106,1.0,0.9506422370640268,0.935,1.009185128749156
oracle_scale_W250,1107,1.0,0.9507440059114824,0.945,1.009739913502077
oracle_scale_W250,1108,1.0,0.9507625492097778,0.94,1.0098320289956317
oracle_scale_W250,1109,1.0,0.950741157778796,0.915,1.0097248647139268
oracle_scale_W250,1110,1.0,0.950895974113878,0.955,1.0103349324532227
oracle_scale_W250,1111,1.0,0.9507010386861293,0.965,1.0096345474623911
oracle_scale_W250,1112,1.0,0.950673364404198,0.975,1.0093406524090276
oracle_scale_W250,1113,1.0,0.9505676306082894,0.97,1.0091182094519353
oracle_scale_W250,1114,1.0,0.9506331003776315,0.935,1.009339022236269
oracle_scale_W250,1115,1.0,0.9508258856537993,0.945,1.009983630607159
oracle_scale_W250,1116,1.0,0.950641265960696,0.94,1.0088860924498328
oracle_scale_W250,1117,1.0,0.9506140867910553,0.915,1.0087306959833333
oracle_scale_W250,1118,1.0,0.9509238351967337,0.945,1.0101511043475715
oracle_scale_W250,1119,1.0,0.9510775109819138,0.975,1.0109371326923038
oracle_scale_W250,1120,1.0,0.9509746718463277,0.945,1.0105565255130906
oracle_scale_W250,1121,1.0,0.9510495359474928,0.94,1.0108890977545744
oracle_scale_W250,1122,1.0,0.9508811830712754,0.965,1.010026547124229
oracle_scale_W250,1123,1.0,0.9506841888521487,0.935,1.0092185059283088
oracle_scale_W250,1124,1.0,0.9506053863697252,0.95,1.0089350556332024
oracle_scale_W250,1125,1.0,0.9506977618661204,0.96,1.009260960593691
oracle_scale_W250,1126,1.0,0.9506468804787238,0.935,1.009337725461397
oracle_scale_W250,1127,1.0,0.9507158824653973,0.945,1.0096668966035662
oracle_scale_W250,1128,1.0,0.9508725389724074,0.96,1.0103563993726672
oracle_scale_W250,1129,1.0,0.9509813650411533,0.945,1.0108577552030547
oracle_scale_W250,1130,1.0,0.9510686338440937,0.925,1.0110632122172458
oracle_scale_W250,1131,1.0,0.9512209824018651,0.945,1.0118167160858078
oracle_scale_W250,1132,1.0,0.9513398258374066,0.94,1.0124547880080677
oracle_scale_W250,1133,1.0,0.9511571872315209,0.96,1.0117483442169533
oracle_scale_W250,1134,1.0,0.9511452689021014,0.94,1.011864882450033
oracle_scale_W250,1135,1.0,0.9510739955127653,0.95,1.0116541483739923
oracle_scale_W250,1136,1.0,0.951165207842652,0.945,1.0119819438198394
oracle_scale_W250,1137,1.0,0.9510742746292778,0.955,1.0116538679984912
oracle_scale_W250,1138,1.0,0.9508262844852413,0.94,1.0106000158411228
oracle_scale_W250,1139,1.0,0.9509667232321997,0.95,1.0111707561023706
oracle_scale_W250,1140,1.0,0.9509847432373192,0.95,1.011158299132786
oracle_scale_W250,1141,1.0,0.9510631952522772,0.97,1.0114147219325158
oracle_scale_W250,1142,1.0,0.9509605150285186,0.935,1.0108743352092902
oracle_scale_W250,1143,1.0,0.9509400418486156,0.935,1.0108125444652478
oracle_scale_W250,1144,1.0,0.9508457545339861,0.92,1.0104568161311243
oracle_scale_W250,1145,1.0,0.9510113298413134,0.945,1.011211665526036
oracle_scale_W250,1146,1.0,0.9511491196182728,0.92,1.011879784704122
oracle_scale_W250,1147,1.0,0.951334032623716,0.96,1.012674859986983
oracle_scale_W250,1148,1.0,0.9513176020893943,0.96,1.0125157020240332
oracle_scale_W250,1149,1.0,0.9511239869088014,0.935,1.0117096910097407
oracle_scale_W250,1150,1.0,0.9509560817499547,0.955,1.010616447102939
oracle_scale_W250,1151,1.0,0.950941062299265,0.945,1.0104630588244459
oracle_scale_W250,1152,1.0,0.9509334178011934,0.96,1.0105024917732073
oracle_scale_W250,1153,1.0,0.9510339746304755,0.94,1.011060546406012
oracle_scale_W250,1154,1.0,0.9511693743247359,0.98,1.0116567699508912
oracle_scale_W250,1155,1.0,0.9511290779828232,0.94,1.011545529462213
oracle_scale_W250,1156,1.0,0.9513478633503248,0.945,1.0126674277930605
oracle_scale_W250,1157,1.0,0.9515154001194958,0.95,1.0134193919537287
oracle_scale_W250,1158,1.0,0.9514687140448926,0.935,1.0130321332619932
oracle_scale_W250,1159,1.0,0.9515128715231487,0.96,1.0132753940024484
oracle_scale_W250,1160,1.0,0.9514869684745758,0.935,1.0131920657851112
oracle_scale_W250,1161,1.0,0.9515605498389351,0.955,1.0134077306143023
oracle_scale_W250,1162,1.0,0.9515395925045655,0.94,1.0133686944536056
oracle_scale_W250,1163,1.0,0.9515589044860338,0.965,1.0136558157994304
oracle_scale_W250,1164,1.0,0.9514710938995938,0.955,1.0135393125714456
oracle_scale_W250,1165,1.0,0.9513836405929362,0.915,1.0130440437195558
oracle_scale_W250,1166,1.0,0.9516394645821735,0.96,1.0141628255030315
oracle_scale_W250,1167,1.0,0.9516426738949453,0.96,1.0141741164189262
oracle_scale_W250,1168,1.0,0.9516323864569785,0.95,1.01406551822414
oracle_scale_W250,1169,1.0,0.9515587903082375,0.94,1.0137510098919111
oracle_scale_W250,1170,1.0,0.9517119228374519,0.925,1.0143452477989963
oracle_scale_W250,1171,1.0,0.9518155798820679,0.935,1.0148492180508277
oracle_scale_W250,1172,1.0,0.9519231082095694,0.97,1.0154049514764358
oracle_scale_W250,1173,1.0,0.9518525538504238,0.95,1.014981891146448
oracle_scale_W250,1174,1.0,0.9519161548064816,0.945,1.0154660000236715
oracle_scale_W250,1175,1.0,0.9520255952510049,0.935,1.0160802179845987
oracle_scale_W250,1176,1.0,0.9520183958556491,0.97,1.0160667142612332
oracle_scale_W250,1177,1.0,0.9519445416745071,0.955,1.015640600274668
oracle_scale_W250,1178,1.0,0.951712095862362,0.92,1.014601857504956
oracle_scale_W250,1179,1.0,0.9520910612783581,0.95,1.015978066632315
oracle_scale_W250,1180,1.0,0.9520941900554277,0.91,1.0160093708225901
oracle_scale_W250,1181,1.0,0.9520991302539921,0.96,1.0159370483736907
oracle_scale_W250,1182,1.0,0.9520295148571504,0.945,1.0156733111315388
oracle_scale_W250,1183,1.0,0.9519590757033214,0.97,1.0154879173202056
oracle_scale_W250,1184,1.0,0.9518329255830568,0.955,1.0148390967694043
oracle_scale_W250,1185,1.0,0.9517852825128833,0.97,1.0145619060148172
oracle_scale_W250,1186,1.0,0.9517576053110792,0.95,1.0143891396080928
oracle_scale_W250,1187,1.0,0.9518929762726116,0.96,1.015247227962434
oracle_scale_W250,1188,1.0,0.9516503754091338,0.94,1.0141727096343351
oracle_scale_W250,1189,1.0,0.9517539380935045,0.935,1.0146586350459963
oracle_scale_W250,1190,1.0,0.9518995739811446,0.94,1.0151749870159452
oracle_scale_W250,1191,1.0,0.9519529113306406,0.95,1.015369057073407
oracle_scale_W250,1192,1.0,0.9520265816983726,0.935,1.0156463098638409
oracle_scale_W250,1193,1.0,0.9521675709036902,0.94,1.0159676013415422
oracle_scale_W250,1194,1.0,0.9522219147778904,0.985,1.016271826177507
oracle_scale_W250,1195,1.0,0.952061331713839,0.97,1.0153930986871231
oracle_scale_W250,1196,1.0,0.9520927793112247,0.965,1.0156352564103772
oracle_scale_W250,1197,1.0,0.9520150213994855,0.925,1.0153293649215842
oracle_scale_W250,1198,1.0,0.9519856819577768,0.94,1.0152594025479313
oracle_scale_W250,1199,1.0,0.9520712683972354,0.94,1.0156597699220242
oracle_scale_W250,1200,3.0,0.9523204315056552,0.955,1.0165569770361935
oracle_scale_W250,1201,3.0,0.9523581537297474,0.95,1.0166197904225773
oracle_scale_W250,1202,3.0,0.9524610783133843,0.96,1.017189539429777
oracle_scale_W250,1203,3.0,0.9525002235474852,0.955,1.0175949817531709
oracle_scale_W250,1204,3.0,0.9526669375522572,0.955,1.018304020623618
oracle_scale_W250,1205,3.0,0.9526610765067204,0.93,1.0183479277863379
oracle_scale_W250,1206,3.0,0.9528383608551585,0.965,1.0190699178680633
oracle_scale_W250,1207,3.0,0.9528632472145993,0.945,1.019267011286946
oracle_scale_W250,1208,3.0,0.9529642110017437,0.93,1.019701733189306
oracle_scale_W250,1209,3.0,0.9530066532419559,0.945,1.0197691108488873
oracle_scale_W250,1210,3.0,0.9531377897388676,0.955,1.0203936774378166
oracle_scale_W250,1211,3.0,0.9529484210769386,0.975,1.0192379788759611
oracle_scale_W250,1212,3.0,0.9528306936530925,0.965,1.018615515547417
oracle_scale_W250,1213,3.0,0.952902358810762,0.95,1.0190579722304378
oracle_scale_W250,1214,3.0,0.9530722697875085,0.97,1.019700407136263
oracle_scale_W250,1215,3.0,0.9531130963629841,0.945,1.0199770977150093
oracle_scale_W250,1216,3.0,0.953205591701612,0.965,1.0204193803345973
oracle_scale_W250,1217,3.0,0.9532820832891886,0.955,1.0208375207677103
oracle_scale_W250,1218,3.0,0.9534101896338564,0.96,1.0213959229852978
oracle_scale_W250,1219,3.0,0.9532154695169297,0.96,1.0205721479490864
oracle_scale_W250,1220,3.0,0.9532314877576187,0.935,1.0205097087634007
oracle_scale_W250,1221,3.0,0.9533536393545391,0.965,1.0210258596487067
oracle_scale_W250,1222,3.0,0.9530399795085219,0.96,1.0197088934515017
oracle_scale_W250,1223,3.0,0.9529959128200867,0.965,1.0195726336124207
oracle_scale_W250,1224,3.0,0.9529840317182356,0.935,1.019449751313403
oracle_scale_W250,1225,3.0,0.9529641725539872,0.945,1.0196575095517244
oracle_scale_W250,1226,3.0,0.9530210234218819,0.915,1.0199720827836039
oracle_scale_W250,1227,3.0,0.9530130539921646,0.925,1.019731411149212
oracle_scale_W250,1228,3.0,0.9531922426905309,0.955,1.0205027873748775
oracle_scale_W250,1229,3.0,0.9532086747120688,0.94,1.0204771100716483
oracle_scale_W250,1230,3.0,0.9532436642425123,0.965,1.020641149511508
oracle_scale_W250,1231,3.0,0.953190366731774,0.945,1.0204691277835858
oracle_scale_W250,1232,3.0,0.9532449525125393,0.975,1.0207364482893786
oracle_scale_W250,1233,3.0,0.9531867604644478,0.96,1.020478250556973
oracle_scale_W250,1234,3.0,0.9530076180903302,0.94,1.019770306746801
oracle_scale_W250,1235,3.0,0.9530855477245167,0.95,1.0201719073975861
oracle_scale_W250,1236,3.0,0.9531550219094135,0.95,1.02037488119516
oracle_scale_W250,1237,3.0,0.9532258909973129,0.94,1.0208721173524742
oracle_scale_W250,1238,3.0,0.9534038845302265,0.965,1.0216424715291756
oracle_scale_W250,1239,3.0,0.953285278518462,0.965,1.0211005048482036
oracle_scale_W250,1240,3.0,0.9532920878915551,0.94,1.0210958340052754
oracle_scale_W250,1241,3.0,0.9534759449836997,0.945,1.0220380839569374
oracle_scale_W250,1242,3.0,0.9535595615833756,0.945,1.0225294794331286
oracle_scale_W250,1243,3.0,0.9536781145142732,0.97,1.023202911454777
oracle_scale_W250,1244,3.0,0.9536716699176135,0.96,1.0230641464830652
oracle_scale_W250,1245,3.0,0.9536673658873979,0.955,1.0230452421697789
oracle_scale_W250,1246,3.0,0.953691266391549,0.96,1.0231142989366786
oracle_scale_W250,1247,3.0,0.953602757679951,0.95,1.0227580114236743
oracle_scale_W250,1248,3.0,0.9536560103074673,0.96,1.0231996677530253
oracle_scale_W250,1249,3.0,0.9537588729896885,0.95,1.0236498401460292
oracle_scale_W250,1250,3.0,0.9536938445424323,0.965,1.0232548151915244
oracle_scale_W250,1251,3.0,0.9536942053142314,0.96,1.023177373264116
oracle_scale_W250,1252,3.0,0.9534240610394136,0.975,1.0220855724562765
oracle_scale_W250,1253,3.0,0.9534431041429677,0.935,1.022347802488727
oracle_scale_W250,1254,3.0,0.9536668131883078,0.93,1.0232649532473088
oracle_scale_W250,1255,3.0,0.9537014782742385,0.94,1.0235705424590804
oracle_scale_W250,1256,3.0,0.9538747994092343,0.94,1.024301942385525
oracle_scale_W250,1257,3.0,0.9540971990222888,0.965,1.0252973232489708
oracle_scale_W250,1258,3.0,0.9541686327590775,0.975,1.025581945635221
oracle_scale_W250,1259,3.0,0.9540535893075414,0.97,1.0251473660875035
oracle_scale_W250,1260,3.0,0.953962492205396,0.96,1.0245243090295804
oracle_scale_W250,1261,3.0,0.9540503256535385,0.96,1.024904424571999
oracle_scale_W250,1262,3.0,0.9539284671080446,0.98,1.0243542380137176
oracle_scale_W250,1263,3.0,0.9537572841357754,0.965,1.0235525398821372
oracle_scale_W250,1264,3.0,0.9538230943175146,0.945,1.0238450998362323
oracle_scale_W250,1265,3.0,0.9538227314759433,0.98,1.0238680315600144
oracle_scale_W250,1266,3.0,0.9538230148360475,0.945,1.023886822215742
oracle_scale_W250,1267,3.0,0.9537522750660428,0.96,1.0236560133533108
oracle_scale_W250,1268,3.0,0.9538851982473983,0.955,1.024221665550116
oracle_scale_W250,1269,3.0,0.9536828038997011,0.94,1.0232533924950147
oracle_scale_W250,1270,3.0,0.9537067500070444,0.95,1.023412111008322
oracle_scale_W250,1271,3.0,0.9537387257830605,0.93,1.0235248825940437
oracle_scale_W250,1272,3.0,0.953897819767582,0.95,1.0242513832101576
oracle_scale_W250,1273,3.0,0.9537620781532847,0.95,1.0238060118838967
oracle_scale_W250,1274,3.0,0.9538289266364123,0.935,1.0239275678861695
oracle_scale_W250,1275,3.0,0.953958772550905,0.965,1.024609485913188
oracle_scale_W250,1276,3.0,0.9539264588195564,0.96,1.0245439848621931
oracle_scale_W250,1277,3.0,0.9538533842957742,0.975,1.0242150706831565
oracle_scale_W250,1278,3.0,0.9537409500358359,0.94,1.0235949406639822
oracle_scale_W250,1279,3.0,0.9537190067719876,0.97,1.0230980363087705
oracle_scale_W250,1280,3.0,0.953841249542792,0.935,1.0235693798800982
oracle_scale_W250,1281,3.0,0.9539582977743913,0.95,1.0240950067851284
oracle_scale_W250,1282,3.0,0.9539628965465086,0.955,1.024262641944442
oracle_scale_W250,1283,3.0,0.9540038406484459,0.955,1.0245512080306824
oracle_scale_W250,1284,3.0,0.9538887092000814,0.955,1.0240450669685504
oracle_scale_W250,1285,3.0,0.9538053480641955,0.955,1.0236117919520202
oracle_scale_W250,1286,3.0,0.9537924631114015,0.965,1.0235570682973787
oracle_scale_W250,1287,3.0,0.9537235411032037,0.96,1.023442395369977
oracle_scale_W250,1288,3.0,0.9537056539897445,0.935,1.0233203459685494
oracle_scale_W250,1289,3.0,0.9537740974730882,0.955,1.0236485104984054
oracle_scale_W250,1290,3.0,0.9537576288390209,0.94,1.023510132927923
oracle_scale_W250,1291,3.0,0.9538684821847453,0.965,1.0239883427538934
oracle_scale_W250,1292,3.0,0.9537145871016708,0.95,1.023481739387087
oracle_scale_W250,1293,3.0,0.9539118740949484,0.945,1.0244167174558048
oracle_scale_W250,1294,3.0,0.9538669908691378,0.955,1.0243085981612945
oracle_scale_W250,1295,3.0,0.9538170821105899,0.98,1.024148674966748
oracle_scale_W250,1296,3.0,0.9536172485882477,0.97,1.0232430047112226
oracle_scale_W250,1297,3.0,0.9534800078666388,0.955,1.0225427926713067
oracle_scale_W250,1298,3.0,0.953541171826393,0.945,1.0227966526659409
oracle_scale_W250,1299,3.0,0.9536497802713398,0.93,1.0231703610451992
oracle_scale_W250,1300,3.0,0.9537416018042971,0.94,1.0234601956880214
oracle_scale_W250,1301,3.0,0.953868515293654,0.915,1.023874242265918
oracle_scale_W250,1302,3.0,0.9539521711323528,0.965,1.0243353589892212
oracle_scale_W250,1303,3.0,0.9538813536068221,0.965,1.0241182957807737
oracle_scale_W250,1304,3.0,0.9537006255700724,0.94,1.0233155857778053
oracle_scale_W250,1305,3.0,0.9538298085070486,0.915,1.0239344396880845
oracle_scale_W250,1306,3.0,0.9541316705827211,0.965,1.02519458815952
oracle_scale_W250,1307,3.0,0.9541391612026188,0.95,1.025258845372562
oracle_scale_W250,1308,3.0,0.9542768978515143,0.965,1.026007309960026
oracle_scale_W250,1309,3.0,0.954292557015982,0.965,1.0258663449505778
oracle_scale_W250,1310,3.0,0.9541839132255956,0.945,1.02533012408403
oracle_scale_W250,1311,3.0,0.9541855911326949,0.97,1.0250537069718846
oracle_scale_W250,1312,3.0,0.954063820259399,0.93,1.0245572763969044
oracle_scale_W250,1313,3.0,0.9542652926267132,0.985,1.0256754236843664
oracle_scale_W250,1314,3.0,0.9542743652212105,0.95,1.0257023574644568
oracle_scale_W250,1315,3.0,0.9541192744931913,0.955,1.0251052513675412
oracle_scale_W250,1316,3.0,0.9541923223199785,0.975,1.0255109735750878
oracle_scale_W250,1317,3.0,0.9541703850236303,0.97,1.025475986686114
oracle_scale_W250,1318,3.0,0.9540925745560116,0.94,1.0251266662980172
oracle_scale_W250,1319,3.0,0.9541004810769094,0.955,1.0250611504437284
oracle_scale_W250,1320,3.0,0.9539621699506017,0.955,1.0245737590588868
oracle_scale_W250,1321,3.0,0.9539809918683295,0.97,1.024848914171681
oracle_scale_W250,1322,3.0,0.953980860305441,0.99,1.0247315766933154
oracle_scale_W250,1323,3.0,0.9539426024243925,0.945,1.0245472923239085
oracle_scale_W250,1324,3.0,0.9539535511864732,0.96,1.02450281935933
oracle_scale_W250,1325,3.0,0.954181732787375,0.92,1.0255237035918683
oracle_scale_W250,1326,3.0,0.9542576250783666,0.95,1.0258769483126706
oracle_scale_W250,1327,3.0,0.9541322400383001,0.965,1.0253166006463226
oracle_scale_W250,1328,3.0,0.9539762042871014,0.975,1.0245000674835463
oracle_scale_W250,1329,3.0,0.9538458891979267,0.965,1.0239801927812806
oracle_scale_W250,1330,3.0,0.9538439772490276,0.96,1.0240394266307729
oracle_scale_W250,1331,3.0,0.95374324817049,0.975,1.0234303174629722
oracle_scale_W250,1332,3.0,0.9535993708811258,0.94,1.0227483709752607
oracle_scale_W250,1333,3.0,0.9536460947716492,0.94,1.022973890417797
oracle_scale_W250,1334,3.0,0.9536457215970964,0.955,1.02284501718832
oracle_scale_W250,1335,3.0,0.953636119866977,0.955,1.022757311888658
oracle_scale_W250,1336,3.0,0.953727037167519,0.925,1.023045694165174
oracle_scale_W250,1337,3.0,0.9540617251580522,0.93,1.0243177161084118
oracle_scale_W250,1338,3.0,0.9540549099706053,0.965,1.0244770396026295
oracle_scale_W250,1339,3.0,0.9537583592997065,0.95,1.023196924889372
oracle_scale_W250,1340,3.0,0.9535525861681772,0.94,1.0223731132457075
oracle_scale_W250,1341,3.0,0.9535191810490948,0.945,1.0221743927367644
oracle_scale_W250,1342,3.0,0.9534104664294716,0.915,1.0217970892035668
oracle_scale_W250,1343,3.0,0.9536376148688004,0.965,1.022911696179381
oracle_scale_W250,1344,3.0,0.9537277428137297,0.975,1.0233034992091654
oracle_scale_W250,1345,3.0,0.9536996621817372,0.945,1.022976708857293
oracle_scale_W250,1346,3.0,0.9538527135290309,0.95,1.0236831764607635
oracle_scale_W250,1347,3.0,0.9538592508326265,0.95,1.0237328926546687
oracle_scale_W250,1348,3.0,0.9539172735341821,0.99,1.0240066696820294
oracle_scale_W250,1349,3.0,0.9538425727004222,0.955,1.0235932130812353
oracle_scale_W250,1350,3.0,0.953859538517184,0.96,1.023689583012084
oracle_scale_W250,1351,3.0,0.9537034661552195,0.95,1.0230324301728755
oracle_scale_W250,1352,3.0,0.9538031040228863,0.955,1.0233849313347625
oracle_scale_W250,1353,3.0,0.9539528582219633,0.95,1.0242801784901625
oracle_scale_W250,1354,3.0,0.9540081892369554,0.97,1.0244524228936231
oracle_scale_W250,1355,3.0,0.9539805073011556,0.95,1.0243187119727255
oracle_scale_W250,1356,3.0,0.9539104227859994,0.955,1.0240066761154416
oracle_scale_W250,1357,3.0,0.9537751620287154,0.91,1.0234307438169612
oracle_scale_W250,1358,3.0,0.9539221954579515,0.96,1.0242139136895085
oracle_scale_W250,1359,3.0,0.9538693273367456,0.95,1.0241281251835606
oracle_scale_W250,1360,3.0,0.9537676911536573,0.96,1.0236354499514975
oracle_scale_W250,1361,3.0,0.9537302875591603,0.96,1.0234692983166855
oracle_scale_W250,1362,3.0,0.953737002859219,0.95,1.0234568617229434
oracle_scale_W250,1363,3.0,0.9537770421636635,0.95,1.0236092937848886
oracle_scale_W250,1364,3.0,0.9537902410294996,0.915,1.0237550674487288
oracle_scale_W250,1365,3.0,0.9538765936227697,0.96,1.0243373296046567
oracle_scale_W250,1366,3.0,0.9537603326873887,0.965,1.0237301432422734
oracle_scale_W250,1367,3.0,0.9536402389254249,0.95,1.0231269200856092
oracle_scale_W250,1368,3.0,0.9536480186533958,0.955,1.0231536130740302
oracle_scale_W250,1369,3.0,0.9537262466728399,0.945,1.0235275872101715
oracle_scale_W250,1370,3.0,0.9539202534983424,0.975,1.0244577299541284
oracle_scale_W250,1371,3.0,0.9538183796039007,0.95,1.023991983611065
oracle_scale_W250,1372,3.0,0.9537579815444042,0.945,1.023715297764393
oracle_scale_W250,1373,3.0,0.9538687206340489,0.945,1.0241814630308996
oracle_scale_W250,1374,3.0,0.9538560893319175,0.96,1.0241244010513706
oracle_scale_W250,1375,3.0,0.9537848894475439,0.96,1.023913267219485
oracle_scale_W250,1376,3.0,0.9537723631039373,0.94,1.0238482798163684
oracle_scale_W250,1377,3.0,0.9538421162159878,0.955,1.024231878855959
oracle_scale_W250,1378,3.0,0.953849605670663,0.955,1.0239691573173266
oracle_scale_W250,1379,3.0,0.9538172351248558,0.95,1.0238741954185022
oracle_scale_W250,1380,3.0,0.9538579583935458,0.955,1.0240134467160074
oracle_scale_W250,1381,3.0,0.953586636585416,0.955,1.0227577568778414
oracle_scale_W250,1382,3.0,0.9536262672972887,0.96,1.0229496658428154
oracle_scale_W250,1383,3.0,0.9536630926942362,0.97,1.022896827528555
oracle_scale_W250,1384,3.0,0.953630200355328,0.975,1.0228795110609696
oracle_scale_W250,1385,3.0,0.9535388052796612,0.93,1.0224160676866574
oracle_scale_W250,1386,3.0,0.953575604121329,0.97,1.0227100803746925
oracle_scale_W250,1387,3.0,0.9534765522238533,0.95,1.0222279262883485
oracle_scale_W250,1388,3.0,0.9533452362520688,0.955,1.021776616890182
oracle_scale_W250,1389,3.0,0.9534470800943177,0.965,1.022261519728835
oracle_scale_W250,1390,3.0,0.953439730187658,0.955,1.0222071622278348
oracle_scale_W250,1391,3.0,0.9532978969352819,0.955,1.0216219937653492
oracle_scale_W250,1392,3.0,0.9533337683117878,0.94,1.0219374080206978
oracle_scale_W250,1393,3.0,0.953326593802995,0.99,1.0220429787979493
oracle_scale_W250,1394,3.0,0.9532398471199552,0.955,1.0215718088569994
oracle_scale_W250,1395,3.0,0.9531562452319184,0.96,1.0212810760630477
oracle_scale_W250,1396,3.0,0.953100703032457,0.96,1.0209671952720696
oracle_scale_W250,1397,3.0,0.9531196055551762,0.95,1.0209767751621572
oracle_scale_W250,1398,3.0,0.9531900458343285,0.97,1.0213128605892567
oracle_scale_W250,1399,3.0,0.9531715347933387,0.93,1.0210453680258151
oracle_scale_W250,1400,3.0,0.9533511397689218,0.96,1.0219250982657235
oracle_scale_W250,1401,3.0,0.9534236541872093,0.96,1.0221469933913945
oracle_scale_W250,1402,3.0,0.953328710944462,0.97,1.0216137556852487
oracle_scale_W250,1403,3.0,0.9532257851549601,0.955,1.0211692861487078
oracle_scale_W250,1404,3.0,0.9532621118802307,0.97,1.021698484076481
oracle_scale_W250,1405,3.0,0.9533693690475161,0.96,1.0222330315458426
oracle_scale_W250,1406,3.0,0.9534017754451124,0.97,1.0224144223513754
oracle_scale_W250,1407,3.0,0.9533486796047421,0.92,1.0223154551911653
oracle_scale_W250,1408,3.0,0.9536064996432937,0.97,1.0234104278727127
oracle_scale_W250,1409,3.0,0.9534957642857677,0.93,1.0230360648053374
oracle_scale_W250,1410,3.0,0.9536621128149632,0.96,1.023743133321196
oracle_scale_W250,1411,3.0,0.9535033395822969,0.955,1.0230615477333003
oracle_scale_W250,1412,3.0,0.9534127846262175,0.965,1.0226595540567864
oracle_scale_W250,1413,3.0,0.9533407973884854,0.96,1.0223416725005097
oracle_scale_W250,1414,3.0,0.953264915322494,0.925,1.0220270687530397
oracle_scale_W250,1415,3.0,0.9532742638017728,0.97,1.0220492309895333
oracle_scale_W250,1416,3.0,0.9531503866268031,0.95,1.0215665543178027
oracle_scale_W250,1417,3.0,0.9531608074327806,0.95,1.0215854397170714
oracle_scale_W250,1418,3.0,0.9531506303990506,0.975,1.0215229896815938
oracle_scale_W250,1419,3.0,0.9531230746500392,0.965,1.021364428137036
oracle_scale_W250,1420,3.0,0.9530617034580466,0.945,1.0209840317256076
oracle_scale_W250,1421,3.0,0.9528569071700054,0.96,1.0199799750086007
oracle_scale_W250,1422,3.0,0.9527506775639206,0.93,1.0194433610632012
oracle_scale_W250,1423,3.0,0.9528318972970993,0.96,1.019873884068975
oracle_scale_W250,1424,3.0,0.9527870162567187,0.95,1.0196565806173634
oracle_scale_W250,1425,3.0,0.9527364875785246,0.95,1.019457645515178
oracle_scale_W250,1426,3.0,0.9527484547239865,0.955,1.0195504705108678
oracle_scale_W250,1427,3.0,0.952773827455041,0.95,1.0197574451319107
oracle_scale_W250,1428,3.0,0.9526548334952172,0.96,1.0191448033431256
oracle_scale_W250,1429,3.0,0.9527266576568085,0.96,1.0194282927588287
oracle_scale_W250,1430,3.0,0.9527552192671179,0.95,1.019449380079685
oracle_scale_W250,1431,3.0,0.9527079394953063,0.94,1.0194178897157502
oracle_scale_W250,1432,3.0,0.9527348673395601,0.935,1.019684432037119
oracle_scale_W250,1433,3.0,0.952829295832602,0.975,1.020287653589823
oracle_scale_W250,1434,3.0,0.9528957920998212,0.955,1.0205363633031
oracle_scale_W250,1435,3.0,0.953116292836541,0.96,1.0213027357057158
oracle_scale_W250,1436,3.0,0.9530281447052923,0.925,1.0209111584499242
oracle_scale_W250,1437,3.0,0.9529304843286986,0.97,1.020558878091142
oracle_scale_W250,1438,3.0,0.9528536448886643,0.955,1.0202199635451097
oracle_scale_W250,1439,3.0,0.9527582423003996,0.97,1.019796527167686
oracle_scale_W250,1440,3.0,0.9526841836194552,0.955,1.019561406823054
oracle_scale_W250,1441,3.0,0.9525372831299367,0.94,1.018943443517661
oracle_scale_W250,1442,3.0,0.9526119136657004,0.97,1.0191627600731088
oracle_scale_W250,1443,3.0,0.9525135917864154,0.935,1.0186783962656758
oracle_scale_W250,1444,3.0,0.9524073739273092,0.93,1.018218403372402
oracle_scale_W250,1445,3.0,0.9527333868423071,0.95,1.0196252090749431
oracle_scale_W250,1446,3.0,0.9528494096133951,0.96,1.020344760109572
oracle_scale_W250,1447,3.0,0.9528875766730333,0.94,1.020403606494125
oracle_scale_W250,1448,3.0,0.9528961361435074,0.925,1.0205554876264327
oracle_scale_W250,1449,3.0,0.952945768888423,0.97,1.0206986946107952
oracle_scale_W250,1450,3.0,0.9526942230367803,0.95,1.019594831627537
oracle_scale_W250,1451,3.0,0.9527601132107171,0.95,1.0199014521716203
oracle_scale_W250,1452,3.0,0.9526504797877965,0.965,1.0193460602834754
oracle_scale_W250,1453,3.0,0.9526634289911347,0.955,1.0193892850042945
oracle_scale_W250,1454,3.0,0.9527329965864044,0.935,1.0197761551538032
oracle_scale_W250,1455,3.0,0.9528637326245739,0.945,1.0206531635924225
oracle_scale_W250,1456,3.0,0.9527156245049266,0.945,1.0200256708327609
oracle_scale_W250,1457,3.0,0.9528696444136915,0.97,1.020698184729767
oracle_scale_W250,1458,3.0,0.9529550981290512,0.935,1.020855304695203
oracle_scale_W250,1459,3.0,0.9530670907915936,0.95,1.0214272623490377
oracle_scale_W250,1460,3.0,0.9531464313925029,0.97,1.0218207782824518
oracle_scale_W250,1461,3.0,0.9530041128062509,0.945,1.0211828633606392
oracle_scale_W250,1462,3.0,0.9530713552256329,0.96,1.0215924205118998
oracle_scale_W250,1463,3.0,0.9530214786106436,0.975,1.0214610994172042
oracle_scale_W250,1464,3.0,0.9528817468833778,0.955,1.0208166302911434
oracle_scale_W250,1465,3.0,0.9529794609985035,0.935,1.02138499407051
oracle_scale_W250,1466,3.0,0.9528950795285525,0.935,1.021150708595254
oracle_scale_W250,1467,3.0,0.9529406816425083,0.93,1.0213613233291325
oracle_scale_W250,1468,3.0,0.9529719995377516,0.955,1.0215067298766545
oracle_scale_W250,1469,3.0,0.9527544708601573,0.935,1.0206038862055802
oracle_scale_W250,1470,3.0,0.9529952253741574,0.955,1.021494743736012
oracle_scale_W250,1471,3.0,0.9528536131096257,0.955,1.020911376351547
oracle_scale_W250,1472,3.0,0.9529489275948468,0.915,1.0212475445909686
oracle_scale_W250,1473,3.0,0.9531382036457776,0.935,1.0221484967486953
oracle_scale_W250,1474,3.0,0.9530692070905884,0.97,1.0219486319569044
oracle_scale_W250,1475,3.0,0.9530118303910328,0.94,1.021902393906379
oracle_scale_W250,1476,3.0,0.953027698540299,0.935,1.0219672101969621
oracle_scale_W250,1477,3.0,0.9528748222291923,0.95,1.0212495996840878
oracle_scale_W250,1478,3.0,0.9528801636656921,0.92,1.0212194534790953
oracle_scale_W250,1479,3.0,0.9530038301538781,0.965,1.0217415590822936
oracle_scale_W250,1480,3.0,0.952974977309878,0.925,1.0216184570120512
oracle_scale_W250,1481,3.0,0.9530645021899238,0.965,1.021924239701495
oracle_scale_W250,1482,3.0,0.9530154437957219,0.945,1.0215800615523418
oracle_scale_W250,1483,3.0,0.9530712097627346,0.93,1.021799017021075
oracle_scale_W250,1484,3.0,0.9532280115565521,0.92,1.0223639769424193
oracle_scale_W250,1485,3.0,0.9531273896577808,0.96,1.0222631747266862
oracle_scale_W250,1486,3.0,0.9530880853558368,0.955,1.0221391619306859
oracle_scale_W250,1487,3.0,0.9530560897946835,0.965,1.0220722215593658
oracle_scale_W250,1488,3.0,0.9529342100455126,0.96,1.0215146186854636
oracle_scale_W250,1489,3.0,0.952830370105553,0.96,1.021134527661771
oracle_scale_W250,1490,3.0,0.9527752444742618,0.94,1.0210466950648012
oracle_scale_W250,1491,3.0,0.9527959736471217,0.965,1.0209559695491475
oracle_scale_W250,1492,3.0,0.9526652350227925,0.935,1.0203185354810826
oracle_scale_W250,1493,3.0,0.9526701038227388,0.935,1.0204225469085466
oracle_scale_W250,1494,3.0,0.9528673297986174,0.945,1.0214186777762948
oracle_scale_W250,1495,3.0,0.9530173273322811,0.93,1.021968362607507
oracle_scale_W250,1496,3.0,0.9532325863082559,0.95,1.022919390259531
oracle_scale_W250,1497,3.0,0.9532350612962668,0.94,1.0229302199126122
oracle_scale_W250,1498,3.0,0.9532292209089885,0.935,1.0228912661415197
oracle_scale_W250,1499,3.0,0.953206157695217,0.96,1.022836235514018
oracle_scale_W250,1500,3.0,0.9531554672061315,0.935,1.022456909492722
oracle_scale_W250,1501,3.0,0.9533387671376307,0.955,1.0231797033358376
oracle_scale_W250,1502,3.0,0.9533489814740725,0.955,1.0232299176943374
oracle_scale_W250,1503,3.0,0.9535165222256013,0.97,1.0239306082505777
oracle_scale_W250,1504,3.0,0.9532561610199037,0.945,1.0228353026295753
oracle_scale_W250,1505,3.0,0.9533223893094953,0.965,1.023204136401356
oracle_scale_W250,1506,3.0,0.9531250971452127,0.975,1.0222718615179323
oracle_scale_W250,1507,3.0,0.9530820230564726,0.975,1.0220052027810829
oracle_scale_W250,1508,3.0,0.9529814121711411,0.945,1.0216445272089294
oracle_scale_W250,1509,3.0,0.9530881368954585,0.96,1.0223485911974617
oracle_scale_W250,1510,3.0,0.9531879699663561,0.955,1.0228498563483595
oracle_scale_W250,1511,3.0,0.9531545005657684,0.94,1.0230134089070029
oracle_scale_W250,1512,3.0,0.9531881231269963,0.945,1.0232705998950258
oracle_scale_W250,1513,3.0,0.9531906223818336,0.975,1.0234167095769313
oracle_scale_W250,1514,3.0,0.9530726638102539,0.975,1.0229258482685761
oracle_scale_W250,1515,3.0,0.9528213872736956,0.96,1.0217118162673031
oracle_scale_W250,1516,3.0,0.9528878551092166,0.96,1.021876016059512
oracle_scale_W250,1517,3.0,0.952738436819018,0.92,1.0213304907075496
oracle_scale_W250,1518,3.0,0.9530532865589936,0.935,1.022733125142388
oracle_scale_W250,1519,3.0,0.9532704219940925,0.945,1.0235969630478254
oracle_scale_W250,1520,3.0,0.9531567783252258,0.95,1.0233076924213866
oracle_scale_W250,1521,3.0,0.9531817864208204,0.98,1.0233997734220628
oracle_scale_W250,1522,3.0,0.9529773868132208,0.93,1.0224763281748723
oracle_scale_W250,1523,3.0,0.95306060187915,0.97,1.0228164285368455
oracle_scale_W250,1524,3.0,0.9530774398655488,0.96,1.0230062793447854
oracle_scale_W250,1525,3.0,0.953069243589581,0.95,1.0228845812220957
oracle_scale_W250,1526,3.0,0.9530932643649112,0.985,1.022895566496097
oracle_scale_W250,1527,3.0,0.9530468118938208,0.955,1.0227595142739565
oracle_scale_W250,1528,3.0,0.9529300350475082,0.94,1.022352130987706
oracle_scale_W250,1529,3.0,0.9528897460279065,0.97,1.0222421028458364
oracle_scale_W250,1530,3.0,0.9529055408973386,0.965,1.0222488106545782
oracle_scale_W250,1531,3.0,0.9529455950985448,0.955,1.0223954197456282
oracle_scale_W250,1532,3.0,0.9530044419195859,0.97,1.022429557701041
oracle_scale_W250,1533,3.0,0.9530249649833326,0.95,1.0224525308656618
oracle_scale_W250,1534,3.0,0.9531171049653486,0.955,1.0229124623071162
oracle_scale_W250,1535,3.0,0.9529969297732444,0.95,1.0225099775504674
oracle_scale_W250,1536,3.0,0.9529158074232035,0.94,1.0223233220609833
oracle_scale_W250,1537,3.0,0.9531357920453877,0.95,1.0234025921877348
oracle_scale_W250,1538,3.0,0.9531052240033077,0.97,1.0231772528793954
oracle_scale_W250,1539,3.0,0.9530396582175266,0.955,1.022861398868331
oracle_scale_W250,1540,3.0,0.9529609326904724,0.94,1.0224668916927877
oracle_scale_W250,1541,3.0,0.953039690764077,0.965,1.0228679123204676
oracle_scale_W250,1542,3.0,0.9529495273484204,0.955,1.0224997294678693
oracle_scale_W250,1543,3.0,0.9528851262821153,0.965,1.0222213294492601
oracle_scale_W250,1544,3.0,0.9528330510084106,0.965,1.0218156823362698
oracle_scale_W250,1545,3.0,0.9526842687258581,0.945,1.0210371547022306
oracle_scale_W250,1546,3.0,0.9526902058825246,0.98,1.0211561913959044
oracle_scale_W250,1547,3.0,0.9526136214312865,0.985,1.0206597787935288
oracle_scale_W250,1548,3.0,0.9525084293182892,0.94,1.0201868681082427
oracle_scale_W250,1549,3.0,0.9524388060386234,0.96,1.0200168290757141
oracle_scale_W250,1550,3.0,0.9523559155254722,0.925,1.0194497538525704
oracle_scale_W250,1551,3.0,0.9526430449337804,0.94,1.0204306807648271
oracle_scale_W250,1552,3.0,0.9524630537331401,0.94,1.0197242988883557
oracle_scale_W250,1553,3.0,0.952669969185527,0.97,1.0208448205733724
oracle_scale_W250,1554,3.0,0.9526867275937545,0.96,1.0209457047469117
oracle_scale_W250,1555,3.0,0.9525233398304561,0.93,1.020303737327431
oracle_scale_W250,1556,3.0,0.952480636402942,0.945,1.0199585826538689
oracle_scale_W250,1557,3.0,0.9524002318097289,0.97,1.0199195335005897
oracle_scale_W250,1558,3.0,0.9522727817551336,0.95,1.019296446344833
oracle_scale_W250,1559,3.0,0.9523715984819645,0.97,1.0197884477031398
oracle_scale_W250,1560,3.0,0.9522553227396818,0.935,1.01920314754337
oracle_scale_W250,1561,3.0,0.9523359656085165,0.915,1.0196987203277268
oracle_scale_W250,1562,3.0,0.9524362389719374,0.97,1.0203775854758905
oracle_scale_W250,1563,3.0,0.9522484893480305,0.945,1.0194414019925788
oracle_scale_W250,1564,3.0,0.9523041227248402,0.98,1.019715554164537
oracle_scale_W250,1565,3.0,0.9521435550782872,0.935,1.0188845569349334
oracle_scale_W250,1566,3.0,0.9521775445228923,0.95,1.0189945658778747
oracle_scale_W250,1567,3.0,0.9522881835478373,0.965,1.0194774539498384
oracle_scale_W250,1568,3.0,0.9523587036166632,0.94,1.0197674404176507
oracle_scale_W250,1569,3.0,0.9525779687417686,0.95,1.0204139878524063
oracle_scale_W250,1570,3.0,0.9526552710773106,0.95,1.020538197238323
oracle_scale_W250,1571,3.0,0.952837778326207,0.96,1.0211406013185806
oracle_scale_W250,1572,3.0,0.9529581062524448,0.93,1.021822411560575
oracle_scale_W250,1573,3.0,0.953275396466879,0.925,1.0232561863971963
oracle_scale_W250,1574,3.0,0.9533251281666467,0.945,1.0237032063045484
oracle_scale_W250,1575,3.0,0.9534475293430973,0.945,1.0245044092642912
oracle_scale_W250,1576,3.0,0.9533661088844871,0.965,1.0240965444429273
oracle_scale_W250,1577,3.0,0.9533465936541462,0.965,1.023997699931312
oracle_scale_W250,1578,3.0,0.953275178612673,0.955,1.023693574739029
oracle_scale_W250,1579,3.0,0.9533816651277088,0.97,1.0242239398705026
oracle_scale_W250,1580,3.0,0.9532972649093822,0.95,1.0237848011885216
oracle_scale_W250,1581,3.0,0.9534226378951043,0.95,1.0242805279434932
oracle_scale_W250,1582,3.0,0.9533799629029163,0.935,1.024054314677986
oracle_scale_W250,1583,3.0,0.9532895369724558,0.95,1.023871081682617
oracle_scale_W250,1584,3.0,0.9532214767241571,0.955,1.023552368978664
oracle_scale_W250,1585,3.0,0.953408841080706,0.95,1.0244263782694196
oracle_scale_W250,1586,3.0,0.9535071866392656,0.95,1.0248969147451519
oracle_scale_W250,1587,3.0,0.9533135734492885,0.955,1.0238299274740548
oracle_scale_W250,1588,3.0,0.9530858287652008,0.96,1.0229676667226608
oracle_scale_W250,1589,3.0,0.9530430442963158,0.94,1.0228967611409112
oracle_scale_W250,1590,3.0,0.9530983301916908,0.95,1.023148948258924
oracle_scale_W250,1591,3.0,0.9531673902629427,0.965,1.0234800751128266
oracle_scale_W250,1592,3.0,0.9530800433226589,0.94,1.0228159385101225
oracle_scale_W250,1593,3.0,0.9529213553448526,0.935,1.022183087456049
oracle_scale_W250,1594,3.0,0.9529461926715002,0.965,1.0224153224469958
oracle_scale_W250,1595,3.0,0.9529978164710609,0.93,1.0227014099730172
oracle_scale_W250,1596,3.0,0.9530008926880362,0.965,1.0227264463171781
oracle_scale_W250,1597,3.0,0.9529497174373189,0.95,1.0223982895174166
oracle_scale_W250,1598,3.0,0.9529028229311354,0.95,1.0222056043861332
oracle_scale_W250,1599,3.0,0.9530031487239369,0.945,1.022578884889038
oracle_scale_W250,1600,3.0,0.9530975046451957,0.955,1.0229405579473942
oracle_scale_W250,1601,3.0,0.9532330889766782,0.94,1.0235906885596155
oracle_scale_W250,1602,3.0,0.953116828217472,0.955,1.0230551729229487
oracle_scale_W250,1603,3.0,0.9530564043702564,0.925,1.0228339037148906
oracle_scale_W250,1604,3.0,0.953150423318585,0.97,1.0232745042170295
oracle_scale_W250,1605,3.0,0.9530945069832544,0.945,1.0228114135301023
oracle_scale_W250,1606,3.0,0.9530598695521801,0.94,1.0226825411690053
oracle_scale_W250,1607,3.0,0.9530820548632974,0.955,1.022830855959769
oracle_scale_W250,1608,3.0,0.952916303427009,0.94,1.0219896991050998
oracle_scale_W250,1609,3.0,0.9529100226403119,0.935,1.0219747696448207
oracle_scale_W250,1610,3.0,0.9531013850828167,0.93,1.0227413660808011
oracle_scale_W250,1611,3.0,0.9532837660210386,0.96,1.0235059170998217
oracle_scale_W250,1612,3.0,0.9532847696133077,0.95,1.0235143128868327
oracle_scale_W250,1613,3.0,0.953297885550464,0.955,1.0236215603710677
oracle_scale_W250,1614,3.0,0.9533098866532171,0.95,1.023813118819187
oracle_scale_W250,1615,3.0,0.9531349946595756,0.955,1.0228364790314828
oracle_scale_W250,1616,3.0,0.9532221209593537,0.945,1.0232534191724065
oracle_scale_W250,1617,3.0,0.9530380865061087,0.95,1.022484966504854
oracle_scale_W250,1618,3.0,0.9530866143019776,0.96,1.0226013500150675
oracle_scale_W250,1619,3.0,0.9530270397591241,0.945,1.0226545164151242
oracle_scale_W250,1620,3.0,0.9529605331724672,0.955,1.0226332770936233
oracle_scale_W250,1621,3.0,0.9529502940921212,0.975,1.0227968965209306
oracle_scale_W250,1622,3.0,0.9528510941391676,0.935,1.0222648236521983
oracle_scale_W250,1623,3.0,0.9529477733885875,0.95,1.0225964077462553
oracle_scale_W250,1624,3.0,0.9527794145146359,0.945,1.021706194435012
oracle_scale_W250,1625,3.0,0.9529099464106736,0.94,1.0222208013200795
oracle_scale_W250,1626,3.0,0.9530693586729834,0.935,1.0228069239333406
oracle_scale_W250,1627,3.0,0.9532329307822462,0.975,1.023673488589466
oracle_scale_W250,1628,3.0,0.9531236546427796,0.955,1.0231133132459218
oracle_scale_W250,1629,3.0,0.953234531597924,0.935,1.023688251769085
oracle_scale_W250,1630,3.0,0.953322708143366,0.965,1.0241400170571893
oracle_scale_W250,1631,3.0,0.9532841081661942,0.965,1.0240471181419892
oracle_scale_W250,1632,3.0,0.953203671306596,0.965,1.023585713362233
oracle_scale_W250,1633,3.0,0.9530641295881402,0.95,1.0230868466507366
oracle_scale_W250,1634,3.0,0.9530443650319094,0.965,1.02295795868575
oracle_scale_W250,1635,3.0,0.9531592786621639,0.95,1.023559086918215
oracle_scale_W250,1636,3.0,0.9531172212922692,0.985,1.0233405421613408
oracle_scale_W250,1637,3.0,0.9530428754533534,0.94,1.0230941680865564
oracle_scale_W250,1638,3.0,0.9528932899683883,0.93,1.0224790504033292
oracle_scale_W250,1639,3.0,0.953121113656052,0.96,1.023611029685452
oracle_scale_W250,1640,3.0,0.9532491037267791,0.93,1.024158839068044
oracle_scale_W250,1641,3.0,0.9532772145136151,0.97,1.024102875447759
oracle_scale_W250,1642,3.0,0.953233475478409,0.945,1.023744809718038
oracle_scale_W250,1643,3.0,0.953315670694667,0.93,1.0242295877454466
oracle_scale_W250,1644,3.0,0.9535623197241637,0.95,1.0253772952870248
oracle_scale_W250,1645,3.0,0.9536352490604466,0.955,1.0253940814448432
oracle_scale_W250,1646,3.0,0.9537147892660576,0.97,1.025749095577451
oracle_scale_W250,1647,3.0,0.9537517022315884,0.98,1.0259787495192574
oracle_scale_W250,1648,3.0,0.9536840121860993,0.97,1.0256730741707
oracle_scale_W250,1649,3.0,0.9536773905061474,0.93,1.0256001470961777
oracle_scale_W250,1650,3.0,0.95377627354159,0.965,1.0258871057273586
oracle_scale_W250,1651,3.0,0.9538532515824404,0.95,1.0261468081219942
oracle_scale_W250,1652,3.0,0.9537806071654328,0.96,1.0257170259210446
oracle_scale_W250,1653,3.0,0.9539250202697606,0.95,1.0263619341355024
oracle_scale_W250,1654,3.0,0.9539299067120851,0.945,1.026142765975246
oracle_scale_W250,1655,3.0,0.953907437086759,0.95,1.0259307097694506
oracle_scale_W250,1656,3.0,0.9539839317399492,0.935,1.0264707017064838
oracle_scale_W250,1657,3.0,0.954184125747379,0.95,1.0272421278609718
oracle_scale_W250,1658,3.0,0.954100147025987,0.945,1.0268648692148272
oracle_scale_W250,1659,3.0,0.9541101868468539,0.96,1.02693814360385
oracle_scale_W250,1660,3.0,0.954075083226555,0.955,1.0267955236527226
oracle_scale_W250,1661,3.0,0.9541137466217998,0.96,1.0268667032285448
oracle_scale_W250,1662,3.0,0.9540609865488656,0.94,1.0265095723432611
oracle_scale_W250,1663,3.0,0.9540962251943236,0.94,1.0266771888480934
oracle_scale_W250,1664,3.0,0.9542197820681763,0.955,1.0271217949429023
oracle_scale_W250,1665,3.0,0.9539831434498092,0.96,1.0257985522500752
oracle_scale_W250,1666,3.0,0.9539920598678535,0.955,1.0260158644926651
oracle_scale_W250,1667,3.0,0.9539984850334677,0.96,1.0261498004661371
oracle_scale_W250,1668,3.0,0.953948172536346,0.99,1.025978245515265
oracle_scale_W250,1669,3.0,0.9539650122088804,0.945,1.025992909546778
oracle_scale_W250,1670,3.0,0.9541063102784851,0.975,1.026742453490695
oracle_scale_W250,1671,3.0,0.95404199485769,0.955,1.0264836368823904
oracle_scale_W250,1672,3.0,0.9538943937406685,0.945,1.0258075260792978
oracle_scale_W250,1673,3.0,0.9538392103544093,0.96,1.0255780124567928
oracle_scale_W250,1674,3.0,0.9537055109956063,0.95,1.0249518535233413
oracle_scale_W250,1675,3.0,0.9536851938677038,0.945,1.0246899362846682
oracle_scale_W250,1676,3.0,0.953856998438427,0.975,1.0254453067257046
oracle_scale_W250,1677,3.0,0.9537711709109752,0.945,1.0250458347542888
oracle_scale_W250,1678,3.0,0.9537440178733578,0.96,1.0247800720130362
oracle_scale_W250,1679,3.0,0.9536575181715234,0.955,1.024397212536033
oracle_scale_W250,1680,3.0,0.9537273343962974,0.96,1.0245621527643658
oracle_scale_W250,1681,3.0,0.9536838798235343,0.935,1.0244940228972086
oracle_scale_W250,1682,3.0,0.9537507211256784,0.93,1.0252176043512973
oracle_scale_W250,1683,3.0,0.953857934228336,0.975,1.0255442191812327
oracle_scale_W250,1684,3.0,0.9538233579984349,0.94,1.0254113933367812
oracle_scale_W250,1685,3.0,0.9537884027747046,0.935,1.0253131457872824
oracle_scale_W250,1686,3.0,0.9538855752396077,0.975,1.0258448400950535
oracle_scale_W250,1687,3.0,0.9536387948668746,0.965,1.024672726744706
oracle_scale_W250,1688,3.0,0.953835852940781,0.95,1.0252509200398183
oracle_scale_W250,1689,3.0,0.9538870695741488,0.97,1.0253002337588029
oracle_scale_W250,1690,3.0,0.9537462916832168,0.985,1.0242649725837218
oracle_scale_W250,1691,3.0,0.9536439669684527,0.955,1.0237488661053344
oracle_scale_W250,1692,3.0,0.9536923169389502,0.965,1.023905488711899
oracle_scale_W250,1693,3.0,0.9537832535601276,0.975,1.0242631818217722
oracle_scale_W250,1694,3.0,0.953507785125175,0.945,1.0230434176981058
oracle_scale_W250,1695,3.0,0.9536824729443838,0.955,1.0238616852032718
oracle_scale_W250,1696,3.0,0.9536829900869893,0.935,1.0238881133921773
oracle_scale_W250,1697,3.0,0.9537691843399816,0.96,1.0243227585393917
oracle_scale_W250,1698,3.0,0.9537721617907092,0.97,1.0242843661457277
oracle_scale_W250,1699,3.0,0.9536847072804814,0.945,1.0238346199240724
oracle_scale_W250,1700,3.0,0.9537122933143558,0.975,1.0244253683233264
oracle_scale_W250,1701,3.0,0.9535473138200259,0.96,1.0236080842958837
oracle_scale_W250,1702,3.0,0.9534613843968043,0.96,1.0233379939671077
oracle_scale_W250,1703,3.0,0.9534790240771619,0.955,1.0233726741402382
oracle_scale_W250,1704,3.0,0.9534186362263927,0.965,1.023004861266763
oracle_scale_W250,1705,3.0,0.9532825564647276,0.965,1.0223391244062008
oracle_scale_W250,1706,3.0,0.95335507791441,0.975,1.0225640548679629
oracle_scale_W250,1707,3.0,0.9532924299827127,0.955,1.0221763584140016
oracle_scale_W250,1708,3.0,0.9533344406202019,0.98,1.0222659439859383
oracle_scale_W250,1709,3.0,0.9530213498564225,0.95,1.021009434256916
oracle_scale_W250,1710,3.0,0.953015723894116,0.955,1.021013077271501
oracle_scale_W250,1711,3.0,0.9530759013572233,0.92,1.0212836538368333
oracle_scale_W250,1712,3.0,0.953290507538108,0.925,1.0221072237770574
oracle_scale_W250,1713,3.0,0.9533264319866818,0.955,1.022406247868392
oracle_scale_W250,1714,3.0,0.9532696830638031,0.945,1.022341254645278
oracle_scale_W250,1715,3.0,0.9533343991878388,0.975,1.0226745024047192
oracle_scale_W250,1716,3.0,0.9531274320967662,0.965,1.0216514837724548
oracle_scale_W250,1717,3.0,0.9530828732261302,0.97,1.0212422475045329
oracle_scale_W250,1718,3.0,0.9529478135856684,0.975,1.0206431240533536
oracle_scale_W250,1719,3.0,0.9528902821618871,0.955,1.0204312144690022
oracle_scale_W250,1720,3.0,0.9528185568762515,0.955,1.0201460924124657
oracle_scale_W250,1721,3.0,0.9527724795277939,0.95,1.0198297226855586
oracle_scale_W250,1722,3.0,0.952813421948359,0.975,1.0201811265527974
oracle_scale_W250,1723,3.0,0.952667894871777,0.97,1.0193841804300747
oracle_scale_W250,1724,3.0,0.9525975272015583,0.96,1.0188007529442473
oracle_scale_W250,1725,3.0,0.9526327467340852,0.965,1.0189164794118222
oracle_scale_W250,1726,3.0,0.9526398695546179,0.96,1.0189027669340327
oracle_scale_W250,1727,3.0,0.9525416558155132,0.96,1.018200997535643
oracle_scale_W250,1728,3.0,0.9524354906888091,0.955,1.0176091399056508
oracle_scale_W250,1729,3.0,0.9522202260845134,0.945,1.0166028274659684
oracle_scale_W250,1730,3.0,0.9523397512203986,0.96,1.0171538720015127
oracle_scale_W250,1731,3.0,0.9521892686578218,0.935,1.0164009842595945
oracle_scale_W250,1732,3.0,0.9524377515563418,0.94,1.017682507568112
oracle_scale_W250,1733,3.0,0.9526837628494735,0.915,1.0189818894006188
oracle_scale_W250,1734,3.0,0.9527068677838042,0.935,1.0190897093963063
oracle_scale_W250,1735,3.0,0.9526405765482886,0.965,1.019171372295423
oracle_scale_W250,1736,3.0,0.9526387145262996,0.945,1.0191075104171046
oracle_scale_W250,1737,3.0,0.9527666843420417,0.96,1.019824516394225
oracle_scale_W250,1738,3.0,0.9527394229216078,0.96,1.019737791482462
oracle_scale_W250,1739,3.0,0.9526515390220525,0.96,1.0192129678953474
oracle_scale_W250,1740,3.0,0.9526217569165415,0.965,1.0191085127274806
oracle_scale_W250,1741,3.0,0.9525463324291171,0.95,1.0186906431243141
oracle_scale_W250,1742,3.0,0.9524605042447621,0.96,1.0182185851519938
oracle_scale_W250,1743,3.0,0.9524533482317078,0.925,1.018145031797738
oracle_scale_W250,1744,3.0,0.9523966723281307,0.945,1.0179953780690447
oracle_scale_W250,1745,3.0,0.9523593322443675,0.91,1.017812333589368
oracle_scale_W250,1746,3.0,0.9526429451808641,0.96,1.0190614138507765
oracle_scale_W250,1747,3.0,0.9525286090592147,0.945,1.0185281531071833
oracle_scale_W250,1748,3.0,0.9523568194357966,0.95,1.0178329972844529
oracle_scale_W250,1749,3.0,0.9522979263500221,0.955,1.0173333041274617
oracle_scale_W250,1750,3.0,0.9523226144467667,0.965,1.0175630958764823
oracle_scale_W250,1751,3.0,0.9522036915770843,0.945,1.0169058565212044
oracle_scale_W250,1752,3.0,0.9520091833403871,0.965,1.0160742856121439
oracle_scale_W250,1753,3.0,0.9518940357132684,0.96,1.0155067105261637
oracle_scale_W250,1754,3.0,0.9518032462506083,0.965,1.0152522718452162
oracle_scale_W250,1755,3.0,0.9517624542126777,0.965,1.01499773820366
oracle_scale_W250,1756,3.0,0.951738952526896,0.96,1.0149572249897927
oracle_scale_W250,1757,3.0,0.9518564612825887,0.955,1.0152578567076382
oracle_scale_W250,1758,3.0,0.9519023226410376,0.955,1.0155800077803894
oracle_scale_W250,1759,3.0,0.9519323845193657,0.965,1.0155901227605042
oracle_scale_W250,1760,3.0,0.9518781671785661,0.945,1.0153845023104575
oracle_scale_W250,1761,3.0,0.951933165059798,0.955,1.0158477725995976
oracle_scale_W250,1762,3.0,0.9519529798545805,0.965,1.0157406017582944
oracle_scale_W250,1763,3.0,0.9517977306994324,0.945,1.0149076150088856
oracle_scale_W250,1764,3.0,0.9519333418112015,0.94,1.0157565403051365
oracle_scale_W250,1765,3.0,0.9520849761138674,0.94,1.0164789118944235
oracle_scale_W250,1766,3.0,0.9521581298804631,0.945,1.0169205168804114
oracle_scale_W250,1767,3.0,0.9521013188106332,0.95,1.016743040619872
oracle_scale_W250,1768,3.0,0.9520698544079238,0.96,1.0166019478101318
oracle_scale_W250,1769,3.0,0.9519294838799961,0.93,1.0159452641116338
oracle_scale_W250,1770,3.0,0.9520838830253395,0.94,1.0167612632738872
oracle_scale_W250,1771,3.0,0.9521964428032784,0.96,1.0171411080358814
oracle_scale_W250,1772,3.0,0.9522044113368705,0.965,1.017163506017823
oracle_scale_W250,1773,3.0,0.9521638585649767,0.96,1.0170011935446963
oracle_scale_W250,1774,3.0,0.9521486621360776,0.955,1.0168488557931945
oracle_scale_W250,1775,3.0,0.9520985514565438,0.94,1.0166667988877374
oracle_scale_W250,1776,3.0,0.9521389377119988,0.94,1.016901485939214
oracle_scale_W250,1777,3.0,0.9524237396623451,0.965,1.0181423202948778
oracle_scale_W250,1778,3.0,0.9523815478983885,0.955,1.0178384043447644
oracle_scale_W250,1779,3.0,0.9523431260436493,0.955,1.0176702159536442
oracle_scale_W250,1780,3.0,0.9523425662583128,0.94,1.0178046115584507
oracle_scale_W250,1781,3.0,0.9524864810947048,0.98,1.0183062173762383
oracle_scale_W250,1782,3.0,0.9524142571734324,0.98,1.0179243079615665
oracle_scale_W250,1783,3.0,0.9524368739590011,0.965,1.0177151462824476
oracle_scale_W250,1784,3.0,0.9524063289115319,0.94,1.0173509914053418
oracle_scale_W250,1785,3.0,0.9525379421483509,0.935,1.0178485744999133
oracle_scale_W250,1786,3.0,0.95270019796695,0.94,1.0187715090882543
oracle_scale_W250,1787,3.0,0.9527525808198632,0.96,1.0189996717511054
oracle_scale_W250,1788,3.0,0.9527628216402948,0.955,1.0190818477657073
oracle_scale_W250,1789,3.0,0.9527754489711501,0.98,1.0193060269185998
oracle_scale_W250,1790,3.0,0.9526924267924726,0.945,1.0187922276233716
oracle_scale_W250,1791,3.0,0.9525160122251779,0.95,1.017960611401184
oracle_scale_W250,1792,3.0,0.952691321810639,0.93,1.0188834950180354
oracle_scale_W250,1793,3.0,0.9527395833942623,0.95,1.019205751017079
oracle_scale_W250,1794,3.0,0.952725359074989,0.955,1.019311138591653
oracle_scale_W250,1795,3.0,0.9528293797219851,0.955,1.0198258167139318
oracle_scale_W250,1796,3.0,0.952751703229645,0.97,1.019527679834927
oracle_scale_W250,1797,3.0,0.9527092356270462,0.97,1.0195659350842092
oracle_scale_W250,1798,3.0,0.9528354287686167,0.935,1.0200715861596388
oracle_scale_W250,1799,3.0,0.95298988840008,0.94,1.0207447917545733
oracle_scale_W250,1800,1.0,0.9529738651142403,0.96,1.0206345847738225
oracle_scale_W250,1801,1.0,0.9528417753022562,0.925,1.0201723862444487
oracle_scale_W250,1802,1.0,0.9528744254816818,0.95,1.0200846973993363
oracle_scale_W250,1803,1.0,0.9528358312653612,0.96,1.0198772733529478
oracle_scale_W250,1804,1.0,0.9528861082406958,0.97,1.0201802581324593
oracle_scale_W250,1805,1.0,0.9527540978117272,0.975,1.0195819696856556
oracle_scale_W250,1806,1.0,0.9527134708402584,0.925,1.0193545315303734
oracle_scale_W250,1807,1.0,0.9528498384793136,0.97,1.0198138406547537
oracle_scale_W250,1808,1.0,0.9529896830191401,0.94,1.0202277473247081
oracle_scale_W250,1809,1.0,0.9530126084768408,0.965,1.020539946875899
oracle_scale_W250,1810,1.0,0.9529555344747017,0.95,1.0201611502633303
oracle_scale_W250,1811,1.0,0.9528788636833702,0.97,1.019783442887679
oracle_scale_W250,1812,1.0,0.9527220842988028,0.965,1.0188162401923568
oracle_scale_W250,1813,1.0,0.9528281907644779,0.92,1.0192581949663744
oracle_scale_W250,1814,1.0,0.9527364572474218,0.95,1.0185792662999544
oracle_scale_W250,1815,1.0,0.9529266624286588,0.935,1.0196492970138535
oracle_scale_W250,1816,1.0,0.9528799294123942,0.96,1.0193336028569804
oracle_scale_W250,1817,1.0,0.9528257032393556,0.96,1.0191056924896105
oracle_scale_W250,1818,1.0,0.9528972585582437,0.94,1.0193751708484067
oracle_scale_W250,1819,1.0,0.9528569794374973,0.96,1.0192409349482756
oracle_scale_W250,1820,1.0,0.9526699868435513,0.955,1.0183842176947744
oracle_scale_W250,1821,1.0,0.9528232533233435,0.945,1.0189538920709298
oracle_scale_W250,1822,1.0,0.9528515554572223,0.97,1.0189077726690163
oracle_scale_W250,1823,1.0,0.9525914326118087,0.955,1.0177451650252995
oracle_scale_W250,1824,1.0,0.9524737089097169,0.96,1.0172447837390703
oracle_scale_W250,1825,1.0,0.9524256220052021,0.96,1.0171361722239067
oracle_scale_W250,1826,1.0,0.9524277308834864,0.92,1.0171367301517895
oracle_scale_W250,1827,1.0,0.9527630306918117,0.95,1.0186898861798688
oracle_scale_W250,1828,1.0,0.9527536234951807,0.955,1.0186606964234945
oracle_scale_W250,1829,1.0,0.9527952993734814,0.945,1.0187385544660594
oracle_scale_W250,1830,1.0,0.9529343278562918,0.935,1.0194339218329187
oracle_scale_W250,1831,1.0,0.9529935481386035,0.965,1.019685770386082
oracle_scale_W250,1832,1.0,0.9529763708880711,0.98,1.0196342777411163
oracle_scale_W250,1833,1.0,0.9528414733475167,0.945,1.0189372858142922
oracle_scale_W250,1834,1.0,0.9528583060938303,0.94,1.0189860852947779
oracle_scale_W250,1835,1.0,0.9527785086830722,0.945,1.0186197062337943
oracle_scale_W250,1836,1.0,0.9528664573266121,0.945,1.0188942406050863
oracle_scale_W250,1837,1.0,0.9530664165365192,0.965,1.0199131460872182
oracle_scale_W250,1838,1.0,0.9529418463708181,0.945,1.0195206516186752
oracle_scale_W250,1839,1.0,0.9530499561762218,0.945,1.019964786510402
oracle_scale_W250,1840,1.0,0.9529500019959827,0.955,1.0196857802018955
oracle_scale_W250,1841,1.0,0.9529110011440045,0.96,1.019436388612919
oracle_scale_W250,1842,1.0,0.9529311201372139,0.965,1.0195882648369898
oracle_scale_W250,1843,1.0,0.9529147584557772,0.95,1.019563908807858
oracle_scale_W250,1844,1.0,0.9527739720158069,0.945,1.0189408858512115
oracle_scale_W250,1845,1.0,0.9527618811204894,0.945,1.0188813722817003
oracle_scale_W250,1846,1.0,0.9528303232877182,0.98,1.0189828244007497
oracle_scale_W250,1847,1.0,0.9527693372485824,0.94,1.0186615914199368
oracle_scale_W250,1848,1.0,0.9526633050636668,0.925,1.0181568072500873
oracle_scale_W250,1849,1.0,0.952772394180692,0.945,1.0187439728622691
oracle_scale_W250,1850,1.0,0.952747357398556,0.96,1.018593029665352
oracle_scale_W250,1851,1.0,0.9526569097676201,0.945,1.0183026318249744
oracle_scale_W250,1852,1.0,0.9526883018736605,0.965,1.0183712067815502
oracle_scale_W250,1853,1.0,0.9526102648399072,0.93,1.0179894740298576
oracle_scale_W250,1854,1.0,0.9526084500851669,0.99,1.0181721946802955
oracle_scale_W250,1855,1.0,0.9525222193562104,0.975,1.0179101217870672
oracle_scale_W250,1856,1.0,0.9523055091351503,0.96,1.0169795491895222
oracle_scale_W250,1857,1.0,0.9521093662650094,0.955,1.0161380497249481
oracle_scale_W250,1858,1.0,0.9521436040734295,0.965,1.0163211345318015
oracle_scale_W250,1859,1.0,0.9521498892208042,0.965,1.0161824770738037
oracle_scale_W250,1860,1.0,0.9519528677706219,0.94,1.0151826449577037
oracle_scale_W250,1861,1.0,0.9521829680403104,0.97,1.0159738342834015
oracle_scale_W250,1862,1.0,0.952145336332855,0.95,1.0157639923884458
oracle_scale_W250,1863,1.0,0.9520933857824594,0.955,1.0156114784845962
oracle_scale_W250,1864,1.0,0.9520332277608367,0.93,1.0153132982326545
oracle_scale_W250,1865,1.0,0.9524982829457338,0.965,1.0170994397934285
oracle_scale_W250,1866,1.0,0.9523479704027981,0.94,1.0164052719172136
oracle_scale_W250,1867,1.0,0.9524066638139891,0.94,1.0167668290654894
oracle_scale_W250,1868,1.0,0.9521789676779493,0.955,1.0160328311502829
oracle_scale_W250,1869,1.0,0.9521846658989097,0.955,1.0159579393532925
oracle_scale_W250,1870,1.0,0.9520420683386969,0.975,1.0154993828722256
oracle_scale_W250,1871,1.0,0.9518822754478299,0.965,1.0148401282927813
oracle_scale_W250,1872,1.0,0.9518605360575711,0.945,1.014907266910992
oracle_scale_W250,1873,1.0,0.9517963495374494,0.96,1.014632251419664
oracle_scale_W250,1874,1.0,0.9518491580245276,0.955,1.0148231492930906
oracle_scale_W250,1875,1.0,0.9517647157353579,0.955,1.0147324222924177
oracle_scale_W250,1876,1.0,0.9516443625619964,0.965,1.0141727044121145
oracle_scale_W250,1877,1.0,0.9515097541650058,0.935,1.0137906967172823
oracle_scale_W250,1878,1.0,0.9514763388732078,0.925,1.013683810959927
oracle_scale_W250,1879,1.0,0.9514584468950079,0.96,1.0136808618099027
oracle_scale_W250,1880,1.0,0.9514893632727365,0.97,1.0137504043580186
oracle_scale_W250,1881,1.0,0.9514950048385731,0.96,1.0137459998625633
oracle_scale_W250,1882,1.0,0.9516571118886448,0.975,1.0143485884337378
oracle_scale_W250,1883,1.0,0.9516215239725381,0.955,1.0141074867853426
oracle_scale_W250,1884,1.0,0.9516074774079007,0.97,1.0139547515115266
oracle_scale_W250,1885,1.0,0.9516423344591908,0.95,1.0139947608493005
oracle_scale_W250,1886,1.0,0.9514369965178191,0.94,1.0132358680270885
oracle_scale_W250,1887,1.0,0.951545104967289,0.935,1.0139962919923855
oracle_scale_W250,1888,1.0,0.9514133355945671,0.955,1.0133212018426183
oracle_scale_W250,1889,1.0,0.9513190143994091,0.96,1.0129793580572306
oracle_scale_W250,1890,1.0,0.9512445965824172,0.96,1.012603565073661
oracle_scale_W250,1891,1.0,0.950980124902215,0.975,1.011412373367529
oracle_scale_W250,1892,1.0,0.9510673969305372,0.92,1.0117863863739167
oracle_scale_W250,1893,1.0,0.951217313959638,0.97,1.0126238201918787
oracle_scale_W250,1894,1.0,0.9509515051123048,0.97,1.0113308913802066
oracle_scale_W250,1895,1.0,0.9506902577955171,0.96,1.0103003350466895
oracle_scale_W250,1896,1.0,0.9506338031505586,0.96,1.0103206527894388
oracle_scale_W250,1897,1.0,0.9505733864478577,0.945,1.010233264498921
oracle_scale_W250,1898,1.0,0.9507016889498837,0.95,1.0108357362547156
oracle_scale_W250,1899,1.0,0.9508169745870778,0.955,1.0111799112446298
oracle_scale_W250,1900,1.0,0.9510239578162428,0.97,1.0119485536854036
oracle_scale_W250,1901,1.0,0.9510512321760684,0.945,1.01219353507638
oracle_scale_W250,1902,1.0,0.9509306660425443,0.95,1.0117673003760057
oracle_scale_W250,1903,1.0,0.9510514525103168,0.955,1.012315169987425
oracle_scale_W250,1904,1.0,0.951097511941676,0.97,1.0125042162186317
oracle_scale_W250,1905,1.0,0.9511088750325021,0.97,1.0124897152547625
oracle_scale_W250,1906,1.0,0.9508780370103977,0.925,1.0114473337674348
oracle_scale_W250,1907,1.0,0.9509485714033926,0.955,1.011650213926022
oracle_scale_W250,1908,1.0,0.9509441957172043,0.965,1.011553218882474
oracle_scale_W250,1909,1.0,0.9506680010332116,0.94,1.0104613156723556
oracle_scale_W250,1910,1.0,0.9505106693790722,0.955,1.0099824612424357
oracle_scale_W250,1911,1.0,0.9506578707105351,0.975,1.010569708151869
oracle_scale_W250,1912,1.0,0.9506259445352814,0.965,1.0104535170724152
oracle_scale_W250,1913,1.0,0.9504240607792491,0.925,1.0092106170740371
oracle_scale_W250,1914,1.0,0.9504394134874053,0.95,1.0092876223256346
oracle_scale_W250,1915,1.0,0.9504460924366078,0.975,1.0091596925368376
oracle_scale_W250,1916,1.0,0.9504193270754382,0.965,1.0090648619696818
oracle_scale_W250,1917,1.0,0.950356026240972,0.925,1.0089271163892517
oracle_scale_W250,1918,1.0,0.9505799232385713,0.96,1.0097592857357989
oracle_scale_W250,1919,1.0,0.9506820679471213,0.935,1.0103750031002363
oracle_scale_W250,1920,1.0,0.9507031390743594,0.955,1.0105488286929687
oracle_scale_W250,1921,1.0,0.950858086380439,0.96,1.0111390630302575
oracle_scale_W250,1922,1.0,0.9509422285191184,0.97,1.01132223065969
oracle_scale_W250,1923,1.0,0.9508795769296338,0.96,1.0110122990807995
oracle_scale_W250,1924,1.0,0.9509274342514756,0.965,1.011342494473146
oracle_scale_W250,1925,1.0,0.950791660737651,0.93,1.010785318289285
oracle_scale_W250,1926,1.0,0.9509241393192253,0.93,1.0112379305421257
oracle_scale_W250,1927,1.0,0.9510703707039668,0.955,1.0119164625518677
oracle_scale_W250,1928,1.0,0.9508636728235319,0.94,1.0112513720333907
oracle_scale_W250,1929,1.0,0.9509342047232282,0.96,1.0114357682674215
oracle_scale_W250,1930,1.0,0.9509489543148562,0.97,1.0114860787220714
oracle_scale_W250,1931,1.0,0.9507362738832384,0.95,1.0105638651888926
oracle_scale_W250,1932,1.0,0.95073331537532,0.945,1.0106853226474397
oracle_scale_W250,1933,1.0,0.9505702937596078,0.94,1.009855675045606
oracle_scale_W250,1934,1.0,0.9506668541862681,0.965,1.010223221798268
oracle_scale_W250,1935,1.0,0.9505751176497691,0.95,1.00977100021483
oracle_scale_W250,1936,1.0,0.950627272075217,0.945,1.010030873852932
oracle_scale_W250,1937,1.0,0.9507924942146366,0.955,1.0107465198001024
oracle_scale_W250,1938,1.0,0.9508640741071868,0.955,1.0110596299267414
oracle_scale_W250,1939,1.0,0.950838535184875,0.96,1.0109100497648829
oracle_scale_W250,1940,1.0,0.9509111852957443,0.935,1.0112035535664345
oracle_scale_W250,1941,1.0,0.9509538380435307,0.95,1.011454682562684
oracle_scale_W250,1942,1.0,0.9509805413355374,0.925,1.0115924865981372
oracle_scale_W250,1943,1.0,0.9510931523088442,0.93,1.0121706339145682
oracle_scale_W250,1944,1.0,0.9512484923349867,0.955,1.0127640917541114
oracle_scale_W250,1945,1.0,0.9511725706004897,0.985,1.0126227881815284
oracle_scale_W250,1946,1.0,0.9510704863986477,0.925,1.0121241806001324
oracle_scale_W250,1947,1.0,0.951072418594439,0.925,1.0123087629513894
oracle_scale_W250,1948,1.0,0.9513182699366491,0.925,1.013398174665069
oracle_scale_W250,1949,1.0,0.9515259752067563,0.965,1.0145191551300654
oracle_scale_W250,1950,1.0,0.9514287623862236,0.955,1.0140005462697232
oracle_scale_W250,1951,1.0,0.9514774426438666,0.94,1.014142152205439
oracle_scale_W250,1952,1.0,0.9513914774073355,0.945,1.0139641061272597
oracle_scale_W250,1953,1.0,0.9515510716740532,0.945,1.0147338306192253
oracle_scale_W250,1954,1.0,0.9515402472101101,0.925,1.014581664106279
oracle_scale_W250,1955,1.0,0.9515838413777233,0.94,1.0149384502970291
oracle_scale_W250,1956,1.0,0.9517476338411526,0.95,1.0158037321959013
oracle_scale_W250,1957,1.0,0.9519368361274081,0.935,1.016719044927535
oracle_scale_W250,1958,1.0,0.9518857539095685,0.955,1.0164671756415178
oracle_scale_W250,1959,1.0,0.9519281062573982,0.945,1.016533976471865
oracle_scale_W250,1960,1.0,0.9518142863380586,0.945,1.0161812138783743
oracle_scale_W250,1961,1.0,0.9518009137254657,0.975,1.0161411605356891
oracle_scale_W250,1962,1.0,0.9517594831603644,0.955,1.01603257313113
oracle_scale_W250,1963,1.0,0.9517977297699798,0.945,1.0161568363771467
oracle_scale_W250,1964,1.0,0.9519451442678709,0.965,1.0169204772334677
oracle_scale_W250,1965,1.0,0.9517848881324684,0.945,1.0163534046456975
oracle_scale_W250,1966,1.0,0.951775666603415,0.945,1.0163154088340907
oracle_scale_W250,1967,1.0,0.9518713031083935,0.925,1.0166078103071028
oracle_scale_W250,1968,1.0,0.9520645588069802,0.97,1.0173047118684644
oracle_scale_W250,1969,1.0,0.9520743179372047,0.975,1.0172985503140297
oracle_scale_W250,1970,1.0,0.9520086714407089,0.92,1.0167951907727142
oracle_scale_W250,1971,1.0,0.9521051045852984,0.955,1.0172122829316905
oracle_scale_W250,1972,1.0,0.9521939044062248,0.975,1.0175509760076973
oracle_scale_W250,1973,1.0,0.9522357690954137,0.95,1.0175847548093557
oracle_scale_W250,1974,1.0,0.952236747150121,0.955,1.0177521926109039
oracle_scale_W250,1975,1.0,0.9521822695701968,0.98,1.017448272068802
oracle_scale_W250,1976,1.0,0.9521532346886852,0.955,1.0172490750900942
oracle_scale_W250,1977,1.0,0.9521485142992505,0.95,1.0172733586150293
oracle_scale_W250,1978,1.0,0.9521554458858875,0.95,1.0171258741029254
oracle_scale_W250,1979,1.0,0.9521451058481812,0.98,1.0171390196276906
oracle_scale_W250,1980,1.0,0.9517876335601859,0.95,1.0156237921546925
oracle_scale_W250,1981,1.0,0.9518060632476155,0.95,1.015894233619085
oracle_scale_W250,1982,1.0,0.95184868961603,0.975,1.0162128678359854
oracle_scale_W250,1983,1.0,0.9518462172792637,0.975,1.0160522050114031
oracle_scale_W250,1984,1.0,0.9516101265512154,0.92,1.014983677153224
oracle_scale_W250,1985,1.0,0.9516722435685304,0.975,1.0150568780982894
oracle_scale_W250,1986,1.0,0.9516351454578263,0.975,1.0149057304504683
oracle_scale_W250,1987,1.0,0.951483927592513,0.95,1.0139576116878788
oracle_scale_W250,1988,1.0,0.9515861993304853,0.925,1.0142210357595054
oracle_scale_W250,1989,1.0,0.9517934029087647,0.96,1.0153874846539306
oracle_scale_W250,1990,1.0,0.9517187845204922,0.955,1.0151162941658227
oracle_scale_W250,1991,1.0,0.951740400724505,0.95,1.0152790764297859
oracle_scale_W250,1992,1.0,0.9516312409061132,0.965,1.0146081028669067
oracle_scale_W250,1993,1.0,0.9515649665404555,0.955,1.014241454829475
oracle_scale_W250,1994,1.0,0.9515209914749245,0.94,1.0138457460093513
oracle_scale_W250,1995,1.0,0.9516275649104762,0.95,1.014312283899061
oracle_scale_W250,1996,1.0,0.9514348464666048,0.95,1.0134813278553867
oracle_scale_W250,1997,1.0,0.9513963038139499,0.965,1.0132927556936844
oracle_scale_W250,1998,1.0,0.9514099384639113,0.96,1.013550537918887
oracle_scale_W250,1999,1.0,0.9515225482039855,0.955,1.0141078411944693
oracle_scale_W250,2000,1.0,0.951632447745335,0.93,1.0146108869232773
oracle_scale_W250,2001,1.0,0.9518254107934626,0.955,1.0153611226630337
oracle_scale_W250,2002,1.0,0.9517976037450282,0.975,1.0152912660646651
oracle_scale_W250,2003,1.0,0.9517956454139488,0.935,1.0153477880067134
oracle_scale_W250,2004,1.0,0.9519592280921623,0.95,1.0160446249085229
oracle_scale_W250,2005,1.0,0.9519136342038615,0.97,1.0160088008096517
oracle_scale_W250,2006,1.0,0.951885704503736,0.95,1.016060703403504
oracle_scale_W250,2007,1.0,0.9519025737818256,0.955,1.0161904945323696
oracle_scale_W250,2008,1.0,0.9519975965964186,0.955,1.0164072264205715
oracle_scale_W250,2009,1.0,0.952018827662892,0.94,1.0165933429847072
oracle_scale_W250,2010,1.0,0.9520147413349062,0.945,1.0165237565121428
oracle_scale_W250,2011,1.0,0.9520606254981453,0.96,1.0165337619879653
oracle_scale_W250,2012,1.0,0.952150183478046,0.96,1.0169308935636665
oracle_scale_W250,2013,1.0,0.9522619384671737,0.96,1.0176757565411112
oracle_scale_W250,2014,1.0,0.9520441108170806,0.955,1.0167262761565323
oracle_scale_W250,2015,1.0,0.9520386653698489,0.96,1.016623552854655
oracle_scale_W250,2016,1.0,0.9518707791454772,0.935,1.015889796207678
oracle_scale_W250,2017,1.0,0.9519558469849275,0.95,1.0159615327469433
oracle_scale_W250,2018,1.0,0.9518490963998554,0.95,1.0153630066858468
oracle_scale_W250,2019,1.0,0.9517664436859554,0.945,1.0151080626217333
oracle_scale_W250,2020,1.0,0.9517982583647914,0.945,1.0150701892431997
oracle_scale_W250,2021,1.0,0.9516468413777883,0.98,1.0146836602678682
oracle_scale_W250,2022,1.0,0.9515975853873994,0.925,1.0145421458954993
oracle_scale_W250,2023,1.0,0.9517818047988088,0.94,1.015334456571376
oracle_scale_W250,2024,1.0,0.951992403077364,0.955,1.0163295381486694
oracle_scale_W250,2025,1.0,0.9520907543730506,0.975,1.0167250656027007
oracle_scale_W250,2026,1.0,0.9520142990089911,0.965,1.0164136021701866
oracle_scale_W250,2027,1.0,0.9516526995360932,0.945,1.014715931602952
oracle_scale_W250,2028,1.0,0.9518294243562138,0.945,1.0153817816316182
oracle_scale_W250,2029,1.0,0.9518749207031331,0.955,1.0157097856681174
oracle_scale_W250,2030,1.0,0.9519478904488381,0.915,1.0157718857492428
oracle_scale_W250,2031,1.0,0.9520051549892773,0.965,1.0161456420178596
oracle_scale_W250,2032,1.0,0.9519722685401902,0.955,1.0159127303678102
oracle_scale_W250,2033,1.0,0.9518699441573285,0.94,1.0155491898216042
oracle_scale_W250,2034,1.0,0.9520241214845907,0.95,1.0164140896051654
oracle_scale_W250,2035,1.0,0.9520491858643715,0.97,1.0164929894888362
oracle_scale_W250,2036,1.0,0.9517789507406085,0.985,1.0151293499604004
oracle_scale_W250,2037,1.0,0.9517286490201243,0.94,1.0147691840520485
oracle_scale_W250,2038,1.0,0.9518628017725211,0.95,1.0155382605436956
oracle_scale_W250,2039,1.0,0.9517786602761475,0.965,1.015261066751564
oracle_scale_W250,2040,1.0,0.9518097446144447,0.955,1.0155244930889473
oracle_scale_W250,2041,1.0,0.9516430372041569,0.955,1.0145803688327804
oracle_scale_W250,2042,1.0,0.9514836586257692,0.945,1.0138544784606345
oracle_scale_W250,2043,1.0,0.9514275948853801,0.955,1.0137677708744115
oracle_scale_W250,2044,1.0,0.9515114175753032,0.96,1.0140023100032896
oracle_scale_W250,2045,1.0,0.9514319803903812,0.95,1.0136803890240693
oracle_scale_W250,2046,1.0,0.9515616668114422,0.965,1.0143000842219216
oracle_scale_W250,2047,1.0,0.9514112972257633,0.97,1.0140149628344535
oracle_scale_W250,2048,1.0,0.9515355835026521,0.94,1.0144689601211239
oracle_scale_W250,2049,1.0,0.951523145603103,0.97,1.0142748678953522
oracle_scale_W250,2050,1.0,0.9515194144731098,0.96,1.0143291938429764
oracle_scale_W250,2051,1.0,0.951448632639553,0.94,1.0140224421650383
oracle_scale_W250,2052,1.0,0.9515014982427519,0.955,1.0140592523685417
oracle_scale_W250,2053,1.0,0.9515106778192357,0.99,1.013997142419901
oracle_scale_W250,2054,1.0,0.951222995562458,0.965,1.0127941049961526
oracle_scale_W250,2055,1.0,0.9511102803724009,0.945,1.0122254090884937
oracle_scale_W250,2056,1.0,0.9512912607548616,0.955,1.0130371336807382
oracle_scale_W250,2057,1.0,0.9510937366001554,0.955,1.0122722000388429
oracle_scale_W250,2058,1.0,0.9512719666882883,0.95,1.0128830309522217
oracle_scale_W250,2059,1.0,0.9511444967095113,0.975,1.0122891943584906
oracle_scale_W250,2060,1.0,0.9510090341272469,0.93,1.0115624869227975
oracle_scale_W250,2061,1.0,0.9512562728114368,0.965,1.012708216702598
oracle_scale_W250,2062,1.0,0.9513580190189468,0.93,1.0132855491049897
oracle_scale_W250,2063,1.0,0.9515368820249117,0.955,1.0140834274500283
oracle_scale_W250,2064,1.0,0.9513484183655563,0.955,1.0131965465151498
oracle_scale_W250,2065,1.0,0.9513289223231396,0.955,1.0130130173317073
oracle_scale_W250,2066,1.0,0.9513003410655158,0.965,1.0128850063881671
oracle_scale_W250,2067,1.0,0.9512142518401564,0.965,1.0123679454901342
oracle_scale_W250,2068,1.0,0.9512751309329858,0.96,1.0127657273885406
oracle_scale_W250,2069,1.0,0.9511773273779606,0.95,1.0121550918852589
oracle_scale_W250,2070,1.0,0.9510384900395866,0.93,1.0116785361846332
oracle_scale_W250,2071,1.0,0.9512944555800683,0.95,1.0129628481929738
oracle_scale_W250,2072,1.0,0.9513241030943986,0.955,1.0131028895942478
oracle_scale_W250,2073,1.0,0.9512740688664472,0.975,1.0129932697976265
oracle_scale_W250,2074,1.0,0.9513282501744379,0.95,1.0131524974111987
oracle_scale_W250,2075,1.0,0.9512977837766949,0.955,1.0130873378403722
oracle_scale_W250,2076,1.0,0.9513705252908895,0.965,1.0133686667583193
oracle_scale_W250,2077,1.0,0.9514481898988153,0.975,1.0137443884070325
oracle_scale_W250,2078,1.0,0.951266267771616,0.965,1.0129349542049737
oracle_scale_W250,2079,1.0,0.9512068430825892,0.96,1.0127343188394133
oracle_scale_W250,2080,1.0,0.9510637645755387,0.97,1.012042856798579
oracle_scale_W250,2081,1.0,0.9508518741216727,0.97,1.0109486061340285
oracle_scale_W250,2082,1.0,0.9509211036281596,0.98,1.011033678350129
oracle_scale_W250,2083,1.0,0.9508859789713264,0.93,1.0109209502307102
oracle_scale_W250,2084,1.0,0.9509544648039207,0.965,1.0113667881555544
oracle_scale_W250,2085,1.0,0.9509277834083677,0.96,1.0111174736879993
oracle_scale_W250,2086,1.0,0.9507239569077374,0.98,1.0101166043771521
oracle_scale_W250,2087,1.0,0.9506129723203923,0.955,1.0098129891581167
oracle_scale_W250,2088,1.0,0.950674681590763,0.91,1.0099433169295475
oracle_scale_W250,2089,1.0,0.9508126669298521,0.93,1.0108638659063964
oracle_scale_W250,2090,1.0,0.9510134397834527,0.955,1.0117302474868528
oracle_scale_W250,2091,1.0,0.9511556146341235,0.975,1.0120897593619793
oracle_scale_W250,2092,1.0,0.9508280156104348,0.945,1.010689679841632
oracle_scale_W250,2093,1.0,0.9509037968548703,0.975,1.0110241528368642
oracle_scale_W250,2094,1.0,0.9507384467054253,0.945,1.0102562205563388
oracle_scale_W250,2095,1.0,0.950914245051905,0.945,1.0112282642946957
oracle_scale_W250,2096,1.0,0.9508442709242072,0.935,1.0107880742445081
oracle_scale_W250,2097,1.0,0.9509292902421896,0.93,1.0112837218212123
oracle_scale_W250,2098,1.0,0.9510925370693023,0.945,1.0119785523193028
oracle_scale_W250,2099,1.0,0.951032692741413,0.965,1.0116581027342983
oracle_scale_W250,2100,1.0,0.9508868358968262,0.935,1.0108760131039174
oracle_scale_W250,2101,1.0,0.9511036050984052,0.94,1.011808370122305
oracle_scale_W250,2102,1.0,0.9509917569967365,0.955,1.0109997980433472
oracle_scale_W250,2103,1.0,0.9510237411730676,0.93,1.011189191834589
oracle_scale_W250,2104,1.0,0.9509182574370315,0.96,1.0105886097917007
oracle_scale_W250,2105,1.0,0.95094580181464,0.97,1.010843842328719
oracle_scale_W250,2106,1.0,0.9510374807965926,0.94,1.0112498917051982
oracle_scale_W250,2107,1.0,0.9510319432703068,0.955,1.0114394247111311
oracle_scale_W250,2108,1.0,0.9508359540545592,0.935,1.010670806948054
oracle_scale_W250,2109,1.0,0.9509107121180327,0.99,1.011029980388489
oracle_scale_W250,2110,1.0,0.9507982035389492,0.96,1.0105758156211366
oracle_scale_W250,2111,1.0,0.9507144512058681,0.96,1.0102306167957775
oracle_scale_W250,2112,1.0,0.9508116694006523,0.965,1.0106116974573713
oracle_scale_W250,2113,1.0,0.9507759369777099,0.945,1.0105404012000767
oracle_scale_W250,2114,1.0,0.9509613642474816,0.95,1.0112684448927007
oracle_scale_W250,2115,1.0,0.9509634233119827,0.96,1.0112068391945979
oracle_scale_W250,2116,1.0,0.9511128599009302,0.955,1.011899754367812
oracle_scale_W250,2117,1.0,0.9510120749559681,0.925,1.0114933294515254
oracle_scale_W250,2118,1.0,0.9509119866879459,0.945,1.0112913650072353
oracle_scale_W250,2119,1.0,0.9508702481229413,0.95,1.0110239714363796
oracle_scale_W250,2120,1.0,0.9508659552318173,0.92,1.010962568373548
oracle_scale_W250,2121,1.0,0.9510002381395566,0.945,1.0115889415400723
oracle_scale_W250,2122,1.0,0.9510148928107095,0.975,1.0117576305438416
oracle_scale_W250,2123,1.0,0.9509353075717993,0.96,1.011374565437112
oracle_scale_W250,2124,1.0,0.9507774257760789,0.935,1.0104557494017143
oracle_scale_W250,2125,1.0,0.950905557483689,0.94,1.0110391317609149
oracle_scale_W250,2126,1.0,0.9507676715146941,0.975,1.0103623096638437
oracle_scale_W250,2127,1.0,0.9507060975111759,0.955,1.0101524830691306
oracle_scale_W250,2128,1.0,0.9505055359438646,0.955,1.0092963800133272
oracle_scale_W250,2129,1.0,0.9504840784205993,0.94,1.0093714673873502
oracle_scale_W250,2130,1.0,0.9504411674812558,0.95,1.0091394276360828
oracle_scale_W250,2131,1.0,0.9505525831066651,0.965,1.0095953647582223
oracle_scale_W250,2132,1.0,0.9503918037628338,0.945,1.0088556385190846
oracle_scale_W250,2133,1.0,0.9505430994994123,0.94,1.0095973155703881
oracle_scale_W250,2134,1.0,0.950489701396081,0.97,1.009307068087934
oracle_scale_W250,2135,1.0,0.9505371405915638,0.965,1.0095852048123928
oracle_scale_W250,2136,1.0,0.9504224393625071,0.965,1.009069340928237
oracle_scale_W250,2137,1.0,0.9502893994991513,0.945,1.0084706969000863
oracle_scale_W250,2138,1.0,0.9504287644393137,0.96,1.0091532444878915
oracle_scale_W250,2139,1.0,0.9503000885485445,0.96,1.0087473970467995
oracle_scale_W250,2140,1.0,0.9503164051576508,0.96,1.008811977877521
oracle_scale_W250,2141,1.0,0.9502984336960466,0.955,1.008703604500031
oracle_scale_W250,2142,1.0,0.9503074565216783,0.95,1.008702070669849
oracle_scale_W250,2143,1.0,0.9503558870741777,0.94,1.00893266301508
oracle_scale_W250,2144,1.0,0.9506501468045822,0.95,1.0102756254369796
oracle_scale_W250,2145,1.0,0.9506690222792371,0.985,1.0104684700635616
oracle_scale_W250,2146,1.0,0.9505078137319927,0.945,1.009552604395046
oracle_scale_W250,2147,1.0,0.9505265670609058,0.94,1.0097224928328554
oracle_scale_W250,2148,1.0,0.9505765283803578,0.95,1.0099588288881711
oracle_scale_W250,2149,1.0,0.950712843058731,0.95,1.0104995711309501
oracle_scale_W250,2150,1.0,0.9508203041144386,0.975,1.0111205913735501
oracle_scale_W250,2151,1.0,0.9507759584222568,0.945,1.0109510931371788
oracle_scale_W250,2152,1.0,0.9507086427393642,0.97,1.010587536168017
oracle_scale_W250,2153,1.0,0.9507447639032197,0.95,1.010746734505602
oracle_scale_W250,2154,1.0,0.9507913843570155,0.96,1.0109585339713476
oracle_scale_W250,2155,1.0,0.9507586858098724,0.96,1.0106825130496169
oracle_scale_W250,2156,1.0,0.9507474095441236,0.945,1.01059046309429
oracle_scale_W250,2157,1.0,0.9507293023369101,0.97,1.010496541648906
oracle_scale_W250,2158,1.0,0.9507711488551231,0.965,1.010681684188733
oracle_scale_W250,2159,1.0,0.9507535720631286,0.955,1.0107032894128907
oracle_scale_W250,2160,1.0,0.9506133344827379,0.975,1.0100052131570587
oracle_scale_W250,2161,1.0,0.9505099679463737,0.96,1.0095865450831196
oracle_scale_W250,2162,1.0,0.9504825140699426,0.945,1.0094460641100684
oracle_scale_W250,2163,1.0,0.9503641658556748,0.955,1.0090528418452678
oracle_scale_W250,2164,1.0,0.9502191977721057,0.94,1.008374539411021
oracle_scale_W250,2165,1.0,0.9502991438456192,0.945,1.0087283291213907
oracle_scale_W250,2166,1.0,0.9503021120511695,0.95,1.008726084091553
oracle_scale_W250,2167,1.0,0.9504547765462172,0.96,1.0093174570123538
oracle_scale_W250,2168,1.0,0.9504549180922485,0.955,1.0092304776223875
oracle_scale_W250,2169,1.0,0.950351970026054,0.955,1.0087383729323636
oracle_scale_W250,2170,1.0,0.9504812099307071,0.97,1.0092603501756827
oracle_scale_W250,2171,1.0,0.9504062783104211,0.95,1.0088023874253735
oracle_scale_W250,2172,1.0,0.9503546649313117,0.96,1.008699938375006
oracle_scale_W250,2173,1.0,0.9503324494221868,0.945,1.0086777459801357
oracle_scale_W250,2174,1.0,0.9503685326206534,0.97,1.008586488087269
oracle_scale_W250,2175,1.0,0.9501593162466833,0.96,1.0077595952059568
oracle_scale_W250,2176,1.0,0.9502552352183795,0.955,1.0081080252974077
oracle_scale_W250,2177,1.0,0.9500776678658248,0.93,1.0074838384921259
oracle_scale_W250,2178,1.0,0.950128303555503,0.945,1.0075777299191795
oracle_scale_W250,2179,1.0,0.9502898378555309,0.96,1.008117106184845
oracle_scale_W250,2180,1.0,0.9501702381897426,0.91,1.0076846045433232
oracle_scale_W250,2181,1.0,0.9503463991080551,0.94,1.0084716754360514
oracle_scale_W250,2182,1.0,0.9503695483661366,0.945,1.0086456390673633
oracle_scale_W250,2183,1.0,0.9503261857889512,0.93,1.0085673289970933
oracle_scale_W250,2184,1.0,0.9502189412257869,0.945,1.0081537748719591
oracle_scale_W250,2185,1.0,0.9503424052784771,0.94,1.008705138792912
oracle_scale_W250,2186,1.0,0.9504097313245594,0.97,1.0090724921024339
oracle_scale_W250,2187,1.0,0.9500543414422499,0.95,1.0072145620085247
oracle_scale_W250,2188,1.0,0.9502046239737075,0.97,1.0078626148719159
oracle_scale_W250,2189,1.0,0.9500816037764624,0.94,1.0074605938275254
oracle_scale_W250,2190,1.0,0.9500957147832199,0.955,1.0077427595286466
oracle_scale_W250,2191,1.0,0.9501425960663066,0.965,1.0079212882567754
oracle_scale_W250,2192,1.0,0.9499067676361043,0.98,1.0069325644359903
oracle_scale_W250,2193,1.0,0.9497095699879654,0.965,1.0059385443030169
oracle_scale_W250,2194,1.0,0.9495828448564672,0.96,1.0053000201246258
oracle_scale_W250,2195,1.0,0.9497087505666738,0.945,1.005614949250496
oracle_scale_W250,2196,1.0,0.9497470573983254,0.955,1.0058400091875106
oracle_scale_W250,2197,1.0,0.9497676683413288,0.96,1.0058914759366713
oracle_scale_W250,2198,1.0,0.9496069175432217,0.955,1.005264725075602
oracle_scale_W250,2199,1.0,0.9495182423132565,0.9,1.0050135797901247
oracle_scale_W250,2200,1.0,0.949674541070789,0.935,1.0058146202856286
oracle_scale_W250,2201,1.0,0.9497767153950147,0.96,1.0064026491812683
oracle_scale_W250,2202,1.0,0.9497786187606297,0.945,1.0062799219071494
oracle_scale_W250,2203,1.0,0.9498705878336864,0.95,1.0068518344401052
oracle_scale_W250,2204,1.0,0.9500644512433228,0.92,1.008008255634417
oracle_scale_W250,2205,1.0,0.9500472803032305,0.965,1.0078935641804543
oracle_scale_W250,2206,1.0,0.9499570307101317,0.93,1.0073834665022159
oracle_scale_W250,2207,1.0,0.9499815228591407,0.94,1.0076529279731217
oracle_scale_W250,2208,1.0,0.9500193341524914,0.96,1.007776358892813
oracle_scale_W250,2209,1.0,0.9499565947335092,0.945,1.00739346723715
oracle_scale_W250,2210,1.0,0.9496791588401915,0.935,1.0063553650079486
oracle_scale_W250,2211,1.0,0.9496488409745026,0.95,1.0061297244676857
oracle_scale_W250,2212,1.0,0.9496735923066595,0.965,1.006216218849793
oracle_scale_W250,2213,1.0,0.9496912719964848,0.94,1.0062822783740817
oracle_scale_W250,2214,1.0,0.9496875909927246,0.96,1.0062291235589047
oracle_scale_W250,2215,1.0,0.9496125960544789,0.95,1.0057909695146068
oracle_scale_W250,2216,1.0,0.9495847062639087,0.98,1.0056106615602844
oracle_scale_W250,2217,1.0,0.9493879325817867,0.97,1.004743339869608
oracle_scale_W250,2218,1.0,0.9492686426188618,0.97,1.0042976687511003
oracle_scale_W250,2219,1.0,0.9493189977413743,0.945,1.0044883614409306
oracle_scale_W250,2220,1.0,0.9494985983098582,0.935,1.0051503157466868
oracle_scale_W250,2221,1.0,0.9494703491464551,0.915,1.005022097355624
oracle_scale_W250,2222,1.0,0.9494806869778019,0.965,1.0050694345992535
oracle_scale_W250,2223,1.0,0.9495885341609571,0.945,1.0055358003518844
oracle_scale_W250,2224,1.0,0.949617880449093,0.96,1.005630035896486
oracle_scale_W250,2225,1.0,0.9495294402917839,0.955,1.0051969413306454
oracle_scale_W250,2226,1.0,0.9497152788551165,0.94,1.0058815647142036
oracle_scale_W250,2227,1.0,0.9497163760045276,0.965,1.0057342372997788
oracle_scale_W250,2228,1.0,0.9498278738419106,0.935,1.0060912529531487
oracle_scale_W250,2229,1.0,0.9499407435621223,0.935,1.006598675328827
oracle_scale_W250,2230,1.0,0.9500686997089436,0.94,1.0072587196243044
oracle_scale_W250,2231,1.0,0.9501135667373604,0.94,1.0073450267969746
oracle_scale_W250,2232,1.0,0.9502600006800112,0.93,1.00794466874988
oracle_scale_W250,2233,1.0,0.9503217832538283,0.915,1.0083358224340093
oracle_scale_W250,2234,1.0,0.9503541785676178,0.965,1.0084700823107566
oracle_scale_W250,2235,1.0,0.9502462009161511,0.97,1.0079968744472474
oracle_scale_W250,2236,1.0,0.950330917239672,0.935,1.0083060606658425
oracle_scale_W250,2237,1.0,0.9504312695490159,0.92,1.0087810991109705
oracle_scale_W250,2238,1.0,0.9503178584088278,0.955,1.0085542678310744
oracle_scale_W250,2239,1.0,0.9502140122807222,0.965,1.008050114690282
oracle_scale_W250,2240,1.0,0.9501982338481457,0.955,1.0079757917103138
oracle_scale_W250,2241,1.0,0.9501259687497856,0.965,1.0077422287506799
oracle_scale_W250,2242,1.0,0.9500892584733868,0.935,1.0074822328244084
oracle_scale_W250,2243,1.0,0.950174439002663,0.955,1.0078789602497211
oracle_scale_W250,2244,1.0,0.9503182796457524,0.94,1.0083885580655205
oracle_scale_W250,2245,1.0,0.9501235021768636,0.955,1.0074718979960933
oracle_scale_W250,2246,1.0,0.9502038443522878,0.96,1.0077425248943188
oracle_scale_W250,2247,1.0,0.9502211849843013,0.945,1.0077746338486437
oracle_scale_W250,2248,1.0,0.9503263780393477,0.955,1.0082739831600083
oracle_scale_W250,2249,1.0,0.9502108104984461,0.95,1.0077931548907748
oracle_scale_W250,2250,1.0,0.9504081595562218,0.955,1.0085106639736119
oracle_scale_W250,2251,1.0,0.9502842980002185,0.96,1.0079763718311296
oracle_scale_W250,2252,1.0,0.950260973138742,0.935,1.0078191301884276
oracle_scale_W250,2253,1.0,0.9504028346085766,0.95,1.0083970461029523
oracle_scale_W250,2254,1.0,0.9504586342714983,0.945,1.008338894597959
oracle_scale_W250,2255,1.0,0.9503903200925597,0.92,1.008105780665955
oracle_scale_W250,2256,1.0,0.950683102430005,0.935,1.0096046042911053
oracle_scale_W250,2257,1.0,0.9507116577184541,0.94,1.0096435793912328
oracle_scale_W250,2258,1.0,0.9507686270567451,0.96,1.009943796497757
oracle_scale_W250,2259,1.0,0.9508341692100802,0.975,1.0102882825629342
oracle_scale_W250,2260,1.0,0.9508519105994909,0.955,1.0103554641409207
oracle_scale_W250,2261,1.0,0.9509998895844939,0.945,1.0109672783954424
oracle_scale_W250,2262,1.0,0.9509927819206244,0.95,1.0111039702783693
oracle_scale_W250,2263,1.0,0.9508730989108585,0.96,1.0105115335687131
oracle_scale_W250,2264,1.0,0.9508482264812278,0.945,1.010418230496572
oracle_scale_W250,2265,1.0,0.9509682539816435,0.905,1.0108118400226138
oracle_scale_W250,2266,1.0,0.9511596439219676,0.97,1.0117082619180797
oracle_scale_W250,2267,1.0,0.9509487704867279,0.955,1.0108107454080681
oracle_scale_W250,2268,1.0,0.9509437507158286,0.955,1.0108099136354523
oracle_scale_W250,2269,1.0,0.9509570907963305,0.95,1.0109229272259734
oracle_scale_W250,2270,1.0,0.9508424111728832,0.935,1.0104991616690118
oracle_scale_W250,2271,1.0,0.9508008590504096,0.945,1.01065844917
oracle_scale_W250,2272,1.0,0.9507446211102252,0.965,1.010507352300526
oracle_scale_W250,2273,1.0,0.9507070100306052,0.93,1.0102462594692225
oracle_scale_W250,2274,1.0,0.9507820082485771,0.965,1.0106792878303617
oracle_scale_W250,2275,1.0,0.9506587013711305,0.935,1.0105938096253095
oracle_scale_W250,2276,1.0,0.9506602034093337,0.95,1.0106944967542157
oracle_scale_W250,2277,1.0,0.9506500719552509,0.965,1.0105592117143718
oracle_scale_W250,2278,1.0,0.9505457340380921,0.95,1.0102737878332313
oracle_scale_W250,2279,1.0,0.9505022930082879,0.975,1.0099108599447764
oracle_scale_W250,2280,1.0,0.9504089890132198,0.95,1.009434299411338
oracle_scale_W250,2281,1.0,0.9502919625370951,0.93,1.0087627760263014
oracle_scale_W250,2282,1.0,0.9505559273113786,0.95,1.0100923954024585
oracle_scale_W250,2283,1.0,0.9508158129096148,0.94,1.010961957679459
oracle_scale_W250,2284,1.0,0.950729874426569,0.945,1.0105102824341052
oracle_scale_W250,2285,1.0,0.950566248546699,0.96,1.0099939158131066
oracle_scale_W250,2286,1.0,0.9504822620995573,0.96,1.009749263200299
oracle_scale_W250,2287,1.0,0.9506132935266055,0.97,1.0103968010951012
oracle_scale_W250,2288,1.0,0.9504645765138409,0.965,1.0095461268204766
oracle_scale_W250,2289,1.0,0.9503718402745152,0.95,1.0090561743681206
oracle_scale_W250,2290,1.0,0.9504927158086026,0.97,1.0096516519614125
oracle_scale_W250,2291,1.0,0.9503374873572416,0.97,1.0089113934522507
oracle_scale_W250,2292,1.0,0.9501876542742491,0.935,1.008182668609223
oracle_scale_W250,2293,1.0,0.9503769454895786,0.955,1.0091400286602603
oracle_scale_W250,2294,1.0,0.9502369145991184,0.945,1.008321628886918
oracle_scale_W250,2295,1.0,0.9502274230122889,0.94,1.008300505406473
oracle_scale_W250,2296,1.0,0.950237625823699,0.925,1.0084486363438285
oracle_scale_W250,2297,1.0,0.9503779897874639,0.95,1.008982571920012
oracle_scale_W250,2298,1.0,0.9503819412399273,0.975,1.009208825307586
oracle_scale_W250,2299,1.0,0.9502901174064635,0.975,1.008681397754918
oracle_scale_W250,2300,1.0,0.950262757472712,0.925,1.0086358839103007
oracle_scale_W250,2301,1.0,0.9504540893240878,0.94,1.0095421248888796
oracle_scale_W250,2302,1.0,0.9506461750433172,0.96,1.0103392729645393
oracle_scale_W250,2303,1.0,0.9506393141099323,0.945,1.0102223742312881
oracle_scale_W250,2304,1.0,0.9508477605581348,0.945,1.011108090549778
oracle_scale_W250,2305,1.0,0.9507845213602729,0.96,1.0108526517653649
oracle_scale_W250,2306,1.0,0.9508742793350268,0.945,1.011354281762564
oracle_scale_W250,2307,1.0,0.9510447232468761,0.93,1.0120193370888997
oracle_scale_W250,2308,1.0,0.9511907237467043,0.95,1.0125987717065497
oracle_scale_W250,2309,1.0,0.9511897103849734,0.955,1.012579374692311
oracle_scale_W250,2310,1.0,0.9512671914465224,0.95,1.012883204605158
oracle_scale_W250,2311,1.0,0.9511769941134713,0.95,1.0123906390369644
oracle_scale_W250,2312,1.0,0.9512565053975268,0.98,1.012753333654874
oracle_scale_W250,2313,1.0,0.951018962317298,0.955,1.0116362282326505
oracle_scale_W250,2314,1.0,0.9510820672011155,0.975,1.011832011125127
oracle_scale_W250,2315,1.0,0.9510514452188698,0.945,1.011695940329375
oracle_scale_W250,2316,1.0,0.9510078640814963,0.98,1.0114529398179557
oracle_scale_W250,2317,1.0,0.9508831520505241,0.965,1.0108095900079825
oracle_scale_W250,2318,1.0,0.9509335920127332,0.95,1.011006593000556
oracle_scale_W250,2319,1.0,0.9509683125503509,0.96,1.011244054652308
oracle_scale_W250,2320,1.0,0.9508942921099276,0.935,1.0109827317752922
oracle_scale_W250,2321,1.0,0.9508849862588664,0.955,1.0112101224485894
oracle_scale_W250,2322,1.0,0.9509274328020119,0.92,1.0114901747270482
oracle_scale_W250,2323,1.0,0.9511624139587604,0.965,1.0122707217409426
oracle_scale_W250,2324,1.0,0.9511168564204335,0.905,1.0120930821817558
oracle_scale_W250,2325,1.0,0.9514400365645541,0.95,1.0133766239699622
oracle_scale_W250,2326,1.0,0.9515238778781421,0.935,1.0137463356557381
oracle_scale_W250,2327,1.0,0.9516229108600723,0.975,1.0140463300108378
oracle_scale_W250,2328,1.0,0.951415068648252,0.955,1.013261275846998
oracle_scale_W250,2329,1.0,0.9514139563125061,0.94,1.0131555074625562
oracle_scale_W250,2330,1.0,0.9516866080560394,0.965,1.0142870251902132
oracle_scale_W250,2331,1.0,0.9517254274841211,0.955,1.0143810208003996
oracle_scale_W250,2332,1.0,0.9518017182425936,0.97,1.0147083801293624
oracle_scale_W250,2333,1.0,0.9518135957020922,0.955,1.014865555447362
oracle_scale_W250,2334,1.0,0.9517313931445393,0.925,1.0145361166138116
oracle_scale_W250,2335,1.0,0.9520386227879899,0.975,1.0157999960192285
oracle_scale_W250,2336,1.0,0.9520384475717947,0.97,1.0158203831272652
oracle_scale_W250,2337,1.0,0.9520624670931332,0.95,1.015929154109136
oracle_scale_W250,2338,1.0,0.9521295089608689,0.955,1.0161431015993934
oracle_scale_W250,2339,1.0,0.952056057670151,0.955,1.0158280475456227
oracle_scale_W250,2340,1.0,0.9519545351281959,0.95,1.0154477028513498
oracle_scale_W250,2341,1.0,0.9519725292236163,0.94,1.0155143277638359
oracle_scale_W250,2342,1.0,0.9521283074146177,0.94,1.0163596736215974
oracle_scale_W250,2343,1.0,0.9521270602802627,0.975,1.016529734198145
oracle_scale_W250,2344,1.0,0.9521468285685628,0.95,1.0167678610760296
oracle_scale_W250,2345,1.0,0.9521907230905268,0.935,1.017012480512372
oracle_scale_W250,2346,1.0,0.9521615338214728,0.955,1.0167242788038655
oracle_scale_W250,2347,1.0,0.9520307400878696,0.955,1.0161288908155717
oracle_scale_W250,2348,1.0,0.9518959287292518,0.96,1.0154744154701447
oracle_scale_W250,2349,1.0,0.9520589439496603,0.94,1.0160339387228958
oracle_scale_W250,2350,1.0,0.9521095221082626,0.94,1.016274875254268
oracle_scale_W250,2351,1.0,0.9520799293882162,0.955,1.0160658811290368
oracle_scale_W250,2352,1.0,0.9518351672526484,0.93,1.0150123260872093
oracle_scale_W250,2353,1.0,0.9518779691309176,0.955,1.0153424794875507
oracle_scale_W250,2354,1.0,0.9519336697008726,0.93,1.0157776616472296
oracle_scale_W250,2355,1.0,0.9520520536794606,0.955,1.0161375385487326
oracle_scale_W250,2356,1.0,0.952130997264613,0.95,1.016489346017983
oracle_scale_W250,2357,1.0,0.952053607537861,0.95,1.0160441300998753
oracle_scale_W250,2358,1.0,0.9521176676857225,0.96,1.016266012430602
oracle_scale_W250,2359,1.0,0.9521351722955953,0.95,1.0163496367520957
oracle_scale_W250,2360,1.0,0.952130392094782,0.955,1.0165688088432132
oracle_scale_W250,2361,1.0,0.9520740924307396,0.975,1.0162170307210692
oracle_scale_W250,2362,1.0,0.9519154754278567,0.945,1.0157303325649785
oracle_scale_W250,2363,1.0,0.952089815260968,0.965,1.016627799190584
oracle_scale_W250,2364,1.0,0.9519909455258622,0.925,1.0162558814874914
oracle_scale_W250,2365,1.0,0.9520645756897924,0.975,1.0166705606591027
oracle_scale_W250,2366,1.0,0.951964082975953,0.955,1.0162904131351191
oracle_scale_W250,2367,1.0,0.9519742882592781,0.98,1.0163453513077128
oracle_scale_W250,2368,1.0,0.95172700008847,0.94,1.015281312091905
oracle_scale_W250,2369,1.0,0.9516842886885507,0.96,1.0153041521134714
oracle_scale_W250,2370,1.0,0.9515144084929636,0.945,1.0146356184930059
oracle_scale_W250,2371,1.0,0.9515821462505883,0.96,1.0148136003527877
oracle_scale_W250,2372,1.0,0.9515563813364218,0.955,1.0146267884278128
oracle_scale_W250,2373,1.0,0.9514216169325462,0.945,1.0142952836394161
oracle_scale_W250,2374,1.0,0.951442094633476,0.965,1.0144621047359712
oracle_scale_W250,2375,1.0,0.9512168209864449,0.94,1.0134260484825577
oracle_scale_W250,2376,1.0,0.9514432447628696,0.95,1.0141579333295707
oracle_scale_W250,2377,1.0,0.9515539010136593,0.965,1.0145941042317943
oracle_scale_W250,2378,1.0,0.9515233836318069,0.97,1.0142005116584647
oracle_scale_W250,2379,1.0,0.9514757247152835,0.97,1.0139845686261117
oracle_scale_W250,2380,1.0,0.9512572181372037,0.94,1.0129773809377212
oracle_scale_W250,2381,1.0,0.9512172098420367,0.935,1.012935015402544
oracle_scale_W250,2382,1.0,0.9514747353711374,0.955,1.0140175535401068
oracle_scale_W250,2383,1.0,0.9515312674194607,0.96,1.0143230892788586
oracle_scale_W250,2384,1.0,0.951566566392734,0.935,1.0142749961006239
oracle_scale_W250,2385,1.0,0.9517529856918397,0.925,1.0151273944062127
oracle_scale_W250,2386,1.0,0.9519906525098741,0.92,1.016175356362932
oracle_scale_W250,2387,1.0,0.9521588439704645,0.96,1.0169373012123166
oracle_scale_W250,2388,1.0,0.9520162393954152,0.99,1.0163516179267946
oracle_scale_W250,2389,1.0,0.9518883654960055,0.94,1.0157791535925675
oracle_scale_W250,2390,1.0,0.9519537036243694,0.945,1.0160597612039328
oracle_scale_W250,2391,1.0,0.9520294724047551,0.97,1.0163505391256997
oracle_scale_W250,2392,1.0,0.9520864624125429,0.955,1.0166174888670199
oracle_scale_W250,2393,1.0,0.9520300746898733,0.925,1.016335565958531
oracle_scale_W250,2394,1.0,0.9522989799237709,0.95,1.017544494152358
oracle_scale_W250,2395,1.0,0.9522302442590853,0.965,1.0172483170140907
oracle_scale_W250,2396,1.0,0.9523070735931608,0.96,1.0177070077085895
oracle_scale_W250,2397,1.0,0.9521737407123578,0.97,1.017057258638024
oracle_scale_W250,2398,1.0,0.9520120982727934,0.95,1.01623376006609
oracle_scale_W250,2399,1.0,0.9520876871619547,0.93,1.0165437473696413
oracle_scale_W250,2400,1.0,0.952253841309338,0.97,1.0172616147245623
oracle_scale_W250,2401,1.0,0.9523061764011561,0.955,1.0175424136001114
oracle_scale_W250,2402,1.0,0.952289340573129,0.955,1.0174899838179956
oracle_scale_W250,2403,1.0,0.95230895837132,0.945,1.0175950552821662
oracle_scale_W250,2404,1.0,0.9522888880109655,0.945,1.017628436176697
oracle_scale_W250,2405,1.0,0.9524130257478249,0.955,1.0181652565986343
oracle_scale_W250,2406,1.0,0.9524753488683604,0.99,1.0185063717169434
oracle_scale_W250,2407,1.0,0.9522724028656248,0.945,1.0177427610260532
oracle_scale_W250,2408,1.0,0.9523773562530391,0.925,1.0179861749356147
oracle_scale_W250,2409,1.0,0.9524367033648189,0.955,1.0182012801261537
oracle_scale_W250,2410,1.0,0.9524147735056048,0.965,1.0181258188527014
oracle_scale_W250,2411,1.0,0.9524530808640351,0.94,1.0184010002493593
oracle_scale_W250,2412,1.0,0.9523735771049446,0.94,1.0181652185395018
oracle_scale_W250,2413,1.0,0.9524746454339836,0.96,1.0185301357933088
oracle_scale_W250,2414,1.0,0.9524964335423004,0.93,1.0187056145327364
oracle_scale_W250,2415,1.0,0.9524934802457811,0.945,1.018739477026558
oracle_scale_W250,2416,1.0,0.9525053986433071,0.915,1.0188934426892269
oracle_scale_W250,2417,1.0,0.952943557789886,0.96,1.0207111737528525
oracle_scale_W250,2418,1.0,0.9529192009256959,0.96,1.020612124487835
oracle_scale_W250,2419,1.0,0.9529247506289326,0.93,1.0207496424294684
oracle_scale_W250,2420,1.0,0.9530016891043397,0.955,1.0209275519185474
oracle_scale_W250,2421,1.0,0.9530402285536141,0.94,1.0210332131593545
oracle_scale_W250,2422,1.0,0.9531188829114632,0.94,1.0213771776940683
oracle_scale_W250,2423,1.0,0.9530478049518136,0.975,1.0210738767599665
oracle_scale_W250,2424,1.0,0.9530016242330697,0.95,1.0209329488768841
oracle_scale_W250,2425,1.0,0.9531019017008971,0.97,1.0214006584426856
oracle_scale_W250,2426,1.0,0.9532135116606395,0.97,1.0218296772774773
oracle_scale_W250,2427,1.0,0.953219688815322,0.945,1.021864021549025
oracle_scale_W250,2428,1.0,0.9531643074612199,0.945,1.0219154839863358
oracle_scale_W250,2429,1.0,0.9530566928073128,0.95,1.0215432588684354
oracle_scale_W250,2430,1.0,0.9530609777229877,0.955,1.0215609320145513
oracle_scale_W250,2431,1.0,0.9529292242949472,0.94,1.0209685025632327
oracle_scale_W250,2432,1.0,0.9529716702629765,0.945,1.0212141325551685
oracle_scale_W250,2433,1.0,0.9529256085095057,0.95,1.0209097132631406
oracle_scale_W250,2434,1.0,0.952866286778901,0.94,1.020568096833674
oracle_scale_W250,2435,1.0,0.9529006785730902,0.965,1.020848247531916
oracle_scale_W250,2436,1.0,0.952866086671989,0.965,1.0205691566220114
oracle_scale_W250,2437,1.0,0.9529762648551867,0.935,1.021191028735118
oracle_scale_W250,2438,1.0,0.9531379345956141,0.94,1.0219176067153382
oracle_scale_W250,2439,1.0,0.9532589077014678,0.96,1.0224369300939515
oracle_scale_W250,2440,1.0,0.9531776892648608,0.95,1.0220244181046259
oracle_scale_W250,2441,1.0,0.9532512413485797,0.965,1.022472058101495
oracle_scale_W250,2442,1.0,0.9533083720123892,0.97,1.0227447443557307
oracle_scale_W250,2443,1.0,0.9534321783759424,0.94,1.0232986973247318
oracle_scale_W250,2444,1.0,0.953477616168857,0.945,1.0235103612174743
oracle_scale_W250,2445,1.0,0.953543352497091,0.945,1.0236722034873367
oracle_scale_W250,2446,1.0,0.9534389910524902,0.955,1.0231746242594462
oracle_scale_W250,2447,1.0,0.9533871402152039,0.96,1.022837256755767
oracle_scale_W250,2448,1.0,0.9534557489461389,0.96,1.022958315665727
oracle_scale_W250,2449,1.0,0.953242678152054,0.955,1.0218660034064044
oracle_scale_W250,2450,1.0,0.9528928155174708,0.975,1.0202037254274539
oracle_scale_W250,2451,1.0,0.9528147298729803,0.96,1.019801806984747
oracle_scale_W250,2452,1.0,0.9526781401107872,0.945,1.0193545504170485
oracle_scale_W250,2453,1.0,0.952667967834765,0.955,1.0194422397044838
oracle_scale_W250,2454,1.0,0.9526361284741058,0.955,1.0191688580577336
oracle_scale_W250,2455,1.0,0.9526039059958457,0.945,1.0190185692035316
oracle_scale_W250,2456,1.0,0.9527515146683805,0.96,1.0195308150689921
oracle_scale_W250,2457,1.0,0.9527330497236105,0.96,1.0197371531785109
oracle_scale_W250,2458,1.0,0.9526121427746503,0.94,1.0193085827399553
oracle_scale_W250,2459,1.0,0.9527484333506794,0.965,1.0199439907328702
oracle_scale_W250,2460,1.0,0.9526611143235009,0.97,1.0196030544426478
oracle_scale_W250,2461,1.0,0.9524169691275952,0.95,1.0183843297052473
oracle_scale_W250,2462,1.0,0.9524439969329788,0.975,1.0185645867264972
oracle_scale_W250,2463,1.0,0.9524617982825105,0.975,1.0186038323728075
oracle_scale_W250,2464,1.0,0.9524762823514863,0.965,1.0186349537167874
oracle_scale_W250,2465,1.0,0.9525065874463716,0.965,1.0189761931229109
oracle_scale_W250,2466,1.0,0.9524664006153486,0.975,1.0185769282566237
oracle_scale_W250,2467,1.0,0.9524857310634647,0.945,1.018684691914098
oracle_scale_W250,2468,1.0,0.9523536771018378,0.94,1.0182835403519146
oracle_scale_W250,2469,1.0,0.9524630743149565,0.945,1.018760770893886
oracle_scale_W250,2470,1.0,0.9525405038340372,0.93,1.0189803818911523
oracle_scale_W250,2471,1.0,0.95270289136663,0.945,1.0196217306580686
oracle_scale_W250,2472,1.0,0.952691944453353,0.925,1.019607751216509
oracle_scale_W250,2473,1.0,0.9528270061520377,0.94,1.0202222036599216
oracle_scale_W250,2474,1.0,0.9528478257672246,0.94,1.0203206050413849
oracle_scale_W250,2475,1.0,0.9530285908080022,0.965,1.0210803952637386
oracle_scale_W250,2476,1.0,0.9529945247053964,0.975,1.0207898107086735
oracle_scale_W250,2477,1.0,0.9529708054199468,0.945,1.0207920869162321
oracle_scale_W250,2478,1.0,0.953014213077711,0.97,1.020911449272999
oracle_scale_W250,2479,1.0,0.9529045700166495,0.935,1.0204673290158592
oracle_scale_W250,2480,1.0,0.9527890772318786,0.97,1.0199967740313434
oracle_scale_W250,2481,1.0,0.9528063379503661,0.965,1.0200362952868538
oracle_scale_W250,2482,1.0,0.9528128192267693,0.965,1.0197639916550905
oracle_scale_W250,2483,1.0,0.9526327352081697,0.93,1.0190039682520047
oracle_scale_W250,2484,1.0,0.9526611301881832,0.945,1.019251330983122
oracle_scale_W250,2485,1.0,0.9525476492307581,0.945,1.0186160014785297
oracle_scale_W250,2486,1.0,0.9526749063870602,0.965,1.0190665237383598
oracle_scale_W250,2487,1.0,0.9526892252335657,0.945,1.019154757580969
oracle_scale_W250,2488,1.0,0.9523796755934936,0.945,1.017663536414502
oracle_scale_W250,2489,1.0,0.9524092611752506,0.975,1.0179466070661698
oracle_scale_W250,2490,1.0,0.9523056894608527,0.935,1.0173889781158492
oracle_scale_W250,2491,1.0,0.9524397593404055,0.935,1.018118305501843
oracle_scale_W250,2492,1.0,0.9523836242134505,0.94,1.0179212824561785
oracle_scale_W250,2493,1.0,0.9524233807808454,0.96,1.0179868172943762
oracle_scale_W250,2494,1.0,0.952337143212477,0.955,1.017441341694856
oracle_scale_W250,2495,1.0,0.9522074814412421,0.95,1.0168535686671318
oracle_scale_W250,2496,1.0,0.9524335161239992,0.97,1.0177582677076327
oracle_scale_W250,2497,1.0,0.9524264197165269,0.975,1.0176088627654192
oracle_scale_W250,2498,1.0,0.9524134507859572,0.955,1.0174476686106593
oracle_scale_W250,2499,1.0,0.9524804844731452,0.985,1.0177919032617535
oracle_scale_W250,2500,1.0,0.9523935081817609,0.98,1.017399705896605
oracle_scale_W250,2501,1.0,0.9523152342953298,0.945,1.0170475393495888
oracle_scale_W250,2502,1.0,0.9522429751251505,0.935,1.016687395414533
oracle_scale_W250,2503,1.0,0.9523923296522,0.925,1.0173136124698194
oracle_scale_W250,2504,1.0,0.9524293172008389,0.945,1.017577800048776
oracle_scale_W250,2505,1.0,0.9523195745230538,0.95,1.0173882150801246
oracle_scale_W250,2506,1.0,0.9522022876422314,0.95,1.0169727952368148
oracle_scale_W250,2507,1.0,0.9521328325765092,0.965,1.0168053162653157
oracle_scale_W250,2508,1.0,0.9520913683516585,0.94,1.0165792392864779
oracle_scale_W250,2509,1.0,0.9523284531043071,0.985,1.0175685916461208
oracle_scale_W250,2510,1.0,0.9522798481768965,0.95,1.0173088610027898
oracle_scale_W250,2511,1.0,0.9522506206742192,0.98,1.0171778614831604
oracle_scale_W250,2512,1.0,0.9520056824250845,0.945,1.0161923308114513
oracle_scale_W250,2513,1.0,0.9518585406164864,0.93,1.0153934457479366
oracle_scale_W250,2514,1.0,0.9518750215911337,0.945,1.0155471146925068
oracle_scale_W250,2515,1.0,0.9519203964006657,0.95,1.0154532319418197
oracle_scale_W250,2516,1.0,0.9517428587141902,0.91,1.014646741939462
oracle_scale_W250,2517,1.0,0.9518829120115554,0.975,1.015620090778529
oracle_scale_W250,2518,1.0,0.9518256992013221,0.9,1.0152684472099422
oracle_scale_W250,2519,1.0,0.9519705456134838,0.95,1.016086417204751
oracle_scale_W250,2520,1.0,0.9521036185372941,0.95,1.0167008291105326
oracle_scale_W250,2521,1.0,0.9518680873165042,0.965,1.015543266151233
oracle_scale_W250,2522,1.0,0.9517289493196425,0.935,1.0148661309227318
oracle_scale_W250,2523,1.0,0.951888016409539,0.965,1.0153489835021785
oracle_scale_W250,2524,1.0,0.951786894668287,0.945,1.014924100560333
oracle_scale_W250,2525,1.0,0.9517968558068384,0.97,1.0148788328458758
oracle_scale_W250,2526,1.0,0.951874623250406,0.96,1.0152537090214662
oracle_scale_W250,2527,1.0,0.9519233265820871,0.94,1.0154019308404687
oracle_scale_W250,2528,1.0,0.9520873055780683,0.935,1.0160471404040559
oracle_scale_W250,2529,1.0,0.9519083858388114,0.945,1.0152896046216109
oracle_scale_W250,2530,1.0,0.9520178392767963,0.96,1.015662530771638
oracle_scale_W250,2531,1.0,0.9519529352671166,0.975,1.0153951014323597
oracle_scale_W250,2532,1.0,0.9516780681746038,0.955,1.01435733799717
oracle_scale_W250,2533,1.0,0.9516315245670174,0.96,1.0142984728229523
oracle_scale_W250,2534,1.0,0.9516177770976313,0.94,1.0142544034632675
oracle_scale_W250,2535,1.0,0.9517177008949915,0.96,1.014728093928249
oracle_scale_W250,2536,1.0,0.9517855602409006,0.98,1.015000930461591
oracle_scale_W250,2537,1.0,0.9516357793921358,0.96,1.0144875294053606
oracle_scale_W250,2538,1.0,0.9517261804270436,0.94,1.0148421012419362
oracle_scale_W250,2539,1.0,0.9518080625467542,0.95,1.0152439995792448
oracle_scale_W250,2540,1.0,0.9516883564139866,0.95,1.014868650317558
oracle_scale_W250,2541,1.0,0.9516461515439135,0.94,1.0145932847259784
oracle_scale_W250,2542,1.0,0.9517376104652739,0.95,1.0150483445247827
oracle_scale_W250,2543,1.0,0.951754387495042,0.95,1.014890775009967
oracle_scale_W250,2544,1.0,0.9518026856920829,0.96,1.0152103450168601
oracle_scale_W250,2545,1.0,0.9517701098498621,0.96,1.0149711020649772
oracle_scale_W250,2546,1.0,0.951781448936586,0.95,1.0149991927605584
oracle_scale_W250,2547,1.0,0.951624749889503,0.96,1.01432344462346
oracle_scale_W250,2548,1.0,0.9514884599515667,0.96,1.0139165639814531
oracle_scale_W250,2549,1.0,0.9515473560278673,0.985,1.0142158595307895
oracle_scale_W250,2550,1.0,0.951510624080982,0.965,1.0140291268018167
oracle_scale_W250,2551,1.0,0.9513017761222514,0.93,1.0131832633672497
oracle_scale_W250,2552,1.0,0.9513874182072141,0.925,1.0134350878955922
oracle_scale_W250,2553,1.0,0.9513774149517914,0.96,1.013443596492494
oracle_scale_W250,2554,1.0,0.9514822085191881,0.945,1.0139448465205443
oracle_scale_W250,2555,1.0,0.9514685370149337,0.95,1.0139189399183974
oracle_scale_W250,2556,1.0,0.9514226978145486,0.97,1.0137113594533491
oracle_scale_W250,2557,1.0,0.951216636684577,0.96,1.0129501515321921
oracle_scale_W250,2558,1.0,0.9511931874452368,0.94,1.0128495076325321
oracle_scale_W250,2559,1.0,0.9513421134211834,0.965,1.0133916262876614
oracle_scale_W250,2560,1.0,0.9511378498388702,0.94,1.0126790874821876
oracle_scale_W250,2561,1.0,0.9511526046098981,0.94,1.012793012016774
oracle_scale_W250,2562,1.0,0.9511868420998288,0.955,1.0129828468386954
oracle_scale_W250,2563,1.0,0.9512628868339221,0.95,1.0133721209742603
oracle_scale_W250,2564,1.0,0.9513906447927684,0.93,1.0140597704584835
oracle_scale_W250,2565,1.0,0.951490287306716,0.945,1.0145756530706693
oracle_scale_W250,2566,1.0,0.9515954367318886,0.94,1.0150609013193317
oracle_scale_W250,2567,1.0,0.9516749538724656,0.95,1.015553145526091
oracle_scale_W250,2568,1.0,0.9517955443960133,0.965,1.0161327148296895
oracle_scale_W250,2569,1.0,0.9517771528826071,0.955,1.0160680743732746
oracle_scale_W250,2570,1.0,0.9517907276553228,0.95,1.0160347298728636
oracle_scale_W250,2571,1.0,0.9516894391516416,0.94,1.0155487734877566
oracle_scale_W250,2572,1.0,0.9516610278959766,0.96,1.0153739254425085
oracle_scale_W250,2573,1.0,0.9515149989616364,0.955,1.0146400519533207
oracle_scale_W250,2574,1.0,0.9513999043872708,0.955,1.0141828017653713
oracle_scale_W250,2575,1.0,0.9511049156945849,0.965,1.0129430393308665
oracle_scale_W250,2576,1.0,0.9510262911988656,0.945,1.012759889635606
oracle_scale_W250,2577,1.0,0.9509369116693724,0.95,1.0121996599473182
oracle_scale_W250,2578,1.0,0.9509513264264284,0.96,1.0125119638780335
oracle_scale_W250,2579,1.0,0.9511344216054032,0.95,1.0130480481435589
oracle_scale_W250,2580,1.0,0.9512311750940512,0.97,1.0134683845761088
oracle_scale_W250,2581,1.0,0.9512613155696604,0.96,1.0136676482065576
oracle_scale_W250,2582,1.0,0.9512415356770988,0.925,1.0134756921077726
oracle_scale_W250,2583,1.0,0.9514076046776762,0.935,1.013985632648984
oracle_scale_W250,2584,1.0,0.9515550182429101,0.95,1.014568668714364
oracle_scale_W250,2585,1.0,0.9514380649395696,0.91,1.0141161631958344
oracle_scale_W250,2586,1.0,0.9517899785868421,0.955,1.0154094130512161
oracle_scale_W250,2587,1.0,0.9519586751086514,0.965,1.0160519012369624
oracle_scale_W250,2588,1.0,0.9517923595221558,0.925,1.0154295549810062
oracle_scale_W250,2589,1.0,0.9518693721609588,0.94,1.0158342267091098
oracle_scale_W250,2590,1.0,0.951923722992517,0.95,1.0163114854703934
oracle_scale_W250,2591,1.0,0.9516654647709898,0.945,1.015415531643651
oracle_scale_W250,2592,1.0,0.951715872791331,0.94,1.0155044780362328
oracle_scale_W250,2593,1.0,0.9516178038020613,0.955,1.0152175811605317
oracle_scale_W250,2594,1.0,0.9516713302788214,0.95,1.0154597913755818
oracle_scale_W250,2595,1.0,0.951613129637245,0.965,1.0152974206488354
oracle_scale_W250,2596,1.0,0.951401243061043,0.94,1.0146652272413232
oracle_scale_W250,2597,1.0,0.951537171712501,0.96,1.0151645094188537
oracle_scale_W250,2598,1.0,0.9514104419931294,0.965,1.014437173544954
oracle_scale_W250,2599,1.0,0.9514204933662893,0.95,1.0144094924502012
oracle_full,1000,1.0,0.9499999999999998,0.95,1.0
oracle_full,1001,1.0,0.9499999999999998,0.93,1.0
oracle_full,1002,1.0,0.9499999999999998,0.955,1.0
oracle_full,1003,1.0,0.9499999999999998,0.965,1.0
oracle_full,1004,1.0,0.9499999999999998,0.945,1.0
oracle_full,1005,1.0,0.9499999999999998,0.97,1.0
oracle_full,1006,1.0,0.9499999999999998,0.96,1.0
oracle_full,1007,1.0,0.9499999999999998,0.95,1.0
oracle_full,1008,1.0,0.9499999999999998,0.915,1.0
oracle_full,1009,1.0,0.9499999999999998,0.965,1.0
oracle_full,1010,1.0,0.9499999999999998,0.975,1.0
oracle_full,1011,1.0,0.9499999999999998,0.95,1.0
oracle_full,1012,1.0,0.9499999999999998,0.935,1.0
oracle_full,1013,1.0,0.9499999999999998,0.975,1.0
oracle_full,1014,1.0,0.9499999999999998,0.965,1.0
oracle_full,1015,1.0,0.9499999999999998,0.97,1.0
oracle_full,1016,1.0,0.9499999999999998,0.945,1.0
oracle_full,1017,1.0,0.9499999999999998,0.94,1.0
oracle_full,1018,1.0,0.9499999999999998,0.945,1.0
oracle_full,1019,1.0,0.9499999999999998,0.96,1.0
oracle_full,1020,1.0,0.9499999999999998,0.915,1.0
oracle_full,1021,1.0,0.9499999999999998,0.97,1.0
oracle_full,1022,1.0,0.9499999999999998,0.93,1.0
oracle_full,1023,1.0,0.9499999999999998,0.97,1.0
oracle_full,1024,1.0,0.9499999999999998,0.98,1.0
oracle_full,1025,1.0,0.9499999999999998,0.945,1.0
oracle_full,1026,1.0,0.9499999999999998,0.91,1.0
oracle_full,1027,1.0,0.9499999999999998,0.95,1.0
oracle_full,1028,1.0,0.9499999999999998,0.925,1.0
oracle_full,1029,1.0,0.9499999999999998,0.955,1.0
oracle_full,1030,1.0,0.9499999999999998,0.955,1.0
oracle_full,1031,1.0,0.9499999999999998,0.96,1.0
oracle_full,1032,1.0,0.9499999999999998,0.95,1.0
oracle_full,1033,1.0,0.9499999999999998,0.945,1.0
oracle_full,1034,1.0,0.9499999999999998,0.935,1.0
oracle_full,1035,1.0,0.9499999999999998,0.955,1.0
oracle_full,1036,1.0,0.9499999999999998,0.965,1.0
oracle_full,1037,1.0,0.9499999999999998,0.945,1.0
oracle_full,1038,1.0,0.9499999999999998,0.945,1.0
oracle_full,1039,1.0,0.9499999999999998,0.92,1.0
oracle_full,1040,1.0,0.9499999999999998,0.96,1.0
oracle_full,1041,1.0,0.9499999999999998,0.96,1.0
oracle_full,1042,1.0,0.9499999999999998,0.935,1.0
oracle_full,1043,1.0,0.9499999999999998,0.945,1.0
oracle_full,1044,1.0,0.9499999999999998,0.96,1.0
oracle_full,1045,1.0,0.9499999999999998,0.915,1.0
oracle_full,1046,1.0,0.9499999999999998,0.945,1.0
oracle_full,1047,1.0,0.9499999999999998,0.96,1.0
oracle_full,1048,1.0,0.9499999999999998,0.95,1.0
oracle_full,1049,1.0,0.9499999999999998,0.94,1.0
oracle_full,1050,1.0,0.9499999999999998,0.95,1.0
oracle_full,1051,1.0,0.9499999999999998,0.955,1.0
oracle_full,1052,1.0,0.9499999999999998,0.95,1.0
oracle_full,1053,1.0,0.9499999999999998,0.935,1.0
oracle_full,1054,1.0,0.9499999999999998,0.95,1.0
oracle_full,1055,1.0,0.9499999999999998,0.955,1.0
oracle_full,1056,1.0,0.9499999999999998,0.95,1.0
oracle_full,1057,1.0,0.9499999999999998,0.97,1.0
oracle_full,1058,1.0,0.9499999999999998,0.965,1.0
oracle_full,1059,1.0,0.9499999999999998,0.95,1.0
oracle_full,1060,1.0,0.9499999999999998,0.96,1.0
oracle_full,1061,1.0,0.9499999999999998,0.94,1.0
oracle_full,1062,1.0,0.9499999999999998,0.945,1.0
oracle_full,1063,1.0,0.9499999999999998,0.955,1.0
oracle_full,1064,1.0,0.9499999999999998,0.92,1.0
oracle_full,1065,1.0,0.9499999999999998,0.96,1.0
oracle_full,1066,1.0,0.9499999999999998,0.98,1.0
oracle_full,1067,1.0,0.9499999999999998,0.965,1.0
oracle_full,1068,1.0,0.9499999999999998,0.95,1.0
oracle_full,1069,1.0,0.9499999999999998,0.95,1.0
oracle_full,1070,1.0,0.9499999999999998,0.965,1.0
oracle_full,1071,1.0,0.9499999999999998,0.965,1.0
oracle_full,1072,1.0,0.9499999999999998,0.955,1.0
oracle_full,1073,1.0,0.9499999999999998,0.925,1.0
oracle_full,1074,1.0,0.9499999999999998,0.94,1.0
oracle_full,1075,1.0,0.9499999999999998,0.955,1.0
oracle_full,1076,1.0,0.9499999999999998,0.95,1.0
oracle_full,1077,1.0,0.9499999999999998,0.94,1.0
oracle_full,1078,1.0,0.9499999999999998,0.94,1.0
oracle_full,1079,1.0,0.9499999999999998,0.985,1.0
oracle_full,1080,1.0,0.9499999999999998,0.94,1.0
oracle_full,1081,1.0,0.9499999999999998,0.97,1.0
oracle_full,1082,1.0,0.9499999999999998,0.93,1.0
oracle_full,1083,1.0,0.9499999999999998,0.95,1.0
oracle_full,1084,1.0,0.9499999999999998,0.955,1.0
oracle_full,1085,1.0,0.9499999999999998,0.94,1.0
oracle_full,1086,1.0,0.9499999999999998,0.95,1.0
oracle_full,1087,1.0,0.9499999999999998,0.94,1.0
oracle_full,1088,1.0,0.9499999999999998,0.915,1.0
oracle_full,1089,1.0,0.9499999999999998,0.94,1.0
oracle_full,1090,1.0,0.9499999999999998,0.945,1.0
oracle_full,1091,1.0,0.9499999999999998,0.945,1.0
oracle_full,1092,1.0,0.9499999999999998,0.965,1.0
oracle_full,1093,1.0,0.9499999999999998,0.975,1.0
oracle_full,1094,1.0,0.9499999999999998,0.93,1.0
oracle_full,1095,1.0,0.9499999999999998,0.96,1.0
oracle_full,1096,1.0,0.9499999999999998,0.975,1.0
oracle_full,1097,1.0,0.9499999999999998,0.96,1.0
oracle_full,1098,1.0,0.9499999999999998,0.94,1.0
oracle_full,1099,1.0,0.9499999999999998,0.965,1.0
oracle_full,1100,1.0,0.9499999999999998,0.925,1.0
oracle_full,1101,1.0,0.9499999999999998,0.945,1.0
oracle_full,1102,1.0,0.9499999999999998,0.97,1.0
oracle_full,1103,1.0,0.9499999999999998,0.945,1.0
oracle_full,1104,1.0,0.9499999999999998,0.94,1.0
oracle_full,1105,1.0,0.9499999999999998,0.94,1.0
oracle_full,1106,1.0,0.9499999999999998,0.93,1.0
oracle_full,1107,1.0,0.9499999999999998,0.95,1.0
oracle_full,1108,1.0,0.9499999999999998,0.945,1.0
oracle_full,1109,1.0,0.9499999999999998,0.93,1.0
oracle_full,1110,1.0,0.9499999999999998,0.965,1.0
oracle_full,1111,1.0,0.9499999999999998,0.96,1.0
oracle_full,1112,1.0,0.9499999999999998,0.97,1.0
oracle_full,1113,1.0,0.9499999999999998,0.955,1.0
oracle_full,1114,1.0,0.9499999999999998,0.94,1.0
oracle_full,1115,1.0,0.9499999999999998,0.965,1.0
oracle_full,1116,1.0,0.9499999999999998,0.945,1.0
oracle_full,1117,1.0,0.9499999999999998,0.93,1.0
oracle_full,1118,1.0,0.9499999999999998,0.94,1.0
oracle_full,1119,1.0,0.9499999999999998,0.98,1.0
oracle_full,1120,1.0,0.9499999999999998,0.945,1.0
oracle_full,1121,1.0,0.9499999999999998,0.92,1.0
oracle_full,1122,1.0,0.9499999999999998,0.96,1.0
oracle_full,1123,1.0,0.9499999999999998,0.945,1.0
oracle_full,1124,1.0,0.9499999999999998,0.945,1.0
oracle_full,1125,1.0,0.9499999999999998,0.955,1.0
oracle_full,1126,1.0,0.9499999999999998,0.935,1.0
oracle_full,1127,1.0,0.9499999999999998,0.935,1.0
oracle_full,1128,1.0,0.9499999999999998,0.96,1.0
oracle_full,1129,1.0,0.9499999999999998,0.955,1.0
oracle_full,1130,1.0,0.9499999999999998,0.925,1.0
oracle_full,1131,1.0,0.9499999999999998,0.955,1.0
oracle_full,1132,1.0,0.9499999999999998,0.935,1.0
oracle_full,1133,1.0,0.9499999999999998,0.96,1.0
oracle_full,1134,1.0,0.9499999999999998,0.94,1.0
oracle_full,1135,1.0,0.9499999999999998,0.95,1.0
oracle_full,1136,1.0,0.9499999999999998,0.94,1.0
oracle_full,1137,1.0,0.9499999999999998,0.945,1.0
oracle_full,1138,1.0,0.9499999999999998,0.95,1.0
oracle_full,1139,1.0,0.9499999999999998,0.955,1.0
oracle_full,1140,1.0,0.9499999999999998,0.955,1.0
oracle_full,1141,1.0,0.9499999999999998,0.965,1.0
oracle_full,1142,1.0,0.9499999999999998,0.94,1.0
oracle_full,1143,1.0,0.9499999999999998,0.94,1.0
oracle_full,1144,1.0,0.9499999999999998,0.92,1.0
oracle_full,1145,1.0,0.9499999999999998,0.945,1.0
oracle_full,1146,1.0,0.9499999999999998,0.93,1.0
oracle_full,1147,1.0,0.9499999999999998,0.96,1.0
oracle_full,1148,1.0,0.9499999999999998,0.96,1.0
oracle_full,1149,1.0,0.9499999999999998,0.935,1.0
oracle_full,1150,1.0,0.9499999999999998,0.975,1.0
oracle_full,1151,1.0,0.9499999999999998,0.95,1.0
oracle_full,1152,1.0,0.9499999999999998,0.96,1.0
oracle_full,1153,1.0,0.9499999999999998,0.94,1.0
oracle_full,1154,1.0,0.9499999999999998,0.97,1.0
oracle_full,1155,1.0,0.9499999999999998,0.925,1.0
oracle_full,1156,1.0,0.9499999999999998,0.94,1.0
oracle_full,1157,1.0,0.9499999999999998,0.955,1.0
oracle_full,1158,1.0,0.9499999999999998,0.94,1.0
oracle_full,1159,1.0,0.9499999999999998,0.955,1.0
oracle_full,1160,1.0,0.9499999999999998,0.945,1.0
oracle_full,1161,1.0,0.9499999999999998,0.955,1.0
oracle_full,1162,1.0,0.9499999999999998,0.94,1.0
oracle_full,1163,1.0,0.9499999999999998,0.965,1.0
oracle_full,1164,1.0,0.9499999999999998,0.95,1.0
oracle_full,1165,1.0,0.9499999999999998,0.91,1.0
oracle_full,1166,1.0,0.9499999999999998,0.96,1.0
oracle_full,1167,1.0,0.9499999999999998,0.96,1.0
oracle_full,1168,1.0,0.9499999999999998,0.95,1.0
oracle_full,1169,1.0,0.9499999999999998,0.945,1.0
oracle_full,1170,1.0,0.9499999999999998,0.92,1.0
oracle_full,1171,1.0,0.9499999999999998,0.94,1.0
oracle_full,1172,1.0,0.9499999999999998,0.975,1.0
oracle_full,1173,1.0,0.9499999999999998,0.95,1.0
oracle_full,1174,1.0,0.9499999999999998,0.945,1.0
oracle_full,1175,1.0,0.9499999999999998,0.945,1.0
oracle_full,1176,1.0,0.9499999999999998,0.97,1.0
oracle_full,1177,1.0,0.9499999999999998,0.945,1.0
oracle_full,1178,1.0,0.9499999999999998,0.915,1.0
oracle_full,1179,1.0,0.9499999999999998,0.95,1.0
oracle_full,1180,1.0,0.9499999999999998,0.915,1.0
oracle_full,1181,1.0,0.9499999999999998,0.965,1.0
oracle_full,1182,1.0,0.9499999999999998,0.94,1.0
oracle_full,1183,1.0,0.9499999999999998,0.97,1.0
oracle_full,1184,1.0,0.9499999999999998,0.955,1.0
oracle_full,1185,1.0,0.9499999999999998,0.965,1.0
oracle_full,1186,1.0,0.9499999999999998,0.945,1.0
oracle_full,1187,1.0,0.9499999999999998,0.965,1.0
oracle_full,1188,1.0,0.9499999999999998,0.93,1.0
oracle_full,1189,1.0,0.9499999999999998,0.94,1.0
oracle_full,1190,1.0,0.9499999999999998,0.935,1.0
oracle_full,1191,1.0,0.9499999999999998,0.95,1.0
oracle_full,1192,1.0,0.9499999999999998,0.935,1.0
oracle_full,1193,1.0,0.9499999999999998,0.935,1.0
oracle_full,1194,1.0,0.9499999999999998,0.975,1.0
oracle_full,1195,1.0,0.9499999999999998,0.97,1.0
oracle_full,1196,1.0,0.9499999999999998,0.965,1.0
oracle_full,1197,1.0,0.9499999999999998,0.93,1.0
oracle_full,1198,1.0,0.9499999999999998,0.935,1.0
oracle_full,1199,1.0,0.9499999999999998,0.93,1.0
oracle_full,1200,3.0,0.9499999999999998,0.945,1.0
oracle_full,1201,3.0,0.9499999999999998,0.95,1.0
oracle_full,1202,3.0,0.9499999999999998,0.96,1.0
oracle_full,1203,3.0,0.9499999999999998,0.945,1.0
oracle_full,1204,3.0,0.9499999999999998,0.945,1.0
oracle_full,1205,3.0,0.9499999999999998,0.925,1.0
oracle_full,1206,3.0,0.9499999999999998,0.955,1.0
oracle_full,1207,3.0,0.9499999999999998,0.93,1.0
oracle_full,1208,3.0,0.9499999999999998,0.925,1.0
oracle_full,1209,3.0,0.9499999999999998,0.94,1.0
oracle_full,1210,3.0,0.9499999999999998,0.955,1.0
oracle_full,1211,3.0,0.9499999999999998,0.975,1.0
oracle_full,1212,3.0,0.9499999999999998,0.945,1.0
oracle_full,1213,3.0,0.9499999999999998,0.945,1.0
oracle_full,1214,3.0,0.9499999999999998,0.97,1.0
oracle_full,1215,3.0,0.9499999999999998,0.94,1.0
oracle_full,1216,3.0,0.9499999999999998,0.96,1.0
oracle_full,1217,3.0,0.9499999999999998,0.955,1.0
oracle_full,1218,3.0,0.9499999999999998,0.945,1.0
oracle_full,1219,3.0,0.9499999999999998,0.955,1.0
oracle_full,1220,3.0,0.9499999999999998,0.94,1.0
oracle_full,1221,3.0,0.9499999999999998,0.955,1.0
oracle_full,1222,3.0,0.9499999999999998,0.965,1.0
oracle_full,1223,3.0,0.9499999999999998,0.955,1.0
oracle_full,1224,3.0,0.9499999999999998,0.945,1.0
oracle_full,1225,3.0,0.9499999999999998,0.94,1.0
oracle_full,1226,3.0,0.9499999999999998,0.905,1.0
oracle_full,1227,3.0,0.9499999999999998,0.925,1.0
oracle_full,1228,3.0,0.9499999999999998,0.96,1.0
oracle_full,1229,3.0,0.9499999999999998,0.945,1.0
oracle_full,1230,3.0,0.9499999999999998,0.97,1.0
oracle_full,1231,3.0,0.9499999999999998,0.95,1.0
oracle_full,1232,3.0,0.9499999999999998,0.97,1.0
oracle_full,1233,3.0,0.9499999999999998,0.955,1.0
oracle_full,1234,3.0,0.9499999999999998,0.945,1.0
oracle_full,1235,3.0,0.9499999999999998,0.94,1.0
oracle_full,1236,3.0,0.9499999999999998,0.945,1.0
oracle_full,1237,3.0,0.9499999999999998,0.925,1.0
oracle_full,1238,3.0,0.9499999999999998,0.96,1.0
oracle_full,1239,3.0,0.9499999999999998,0.965,1.0
oracle_full,1240,3.0,0.9499999999999998,0.935,1.0
oracle_full,1241,3.0,0.9499999999999998,0.94,1.0
oracle_full,1242,3.0,0.9499999999999998,0.945,1.0
oracle_full,1243,3.0,0.9499999999999998,0.965,1.0
oracle_full,1244,3.0,0.9499999999999998,0.945,1.0
oracle_full,1245,3.0,0.9499999999999998,0.945,1.0
oracle_full,1246,3.0,0.9499999999999998,0.96,1.0
oracle_full,1247,3.0,0.9499999999999998,0.935,1.0
oracle_full,1248,3.0,0.9499999999999998,0.95,1.0
oracle_full,1249,3.0,0.9499999999999998,0.935,1.0
oracle_full,1250,3.0,0.9499999999999998,0.955,1.0
oracle_full,1251,3.0,0.9499999999999998,0.95,1.0
oracle_full,1252,3.0,0.9499999999999998,0.955,1.0
oracle_full,1253,3.0,0.9499999999999998,0.93,1.0
oracle_full,1254,3.0,0.9499999999999998,0.93,1.0
oracle_full,1255,3.0,0.9499999999999998,0.925,1.0
oracle_full,1256,3.0,0.9499999999999998,0.94,1.0
oracle_full,1257,3.0,0.9499999999999998,0.955,1.0
oracle_full,1258,3.0,0.9499999999999998,0.975,1.0
oracle_full,1259,3.0,0.9499999999999998,0.965,1.0
oracle_full,1260,3.0,0.9499999999999998,0.955,1.0
oracle_full,1261,3.0,0.9499999999999998,0.95,1.0
oracle_full,1262,3.0,0.9499999999999998,0.98,1.0
oracle_full,1263,3.0,0.9499999999999998,0.965,1.0
oracle_full,1264,3.0,0.9499999999999998,0.94,1.0
oracle_full,1265,3.0,0.9499999999999998,0.975,1.0
oracle_full,1266,3.0,0.9499999999999998,0.94,1.0
oracle_full,1267,3.0,0.9499999999999998,0.945,1.0
oracle_full,1268,3.0,0.9499999999999998,0.955,1.0
oracle_full,1269,3.0,0.9499999999999998,0.935,1.0
oracle_full,1270,3.0,0.9499999999999998,0.95,1.0
oracle_full,1271,3.0,0.9499999999999998,0.92,1.0
oracle_full,1272,3.0,0.9499999999999998,0.96,1.0
oracle_full,1273,3.0,0.9499999999999998,0.94,1.0
oracle_full,1274,3.0,0.9499999999999998,0.925,1.0
oracle_full,1275,3.0,0.9499999999999998,0.97,1.0
oracle_full,1276,3.0,0.9499999999999998,0.955,1.0
oracle_full,1277,3.0,0.9499999999999998,0.965,1.0
oracle_full,1278,3.0,0.9499999999999998,0.935,1.0
oracle_full,1279,3.0,0.9499999999999998,0.95,1.0
oracle_full,1280,3.0,0.9499999999999998,0.935,1.0
oracle_full,1281,3.0,0.9499999999999998,0.95,1.0
oracle_full,1282,3.0,0.9499999999999998,0.96,1.0
oracle_full,1283,3.0,0.9499999999999998,0.955,1.0
oracle_full,1284,3.0,0.9499999999999998,0.945,1.0
oracle_full,1285,3.0,0.9499999999999998,0.945,1.0
oracle_full,1286,3.0,0.9499999999999998,0.955,1.0
oracle_full,1287,3.0,0.9499999999999998,0.945,1.0
oracle_full,1288,3.0,0.9499999999999998,0.925,1.0
oracle_full,1289,3.0,0.9499999999999998,0.95,1.0
oracle_full,1290,3.0,0.9499999999999998,0.935,1.0
oracle_full,1291,3.0,0.9499999999999998,0.96,1.0
oracle_full,1292,3.0,0.9499999999999998,0.945,1.0
oracle_full,1293,3.0,0.9499999999999998,0.945,1.0
oracle_full,1294,3.0,0.9499999999999998,0.945,1.0
oracle_full,1295,3.0,0.9499999999999998,0.965,1.0
oracle_full,1296,3.0,0.9499999999999998,0.97,1.0
oracle_full,1297,3.0,0.9499999999999998,0.95,1.0
oracle_full,1298,3.0,0.9499999999999998,0.94,1.0
oracle_full,1299,3.0,0.9499999999999998,0.93,1.0
oracle_full,1300,3.0,0.9499999999999998,0.935,1.0
oracle_full,1301,3.0,0.9499999999999998,0.91,1.0
oracle_full,1302,3.0,0.9499999999999998,0.965,1.0
oracle_full,1303,3.0,0.9499999999999998,0.955,1.0
oracle_full,1304,3.0,0.9499999999999998,0.93,1.0
oracle_full,1305,3.0,0.9499999999999998,0.915,1.0
oracle_full,1306,3.0,0.9499999999999998,0.955,1.0
oracle_full,1307,3.0,0.9499999999999998,0.945,1.0
oracle_full,1308,3.0,0.9499999999999998,0.965,1.0
oracle_full,1309,3.0,0.9499999999999998,0.955,1.0
oracle_full,1310,3.0,0.9499999999999998,0.94,1.0
oracle_full,1311,3.0,0.9499999999999998,0.96,1.0
oracle_full,1312,3.0,0.9499999999999998,0.935,1.0
oracle_full,1313,3.0,0.9499999999999998,0.96,1.0
oracle_full,1314,3.0,0.9499999999999998,0.935,1.0
oracle_full,1315,3.0,0.9499999999999998,0.95,1.0
oracle_full,1316,3.0,0.9499999999999998,0.97,1.0
oracle_full,1317,3.0,0.9499999999999998,0.96,1.0
oracle_full,1318,3.0,0.9499999999999998,0.935,1.0
oracle_full,1319,3.0,0.9499999999999998,0.95,1.0
oracle_full,1320,3.0,0.9499999999999998,0.955,1.0
oracle_full,1321,3.0,0.9499999999999998,0.96,1.0
oracle_full,1322,3.0,0.9499999999999998,0.985,1.0
oracle_full,1323,3.0,0.9499999999999998,0.94,1.0
oracle_full,1324,3.0,0.9499999999999998,0.95,1.0
oracle_full,1325,3.0,0.9499999999999998,0.93,1.0
oracle_full,1326,3.0,0.9499999999999998,0.94,1.0
oracle_full,1327,3.0,0.9499999999999998,0.95,1.0
oracle_full,1328,3.0,0.9499999999999998,0.975,1.0
oracle_full,1329,3.0,0.9499999999999998,0.965,1.0
oracle_full,1330,3.0,0.9499999999999998,0.96,1.0
oracle_full,1331,3.0,0.9499999999999998,0.975,1.0
oracle_full,1332,3.0,0.9499999999999998,0.94,1.0
oracle_full,1333,3.0,0.9499999999999998,0.935,1.0
oracle_full,1334,3.0,0.9499999999999998,0.955,1.0
oracle_full,1335,3.0,0.9499999999999998,0.96,1.0
oracle_full,1336,3.0,0.9499999999999998,0.925,1.0
oracle_full,1337,3.0,0.9499999999999998,0.915,1.0
oracle_full,1338,3.0,0.9499999999999998,0.97,1.0
oracle_full,1339,3.0,0.9499999999999998,0.94,1.0
oracle_full,1340,3.0,0.9499999999999998,0.935,1.0
oracle_full,1341,3.0,0.9499999999999998,0.94,1.0
oracle_full,1342,3.0,0.9499999999999998,0.92,1.0
oracle_full,1343,3.0,0.9499999999999998,0.96,1.0
oracle_full,1344,3.0,0.9499999999999998,0.98,1.0
oracle_full,1345,3.0,0.9499999999999998,0.935,1.0
oracle_full,1346,3.0,0.9499999999999998,0.945,1.0
oracle_full,1347,3.0,0.9499999999999998,0.95,1.0
oracle_full,1348,3.0,0.9499999999999998,0.975,1.0
oracle_full,1349,3.0,0.9499999999999998,0.95,1.0
oracle_full,1350,3.0,0.9499999999999998,0.965,1.0
oracle_full,1351,3.0,0.9499999999999998,0.94,1.0
oracle_full,1352,3.0,0.9499999999999998,0.945,1.0
oracle_full,1353,3.0,0.9499999999999998,0.935,1.0
oracle_full,1354,3.0,0.9499999999999998,0.96,1.0
oracle_full,1355,3.0,0.9499999999999998,0.95,1.0
oracle_full,1356,3.0,0.9499999999999998,0.96,1.0
oracle_full,1357,3.0,0.9499999999999998,0.915,1.0
oracle_full,1358,3.0,0.9499999999999998,0.94,1.0
oracle_full,1359,3.0,0.9499999999999998,0.93,1.0
oracle_full,1360,3.0,0.9499999999999998,0.97,1.0
oracle_full,1361,3.0,0.9499999999999998,0.965,1.0
oracle_full,1362,3.0,0.9499999999999998,0.94,1.0
oracle_full,1363,3.0,0.9499999999999998,0.94,1.0
oracle_full,1364,3.0,0.9499999999999998,0.9,1.0
oracle_full,1365,3.0,0.9499999999999998,0.96,1.0
oracle_full,1366,3.0,0.9499999999999998,0.935,1.0
oracle_full,1367,3.0,0.9499999999999998,0.95,1.0
oracle_full,1368,3.0,0.9499999999999998,0.955,1.0
oracle_full,1369,3.0,0.9499999999999998,0.93,1.0
oracle_full,1370,3.0,0.9499999999999998,0.97,1.0
oracle_full,1371,3.0,0.9499999999999998,0.945,1.0
oracle_full,1372,3.0,0.9499999999999998,0.94,1.0
oracle_full,1373,3.0,0.9499999999999998,0.94,1.0
oracle_full,1374,3.0,0.9499999999999998,0.96,1.0
oracle_full,1375,3.0,0.9499999999999998,0.945,1.0
oracle_full,1376,3.0,0.9499999999999998,0.95,1.0
oracle_full,1377,3.0,0.9499999999999998,0.95,1.0
oracle_full,1378,3.0,0.9499999999999998,0.95,1.0
oracle_full,1379,3.0,0.9499999999999998,0.95,1.0
oracle_full,1380,3.0,0.9499999999999998,0.96,1.0
oracle_full,1381,3.0,0.9499999999999998,0.955,1.0
oracle_full,1382,3.0,0.9499999999999998,0.955,1.0
oracle_full,1383,3.0,0.9499999999999998,0.97,1.0
oracle_full,1384,3.0,0.9499999999999998,0.985,1.0
oracle_full,1385,3.0,0.9499999999999998,0.92,1.0
oracle_full,1386,3.0,0.9499999999999998,0.96,1.0
oracle_full,1387,3.0,0.9499999999999998,0.945,1.0
oracle_full,1388,3.0,0.9499999999999998,0.95,1.0
oracle_full,1389,3.0,0.9499999999999998,0.955,1.0
oracle_full,1390,3.0,0.9499999999999998,0.945,1.0
oracle_full,1391,3.0,0.9499999999999998,0.95,1.0
oracle_full,1392,3.0,0.9499999999999998,0.92,1.0
oracle_full,1393,3.0,0.9499999999999998,0.975,1.0
oracle_full,1394,3.0,0.9499999999999998,0.94,1.0
oracle_full,1395,3.0,0.9499999999999998,0.96,1.0
oracle_full,1396,3.0,0.9499999999999998,0.955,1.0
oracle_full,1397,3.0,0.9499999999999998,0.955,1.0
oracle_full,1398,3.0,0.9499999999999998,0.965,1.0
oracle_full,1399,3.0,0.9499999999999998,0.93,1.0
oracle_full,1400,3.0,0.9499999999999998,0.955,1.0
oracle_full,1401,3.0,0.9499999999999998,0.96,1.0
oracle_full,1402,3.0,0.9499999999999998,0.975,1.0
oracle_full,1403,3.0,0.9499999999999998,0.95,1.0
oracle_full,1404,3.0,0.9499999999999998,0.96,1.0
oracle_full,1405,3.0,0.9499999999999998,0.96,1.0
oracle_full,1406,3.0,0.9499999999999998,0.97,1.0
oracle_full,1407,3.0,0.9499999999999998,0.915,1.0
oracle_full,1408,3.0,0.9499999999999998,0.95,1.0
oracle_full,1409,3.0,0.9499999999999998,0.93,1.0
oracle_full,1410,3.0,0.9499999999999998,0.96,1.0
oracle_full,1411,3.0,0.9499999999999998,0.955,1.0
oracle_full,1412,3.0,0.9499999999999998,0.965,1.0
oracle_full,1413,3.0,0.9499999999999998,0.955,1.0
oracle_full,1414,3.0,0.9499999999999998,0.925,1.0
oracle_full,1415,3.0,0.9499999999999998,0.965,1.0
oracle_full,1416,3.0,0.9499999999999998,0.935,1.0
oracle_full,1417,3.0,0.9499999999999998,0.935,1.0
oracle_full,1418,3.0,0.9499999999999998,0.975,1.0
oracle_full,1419,3.0,0.9499999999999998,0.95,1.0
oracle_full,1420,3.0,0.9499999999999998,0.945,1.0
oracle_full,1421,3.0,0.9499999999999998,0.95,1.0
oracle_full,1422,3.0,0.9499999999999998,0.935,1.0
oracle_full,1423,3.0,0.9499999999999998,0.965,1.0
oracle_full,1424,3.0,0.9499999999999998,0.94,1.0
oracle_full,1425,3.0,0.9499999999999998,0.95,1.0
oracle_full,1426,3.0,0.9499999999999998,0.955,1.0
oracle_full,1427,3.0,0.9499999999999998,0.95,1.0
oracle_full,1428,3.0,0.9499999999999998,0.95,1.0
oracle_full,1429,3.0,0.9499999999999998,0.945,1.0
oracle_full,1430,3.0,0.9499999999999998,0.935,1.0
oracle_full,1431,3.0,0.9499999999999998,0.935,1.0
oracle_full,1432,3.0,0.9499999999999998,0.925,1.0
oracle_full,1433,3.0,0.9499999999999998,0.97,1.0
oracle_full,1434,3.0,0.9499999999999998,0.955,1.0
oracle_full,1435,3.0,0.9499999999999998,0.955,1.0
oracle_full,1436,3.0,0.9499999999999998,0.915,1.0
oracle_full,1437,3.0,0.9499999999999998,0.97,1.0
oracle_full,1438,3.0,0.9499999999999998,0.96,1.0
oracle_full,1439,3.0,0.9499999999999998,0.96,1.0
oracle_full,1440,3.0,0.9499999999999998,0.95,1.0
oracle_full,1441,3.0,0.9499999999999998,0.965,1.0
oracle_full,1442,3.0,0.9499999999999998,0.965,1.0
oracle_full,1443,3.0,0.9499999999999998,0.925,1.0
oracle_full,1444,3.0,0.9499999999999998,0.935,1.0
oracle_full,1445,3.0,0.9499999999999998,0.94,1.0
oracle_full,1446,3.0,0.9499999999999998,0.97,1.0
oracle_full,1447,3.0,0.9499999999999998,0.935,1.0
oracle_full,1448,3.0,0.9499999999999998,0.925,1.0
oracle_full,1449,3.0,0.9499999999999998,0.97,1.0
oracle_full,1450,3.0,0.9499999999999998,0.955,1.0
oracle_full,1451,3.0,0.9499999999999998,0.945,1.0
oracle_full,1452,3.0,0.9499999999999998,0.955,1.0
oracle_full,1453,3.0,0.9499999999999998,0.955,1.0
oracle_full,1454,3.0,0.9499999999999998,0.94,1.0
oracle_full,1455,3.0,0.9499999999999998,0.945,1.0
oracle_full,1456,3.0,0.9499999999999998,0.945,1.0
oracle_full,1457,3.0,0.9499999999999998,0.965,1.0
oracle_full,1458,3.0,0.9499999999999998,0.93,1.0
oracle_full,1459,3.0,0.9499999999999998,0.945,1.0
oracle_full,1460,3.0,0.9499999999999998,0.95,1.0
oracle_full,1461,3.0,0.9499999999999998,0.95,1.0
oracle_full,1462,3.0,0.9499999999999998,0.955,1.0
oracle_full,1463,3.0,0.9499999999999998,0.96,1.0
oracle_full,1464,3.0,0.9499999999999998,0.95,1.0
oracle_full,1465,3.0,0.9499999999999998,0.935,1.0
oracle_full,1466,3.0,0.9499999999999998,0.935,1.0
oracle_full,1467,3.0,0.9499999999999998,0.93,1.0
oracle_full,1468,3.0,0.9499999999999998,0.945,1.0
oracle_full,1469,3.0,0.9499999999999998,0.935,1.0
oracle_full,1470,3.0,0.9499999999999998,0.96,1.0
oracle_full,1471,3.0,0.9499999999999998,0.955,1.0
oracle_full,1472,3.0,0.9499999999999998,0.92,1.0
oracle_full,1473,3.0,0.9499999999999998,0.92,1.0
oracle_full,1474,3.0,0.9499999999999998,0.975,1.0
oracle_full,1475,3.0,0.9499999999999998,0.945,1.0
oracle_full,1476,3.0,0.9499999999999998,0.93,1.0
oracle_full,1477,3.0,0.9499999999999998,0.94,1.0
oracle_full,1478,3.0,0.9499999999999998,0.91,1.0
oracle_full,1479,3.0,0.9499999999999998,0.945,1.0
oracle_full,1480,3.0,0.9499999999999998,0.92,1.0
oracle_full,1481,3.0,0.9499999999999998,0.96,1.0
oracle_full,1482,3.0,0.9499999999999998,0.935,1.0
oracle_full,1483,3.0,0.9499999999999998,0.935,1.0
oracle_full,1484,3.0,0.9499999999999998,0.91,1.0
oracle_full,1485,3.0,0.9499999999999998,0.965,1.0
oracle_full,1486,3.0,0.9499999999999998,0.96,1.0
oracle_full,1487,3.0,0.9499999999999998,0.965,1.0
oracle_full,1488,3.0,0.9499999999999998,0.965,1.0
oracle_full,1489,3.0,0.9499999999999998,0.96,1.0
oracle_full,1490,3.0,0.9499999999999998,0.945,1.0
oracle_full,1491,3.0,0.9499999999999998,0.95,1.0
oracle_full,1492,3.0,0.9499999999999998,0.94,1.0
oracle_full,1493,3.0,0.9499999999999998,0.935,1.0
oracle_full,1494,3.0,0.9499999999999998,0.935,1.0
oracle_full,1495,3.0,0.9499999999999998,0.93,1.0
oracle_full,1496,3.0,0.9499999999999998,0.955,1.0
oracle_full,1497,3.0,0.9499999999999998,0.935,1.0
oracle_full,1498,3.0,0.9499999999999998,0.94,1.0
oracle_full,1499,3.0,0.9499999999999998,0.965,1.0
oracle_full,1500,3.0,0.9499999999999998,0.925,1.0
oracle_full,1501,3.0,0.9499999999999998,0.945,1.0
oracle_full,1502,3.0,0.9499999999999998,0.94,1.0
oracle_full,1503,3.0,0.9499999999999998,0.97,1.0
oracle_full,1504,3.0,0.9499999999999998,0.945,1.0
oracle_full,1505,3.0,0.9499999999999998,0.955,1.0
oracle_full,1506,3.0,0.9499999999999998,0.97,1.0
oracle_full,1507,3.0,0.9499999999999998,0.97,1.0
oracle_full,1508,3.0,0.9499999999999998,0.945,1.0
oracle_full,1509,3.0,0.9499999999999998,0.97,1.0
oracle_full,1510,3.0,0.9499999999999998,0.95,1.0
oracle_full,1511,3.0,0.9499999999999998,0.935,1.0
oracle_full,1512,3.0,0.9499999999999998,0.94,1.0
oracle_full,1513,3.0,0.9499999999999998,0.97,1.0
oracle_full,1514,3.0,0.9499999999999998,0.955,1.0
oracle_full,1515,3.0,0.9499999999999998,0.95,1.0
oracle_full,1516,3.0,0.9499999999999998,0.95,1.0
oracle_full,1517,3.0,0.9499999999999998,0.935,1.0
oracle_full,1518,3.0,0.9499999999999998,0.935,1.0
oracle_full,1519,3.0,0.9499999999999998,0.94,1.0
oracle_full,1520,3.0,0.9499999999999998,0.945,1.0
oracle_full,1521,3.0,0.9499999999999998,0.98,1.0
oracle_full,1522,3.0,0.9499999999999998,0.935,1.0
oracle_full,1523,3.0,0.9499999999999998,0.965,1.0
oracle_full,1524,3.0,0.9499999999999998,0.955,1.0
oracle_full,1525,3.0,0.9499999999999998,0.945,1.0
oracle_full,1526,3.0,0.9499999999999998,0.98,1.0
oracle_full,1527,3.0,0.9499999999999998,0.965,1.0
oracle_full,1528,3.0,0.9499999999999998,0.955,1.0
oracle_full,1529,3.0,0.9499999999999998,0.975,1.0
oracle_full,1530,3.0,0.9499999999999998,0.96,1.0
oracle_full,1531,3.0,0.9499999999999998,0.965,1.0
oracle_full,1532,3.0,0.9499999999999998,0.965,1.0
oracle_full,1533,3.0,0.9499999999999998,0.945,1.0
oracle_full,1534,3.0,0.9499999999999998,0.945,1.0
oracle_full,1535,3.0,0.9499999999999998,0.95,1.0
oracle_full,1536,3.0,0.9499999999999998,0.95,1.0
oracle_full,1537,3.0,0.9499999999999998,0.955,1.0
oracle_full,1538,3.0,0.9499999999999998,0.97,1.0
oracle_full,1539,3.0,0.9499999999999998,0.935,1.0
oracle_full,1540,3.0,0.9499999999999998,0.92,1.0
oracle_full,1541,3.0,0.9499999999999998,0.96,1.0
oracle_full,1542,3.0,0.9499999999999998,0.97,1.0
oracle_full,1543,3.0,0.9499999999999998,0.975,1.0
oracle_full,1544,3.0,0.9499999999999998,0.96,1.0
oracle_full,1545,3.0,0.9499999999999998,0.94,1.0
oracle_full,1546,3.0,0.9499999999999998,0.985,1.0
oracle_full,1547,3.0,0.9499999999999998,0.99,1.0
oracle_full,1548,3.0,0.9499999999999998,0.93,1.0
oracle_full,1549,3.0,0.9499999999999998,0.95,1.0
oracle_full,1550,3.0,0.9499999999999998,0.93,1.0
oracle_full,1551,3.0,0.9499999999999998,0.935,1.0
oracle_full,1552,3.0,0.9499999999999998,0.935,1.0
oracle_full,1553,3.0,0.9499999999999998,0.965,1.0
oracle_full,1554,3.0,0.9499999999999998,0.955,1.0
oracle_full,1555,3.0,0.9499999999999998,0.905,1.0
oracle_full,1556,3.0,0.9499999999999998,0.935,1.0
oracle_full,1557,3.0,0.9499999999999998,0.965,1.0
oracle_full,1558,3.0,0.9499999999999998,0.95,1.0
oracle_full,1559,3.0,0.9499999999999998,0.96,1.0
oracle_full,1560,3.0,0.9499999999999998,0.925,1.0
oracle_full,1561,3.0,0.9499999999999998,0.92,1.0
oracle_full,1562,3.0,0.9499999999999998,0.975,1.0
oracle_full,1563,3.0,0.9499999999999998,0.955,1.0
oracle_full,1564,3.0,0.9499999999999998,0.99,1.0
oracle_full,1565,3.0,0.9499999999999998,0.925,1.0
oracle_full,1566,3.0,0.9499999999999998,0.955,1.0
oracle_full,1567,3.0,0.9499999999999998,0.96,1.0
oracle_full,1568,3.0,0.9499999999999998,0.955,1.0
oracle_full,1569,3.0,0.9499999999999998,0.925,1.0
oracle_full,1570,3.0,0.9499999999999998,0.96,1.0
oracle_full,1571,3.0,0.9499999999999998,0.955,1.0
oracle_full,1572,3.0,0.9499999999999998,0.915,1.0
oracle_full,1573,3.0,0.9499999999999998,0.93,1.0
oracle_full,1574,3.0,0.9499999999999998,0.945,1.0
oracle_full,1575,3.0,0.9499999999999998,0.94,1.0
oracle_full,1576,3.0,0.9499999999999998,0.965,1.0
oracle_full,1577,3.0,0.9499999999999998,0.95,1.0
oracle_full,1578,3.0,0.9499999999999998,0.95,1.0
oracle_full,1579,3.0,0.9499999999999998,0.955,1.0
oracle_full,1580,3.0,0.9499999999999998,0.95,1.0
oracle_full,1581,3.0,0.9499999999999998,0.95,1.0
oracle_full,1582,3.0,0.9499999999999998,0.925,1.0
oracle_full,1583,3.0,0.9499999999999998,0.945,1.0
oracle_full,1584,3.0,0.9499999999999998,0.95,1.0
oracle_full,1585,3.0,0.9499999999999998,0.955,1.0
oracle_full,1586,3.0,0.9499999999999998,0.96,1.0
oracle_full,1587,3.0,0.9499999999999998,0.96,1.0
oracle_full,1588,3.0,0.9499999999999998,0.97,1.0
oracle_full,1589,3.0,0.9499999999999998,0.935,1.0
oracle_full,1590,3.0,0.9499999999999998,0.945,1.0
oracle_full,1591,3.0,0.9499999999999998,0.965,1.0
oracle_full,1592,3.0,0.9499999999999998,0.945,1.0
oracle_full,1593,3.0,0.9499999999999998,0.93,1.0
oracle_full,1594,3.0,0.9499999999999998,0.965,1.0
oracle_full,1595,3.0,0.9499999999999998,0.925,1.0
oracle_full,1596,3.0,0.9499999999999998,0.96,1.0
oracle_full,1597,3.0,0.9499999999999998,0.95,1.0
oracle_full,1598,3.0,0.9499999999999998,0.95,1.0
oracle_full,1599,3.0,0.9499999999999998,0.935,1.0
oracle_full,1600,3.0,0.9499999999999998,0.935,1.0
oracle_full,1601,3.0,0.9499999999999998,0.925,1.0
oracle_full,1602,3.0,0.9499999999999998,0.95,1.0
oracle_full,1603,3.0,0.9499999999999998,0.945,1.0
oracle_full,1604,3.0,0.9499999999999998,0.98,1.0
oracle_full,1605,3.0,0.9499999999999998,0.93,1.0
oracle_full,1606,3.0,0.9499999999999998,0.925,1.0
oracle_full,1607,3.0,0.9499999999999998,0.955,1.0
oracle_full,1608,3.0,0.9499999999999998,0.945,1.0
oracle_full,1609,3.0,0.9499999999999998,0.94,1.0
oracle_full,1610,3.0,0.9499999999999998,0.945,1.0
oracle_full,1611,3.0,0.9499999999999998,0.95,1.0
oracle_full,1612,3.0,0.9499999999999998,0.94,1.0
oracle_full,1613,3.0,0.9499999999999998,0.945,1.0
oracle_full,1614,3.0,0.9499999999999998,0.945,1.0
oracle_full,1615,3.0,0.9499999999999998,0.96,1.0
oracle_full,1616,3.0,0.9499999999999998,0.94,1.0
oracle_full,1617,3.0,0.9499999999999998,0.945,1.0
oracle_full,1618,3.0,0.9499999999999998,0.955,1.0
oracle_full,1619,3.0,0.9499999999999998,0.935,1.0
oracle_full,1620,3.0,0.9499999999999998,0.945,1.0
oracle_full,1621,3.0,0.9499999999999998,0.975,1.0
oracle_full,1622,3.0,0.9499999999999998,0.925,1.0
oracle_full,1623,3.0,0.9499999999999998,0.945,1.0
oracle_full,1624,3.0,0.9499999999999998,0.935,1.0
oracle_full,1625,3.0,0.9499999999999998,0.925,1.0
oracle_full,1626,3.0,0.9499999999999998,0.925,1.0
oracle_full,1627,3.0,0.9499999999999998,0.955,1.0
oracle_full,1628,3.0,0.9499999999999998,0.935,1.0
oracle_full,1629,3.0,0.9499999999999998,0.925,1.0
oracle_full,1630,3.0,0.9499999999999998,0.955,1.0
oracle_full,1631,3.0,0.9499999999999998,0.96,1.0
oracle_full,1632,3.0,0.9499999999999998,0.96,1.0
oracle_full,1633,3.0,0.9499999999999998,0.935,1.0
oracle_full,1634,3.0,0.9499999999999998,0.955,1.0
oracle_full,1635,3.0,0.9499999999999998,0.945,1.0
oracle_full,1636,3.0,0.9499999999999998,0.97,1.0
oracle_full,1637,3.0,0.9499999999999998,0.93,1.0
oracle_full,1638,3.0,0.9499999999999998,0.92,1.0
oracle_full,1639,3.0,0.9499999999999998,0.955,1.0
oracle_full,1640,3.0,0.9499999999999998,0.91,1.0
oracle_full,1641,3.0,0.9499999999999998,0.975,1.0
oracle_full,1642,3.0,0.9499999999999998,0.94,1.0
oracle_full,1643,3.0,0.9499999999999998,0.93,1.0
oracle_full,1644,3.0,0.9499999999999998,0.92,1.0
oracle_full,1645,3.0,0.9499999999999998,0.955,1.0
oracle_full,1646,3.0,0.9499999999999998,0.96,1.0
oracle_full,1647,3.0,0.9499999999999998,0.98,1.0
oracle_full,1648,3.0,0.9499999999999998,0.975,1.0
oracle_full,1649,3.0,0.9499999999999998,0.925,1.0
oracle_full,1650,3.0,0.9499999999999998,0.95,1.0
oracle_full,1651,3.0,0.9499999999999998,0.945,1.0
oracle_full,1652,3.0,0.9499999999999998,0.955,1.0
oracle_full,1653,3.0,0.9499999999999998,0.955,1.0
oracle_full,1654,3.0,0.9499999999999998,0.945,1.0
oracle_full,1655,3.0,0.9499999999999998,0.945,1.0
oracle_full,1656,3.0,0.9499999999999998,0.935,1.0
oracle_full,1657,3.0,0.9499999999999998,0.945,1.0
oracle_full,1658,3.0,0.9499999999999998,0.935,1.0
oracle_full,1659,3.0,0.9499999999999998,0.96,1.0
oracle_full,1660,3.0,0.9499999999999998,0.95,1.0
oracle_full,1661,3.0,0.9499999999999998,0.955,1.0
oracle_full,1662,3.0,0.9499999999999998,0.915,1.0
oracle_full,1663,3.0,0.9499999999999998,0.94,1.0
oracle_full,1664,3.0,0.9499999999999998,0.95,1.0
oracle_full,1665,3.0,0.9499999999999998,0.955,1.0
oracle_full,1666,3.0,0.9499999999999998,0.955,1.0
oracle_full,1667,3.0,0.9499999999999998,0.955,1.0
oracle_full,1668,3.0,0.9499999999999998,0.985,1.0
oracle_full,1669,3.0,0.9499999999999998,0.945,1.0
oracle_full,1670,3.0,0.9499999999999998,0.965,1.0
oracle_full,1671,3.0,0.9499999999999998,0.955,1.0
oracle_full,1672,3.0,0.9499999999999998,0.94,1.0
oracle_full,1673,3.0,0.9499999999999998,0.94,1.0
oracle_full,1674,3.0,0.9499999999999998,0.94,1.0
oracle_full,1675,3.0,0.9499999999999998,0.925,1.0
oracle_full,1676,3.0,0.9499999999999998,0.975,1.0
oracle_full,1677,3.0,0.9499999999999998,0.94,1.0
oracle_full,1678,3.0,0.9499999999999998,0.96,1.0
oracle_full,1679,3.0,0.9499999999999998,0.94,1.0
oracle_full,1680,3.0,0.9499999999999998,0.935,1.0
oracle_full,1681,3.0,0.9499999999999998,0.935,1.0
oracle_full,1682,3.0,0.9499999999999998,0.93,1.0
oracle_full,1683,3.0,0.9499999999999998,0.965,1.0
oracle_full,1684,3.0,0.9499999999999998,0.93,1.0
oracle_full,1685,3.0,0.9499999999999998,0.94,1.0
oracle_full,1686,3.0,0.9499999999999998,0.975,1.0
oracle_full,1687,3.0,0.9499999999999998,0.97,1.0
oracle_full,1688,3.0,0.9499999999999998,0.945,1.0
oracle_full,1689,3.0,0.9499999999999998,0.965,1.0
oracle_full,1690,3.0,0.9499999999999998,0.98,1.0
oracle_full,1691,3.0,0.9499999999999998,0.94,1.0
oracle_full,1692,3.0,0.9499999999999998,0.965,1.0
oracle_full,1693,3.0,0.9499999999999998,0.975,1.0
oracle_full,1694,3.0,0.9499999999999998,0.93,1.0
oracle_full,1695,3.0,0.9499999999999998,0.95,1.0
oracle_full,1696,3.0,0.9499999999999998,0.93,1.0
oracle_full,1697,3.0,0.9499999999999998,0.96,1.0
oracle_full,1698,3.0,0.9499999999999998,0.96,1.0
oracle_full,1699,3.0,0.9499999999999998,0.94,1.0
oracle_full,1700,3.0,0.9499999999999998,0.97,1.0
oracle_full,1701,3.0,0.9499999999999998,0.96,1.0
oracle_full,1702,3.0,0.9499999999999998,0.955,1.0
oracle_full,1703,3.0,0.9499999999999998,0.955,1.0
oracle_full,1704,3.0,0.9499999999999998,0.96,1.0
oracle_full,1705,3.0,0.9499999999999998,0.975,1.0
oracle_full,1706,3.0,0.9499999999999998,0.975,1.0
oracle_full,1707,3.0,0.9499999999999998,0.95,1.0
oracle_full,1708,3.0,0.9499999999999998,0.96,1.0
oracle_full,1709,3.0,0.9499999999999998,0.93,1.0
oracle_full,1710,3.0,0.9499999999999998,0.965,1.0
oracle_full,1711,3.0,0.9499999999999998,0.935,1.0
oracle_full,1712,3.0,0.9499999999999998,0.935,1.0
oracle_full,1713,3.0,0.9499999999999998,0.955,1.0
oracle_full,1714,3.0,0.9499999999999998,0.95,1.0
oracle_full,1715,3.0,0.9499999999999998,0.98,1.0
oracle_full,1716,3.0,0.9499999999999998,0.97,1.0
oracle_full,1717,3.0,0.9499999999999998,0.97,1.0
oracle_full,1718,3.0,0.9499999999999998,0.96,1.0
oracle_full,1719,3.0,0.9499999999999998,0.95,1.0
oracle_full,1720,3.0,0.9499999999999998,0.955,1.0
oracle_full,1721,3.0,0.9499999999999998,0.95,1.0
oracle_full,1722,3.0,0.9499999999999998,0.97,1.0
oracle_full,1723,3.0,0.9499999999999998,0.95,1.0
oracle_full,1724,3.0,0.9499999999999998,0.965,1.0
oracle_full,1725,3.0,0.9499999999999998,0.965,1.0
oracle_full,1726,3.0,0.9499999999999998,0.95,1.0
oracle_full,1727,3.0,0.9499999999999998,0.95,1.0
oracle_full,1728,3.0,0.9499999999999998,0.95,1.0
oracle_full,1729,3.0,0.9499999999999998,0.945,1.0
oracle_full,1730,3.0,0.9499999999999998,0.955,1.0
oracle_full,1731,3.0,0.9499999999999998,0.93,1.0
oracle_full,1732,3.0,0.9499999999999998,0.935,1.0
oracle_full,1733,3.0,0.9499999999999998,0.92,1.0
oracle_full,1734,3.0,0.9499999999999998,0.93,1.0
oracle_full,1735,3.0,0.9499999999999998,0.97,1.0
oracle_full,1736,3.0,0.9499999999999998,0.94,1.0
oracle_full,1737,3.0,0.9499999999999998,0.965,1.0
oracle_full,1738,3.0,0.9499999999999998,0.95,1.0
oracle_full,1739,3.0,0.9499999999999998,0.94,1.0
oracle_full,1740,3.0,0.9499999999999998,0.965,1.0
oracle_full,1741,3.0,0.9499999999999998,0.94,1.0
oracle_full,1742,3.0,0.9499999999999998,0.96,1.0
oracle_full,1743,3.0,0.9499999999999998,0.93,1.0
oracle_full,1744,3.0,0.9499999999999998,0.945,1.0
oracle_full,1745,3.0,0.9499999999999998,0.925,1.0
oracle_full,1746,3.0,0.9499999999999998,0.955,1.0
oracle_full,1747,3.0,0.9499999999999998,0.94,1.0
oracle_full,1748,3.0,0.9499999999999998,0.945,1.0
oracle_full,1749,3.0,0.9499999999999998,0.945,1.0
oracle_full,1750,3.0,0.9499999999999998,0.96,1.0
oracle_full,1751,3.0,0.9499999999999998,0.94,1.0
oracle_full,1752,3.0,0.9499999999999998,0.95,1.0
oracle_full,1753,3.0,0.9499999999999998,0.965,1.0
oracle_full,1754,3.0,0.9499999999999998,0.97,1.0
oracle_full,1755,3.0,0.9499999999999998,0.965,1.0
oracle_full,1756,3.0,0.9499999999999998,0.955,1.0
oracle_full,1757,3.0,0.9499999999999998,0.96,1.0
oracle_full,1758,3.0,0.9499999999999998,0.96,1.0
oracle_full,1759,3.0,0.9499999999999998,0.97,1.0
oracle_full,1760,3.0,0.9499999999999998,0.955,1.0
oracle_full,1761,3.0,0.9499999999999998,0.95,1.0
oracle_full,1762,3.0,0.9499999999999998,0.965,1.0
oracle_full,1763,3.0,0.9499999999999998,0.935,1.0
oracle_full,1764,3.0,0.9499999999999998,0.945,1.0
oracle_full,1765,3.0,0.9499999999999998,0.945,1.0
oracle_full,1766,3.0,0.9499999999999998,0.95,1.0
oracle_full,1767,3.0,0.9499999999999998,0.945,1.0
oracle_full,1768,3.0,0.9499999999999998,0.945,1.0
oracle_full,1769,3.0,0.9499999999999998,0.925,1.0
oracle_full,1770,3.0,0.9499999999999998,0.935,1.0
oracle_full,1771,3.0,0.9499999999999998,0.95,1.0
oracle_full,1772,3.0,0.9499999999999998,0.965,1.0
oracle_full,1773,3.0,0.9499999999999998,0.96,1.0
oracle_full,1774,3.0,0.9499999999999998,0.945,1.0
oracle_full,1775,3.0,0.9499999999999998,0.94,1.0
oracle_full,1776,3.0,0.9499999999999998,0.945,1.0
oracle_full,1777,3.0,0.9499999999999998,0.955,1.0
oracle_full,1778,3.0,0.9499999999999998,0.95,1.0
oracle_full,1779,3.0,0.9499999999999998,0.955,1.0
oracle_full,1780,3.0,0.9499999999999998,0.94,1.0
oracle_full,1781,3.0,0.9499999999999998,0.97,1.0
oracle_full,1782,3.0,0.9499999999999998,0.97,1.0
oracle_full,1783,3.0,0.9499999999999998,0.96,1.0
oracle_full,1784,3.0,0.9499999999999998,0.935,1.0
oracle_full,1785,3.0,0.9499999999999998,0.93,1.0
oracle_full,1786,3.0,0.9499999999999998,0.945,1.0
oracle_full,1787,3.0,0.9499999999999998,0.96,1.0
oracle_full,1788,3.0,0.9499999999999998,0.935,1.0
oracle_full,1789,3.0,0.9499999999999998,0.975,1.0
oracle_full,1790,3.0,0.9499999999999998,0.94,1.0
oracle_full,1791,3.0,0.9499999999999998,0.94,1.0
oracle_full,1792,3.0,0.9499999999999998,0.935,1.0
oracle_full,1793,3.0,0.9499999999999998,0.94,1.0
oracle_full,1794,3.0,0.9499999999999998,0.945,1.0
oracle_full,1795,3.0,0.9499999999999998,0.955,1.0
oracle_full,1796,3.0,0.9499999999999998,0.94,1.0
oracle_full,1797,3.0,0.9499999999999998,0.98,1.0
oracle_full,1798,3.0,0.9499999999999998,0.935,1.0
oracle_full,1799,3.0,0.9499999999999998,0.955,1.0
oracle_full,1800,1.0,0.9499999999999998,0.96,1.0
oracle_full,1801,1.0,0.9499999999999998,0.93,1.0
oracle_full,1802,1.0,0.9499999999999998,0.96,1.0
oracle_full,1803,1.0,0.9499999999999998,0.95,1.0
oracle_full,1804,1.0,0.9499999999999998,0.975,1.0
oracle_full,1805,1.0,0.9499999999999998,0.955,1.0
oracle_full,1806,1.0,0.9499999999999998,0.935,1.0
oracle_full,1807,1.0,0.9499999999999998,0.975,1.0
oracle_full,1808,1.0,0.9499999999999998,0.94,1.0
oracle_full,1809,1.0,0.9499999999999998,0.965,1.0
oracle_full,1810,1.0,0.9499999999999998,0.96,1.0
oracle_full,1811,1.0,0.9499999999999998,0.975,1.0
oracle_full,1812,1.0,0.9499999999999998,0.97,1.0
oracle_full,1813,1.0,0.9499999999999998,0.91,1.0
oracle_full,1814,1.0,0.9499999999999998,0.95,1.0
oracle_full,1815,1.0,0.9499999999999998,0.935,1.0
oracle_full,1816,1.0,0.9499999999999998,0.96,1.0
oracle_full,1817,1.0,0.9499999999999998,0.96,1.0
oracle_full,1818,1.0,0.9499999999999998,0.925,1.0
oracle_full,1819,1.0,0.9499999999999998,0.97,1.0
oracle_full,1820,1.0,0.9499999999999998,0.955,1.0
oracle_full,1821,1.0,0.9499999999999998,0.95,1.0
oracle_full,1822,1.0,0.9499999999999998,0.97,1.0
oracle_full,1823,1.0,0.9499999999999998,0.95,1.0
oracle_full,1824,1.0,0.9499999999999998,0.95,1.0
oracle_full,1825,1.0,0.9499999999999998,0.96,1.0
oracle_full,1826,1.0,0.9499999999999998,0.92,1.0
oracle_full,1827,1.0,0.9499999999999998,0.945,1.0
oracle_full,1828,1.0,0.9499999999999998,0.955,1.0
oracle_full,1829,1.0,0.9499999999999998,0.935,1.0
oracle_full,1830,1.0,0.9499999999999998,0.935,1.0
oracle_full,1831,1.0,0.9499999999999998,0.97,1.0
oracle_full,1832,1.0,0.9499999999999998,0.975,1.0
oracle_full,1833,1.0,0.9499999999999998,0.95,1.0
oracle_full,1834,1.0,0.9499999999999998,0.93,1.0
oracle_full,1835,1.0,0.9499999999999998,0.945,1.0
oracle_full,1836,1.0,0.9499999999999998,0.94,1.0
oracle_full,1837,1.0,0.9499999999999998,0.96,1.0
oracle_full,1838,1.0,0.9499999999999998,0.935,1.0
oracle_full,1839,1.0,0.9499999999999998,0.94,1.0
oracle_full,1840,1.0,0.9499999999999998,0.95,1.0
oracle_full,1841,1.0,0.9499999999999998,0.945,1.0
oracle_full,1842,1.0,0.9499999999999998,0.975,1.0
oracle_full,1843,1.0,0.9499999999999998,0.955,1.0
oracle_full,1844,1.0,0.9499999999999998,0.94,1.0
oracle_full,1845,1.0,0.9499999999999998,0.945,1.0
oracle_full,1846,1.0,0.9499999999999998,0.98,1.0
oracle_full,1847,1.0,0.9499999999999998,0.94,1.0
oracle_full,1848,1.0,0.9499999999999998,0.915,1.0
oracle_full,1849,1.0,0.9499999999999998,0.945,1.0
oracle_full,1850,1.0,0.9499999999999998,0.965,1.0
oracle_full,1851,1.0,0.9499999999999998,0.945,1.0
oracle_full,1852,1.0,0.9499999999999998,0.965,1.0
oracle_full,1853,1.0,0.9499999999999998,0.925,1.0
oracle_full,1854,1.0,0.9499999999999998,0.985,1.0
oracle_full,1855,1.0,0.9499999999999998,0.985,1.0
oracle_full,1856,1.0,0.9499999999999998,0.965,1.0
oracle_full,1857,1.0,0.9499999999999998,0.95,1.0
oracle_full,1858,1.0,0.9499999999999998,0.955,1.0
oracle_full,1859,1.0,0.9499999999999998,0.965,1.0
oracle_full,1860,1.0,0.9499999999999998,0.94,1.0
oracle_full,1861,1.0,0.9499999999999998,0.96,1.0
oracle_full,1862,1.0,0.9499999999999998,0.95,1.0
oracle_full,1863,1.0,0.9499999999999998,0.955,1.0
oracle_full,1864,1.0,0.9499999999999998,0.935,1.0
oracle_full,1865,1.0,0.9499999999999998,0.965,1.0
oracle_full,1866,1.0,0.9499999999999998,0.935,1.0
oracle_full,1867,1.0,0.9499999999999998,0.94,1.0
oracle_full,1868,1.0,0.9499999999999998,0.96,1.0
oracle_full,1869,1.0,0.9499999999999998,0.955,1.0
oracle_full,1870,1.0,0.9499999999999998,0.975,1.0
oracle_full,1871,1.0,0.9499999999999998,0.955,1.0
oracle_full,1872,1.0,0.9499999999999998,0.945,1.0
oracle_full,1873,1.0,0.9499999999999998,0.965,1.0
oracle_full,1874,1.0,0.9499999999999998,0.965,1.0
oracle_full,1875,1.0,0.9499999999999998,0.95,1.0
oracle_full,1876,1.0,0.9499999999999998,0.97,1.0
oracle_full,1877,1.0,0.9499999999999998,0.925,1.0
oracle_full,1878,1.0,0.9499999999999998,0.925,1.0
oracle_full,1879,1.0,0.9499999999999998,0.96,1.0
oracle_full,1880,1.0,0.9499999999999998,0.97,1.0
oracle_full,1881,1.0,0.9499999999999998,0.955,1.0
oracle_full,1882,1.0,0.9499999999999998,0.965,1.0
oracle_full,1883,1.0,0.9499999999999998,0.945,1.0
oracle_full,1884,1.0,0.9499999999999998,0.97,1.0
oracle_full,1885,1.0,0.9499999999999998,0.94,1.0
oracle_full,1886,1.0,0.9499999999999998,0.925,1.0
oracle_full,1887,1.0,0.9499999999999998,0.945,1.0
oracle_full,1888,1.0,0.9499999999999998,0.955,1.0
oracle_full,1889,1.0,0.9499999999999998,0.955,1.0
oracle_full,1890,1.0,0.9499999999999998,0.96,1.0
oracle_full,1891,1.0,0.9499999999999998,0.97,1.0
oracle_full,1892,1.0,0.9499999999999998,0.925,1.0
oracle_full,1893,1.0,0.9499999999999998,0.96,1.0
oracle_full,1894,1.0,0.9499999999999998,0.965,1.0
oracle_full,1895,1.0,0.9499999999999998,0.96,1.0
oracle_full,1896,1.0,0.9499999999999998,0.95,1.0
oracle_full,1897,1.0,0.9499999999999998,0.945,1.0
oracle_full,1898,1.0,0.9499999999999998,0.94,1.0
oracle_full,1899,1.0,0.9499999999999998,0.945,1.0
oracle_full,1900,1.0,0.9499999999999998,0.975,1.0
oracle_full,1901,1.0,0.9499999999999998,0.94,1.0
oracle_full,1902,1.0,0.9499999999999998,0.96,1.0
oracle_full,1903,1.0,0.9499999999999998,0.955,1.0
oracle_full,1904,1.0,0.9499999999999998,0.965,1.0
oracle_full,1905,1.0,0.9499999999999998,0.96,1.0
oracle_full,1906,1.0,0.9499999999999998,0.925,1.0
oracle_full,1907,1.0,0.9499999999999998,0.96,1.0
oracle_full,1908,1.0,0.9499999999999998,0.98,1.0
oracle_full,1909,1.0,0.9499999999999998,0.935,1.0
oracle_full,1910,1.0,0.9499999999999998,0.96,1.0
oracle_full,1911,1.0,0.9499999999999998,0.975,1.0
oracle_full,1912,1.0,0.9499999999999998,0.955,1.0
oracle_full,1913,1.0,0.9499999999999998,0.915,1.0
oracle_full,1914,1.0,0.9499999999999998,0.94,1.0
oracle_full,1915,1.0,0.9499999999999998,0.96,1.0
oracle_full,1916,1.0,0.9499999999999998,0.96,1.0
oracle_full,1917,1.0,0.9499999999999998,0.935,1.0
oracle_full,1918,1.0,0.9499999999999998,0.955,1.0
oracle_full,1919,1.0,0.9499999999999998,0.935,1.0
oracle_full,1920,1.0,0.9499999999999998,0.955,1.0
oracle_full,1921,1.0,0.9499999999999998,0.96,1.0
oracle_full,1922,1.0,0.9499999999999998,0.965,1.0
oracle_full,1923,1.0,0.9499999999999998,0.955,1.0
oracle_full,1924,1.0,0.9499999999999998,0.955,1.0
oracle_full,1925,1.0,0.9499999999999998,0.935,1.0
oracle_full,1926,1.0,0.9499999999999998,0.94,1.0
oracle_full,1927,1.0,0.9499999999999998,0.955,1.0
oracle_full,1928,1.0,0.9499999999999998,0.945,1.0
oracle_full,1929,1.0,0.9499999999999998,0.95,1.0
oracle_full,1930,1.0,0.9499999999999998,0.965,1.0
oracle_full,1931,1.0,0.9499999999999998,0.945,1.0
oracle_full,1932,1.0,0.9499999999999998,0.955,1.0
oracle_full,1933,1.0,0.9499999999999998,0.93,1.0
oracle_full,1934,1.0,0.9499999999999998,0.96,1.0
oracle_full,1935,1.0,0.9499999999999998,0.94,1.0
oracle_full,1936,1.0,0.9499999999999998,0.94,1.0
oracle_full,1937,1.0,0.9499999999999998,0.955,1.0
oracle_full,1938,1.0,0.9499999999999998,0.95,1.0
oracle_full,1939,1.0,0.9499999999999998,0.955,1.0
oracle_full,1940,1.0,0.9499999999999998,0.945,1.0
oracle_full,1941,1.0,0.9499999999999998,0.94,1.0
oracle_full,1942,1.0,0.9499999999999998,0.915,1.0
oracle_full,1943,1.0,0.9499999999999998,0.935,1.0
oracle_full,1944,1.0,0.9499999999999998,0.955,1.0
oracle_full,1945,1.0,0.9499999999999998,0.985,1.0
oracle_full,1946,1.0,0.9499999999999998,0.94,1.0
oracle_full,1947,1.0,0.9499999999999998,0.92,1.0
oracle_full,1948,1.0,0.9499999999999998,0.925,1.0
oracle_full,1949,1.0,0.9499999999999998,0.955,1.0
oracle_full,1950,1.0,0.9499999999999998,0.96,1.0
oracle_full,1951,1.0,0.9499999999999998,0.935,1.0
oracle_full,1952,1.0,0.9499999999999998,0.95,1.0
oracle_full,1953,1.0,0.9499999999999998,0.945,1.0
oracle_full,1954,1.0,0.9499999999999998,0.94,1.0
oracle_full,1955,1.0,0.9499999999999998,0.945,1.0
oracle_full,1956,1.0,0.9499999999999998,0.95,1.0
oracle_full,1957,1.0,0.9499999999999998,0.945,1.0
oracle_full,1958,1.0,0.9499999999999998,0.965,1.0
oracle_full,1959,1.0,0.9499999999999998,0.935,1.0
oracle_full,1960,1.0,0.9499999999999998,0.94,1.0
oracle_full,1961,1.0,0.9499999999999998,0.965,1.0
oracle_full,1962,1.0,0.9499999999999998,0.96,1.0
oracle_full,1963,1.0,0.9499999999999998,0.945,1.0
oracle_full,1964,1.0,0.9499999999999998,0.955,1.0
oracle_full,1965,1.0,0.9499999999999998,0.94,1.0
oracle_full,1966,1.0,0.9499999999999998,0.94,1.0
oracle_full,1967,1.0,0.9499999999999998,0.93,1.0
oracle_full,1968,1.0,0.9499999999999998,0.97,1.0
oracle_full,1969,1.0,0.9499999999999998,0.975,1.0
oracle_full,1970,1.0,0.9499999999999998,0.93,1.0
oracle_full,1971,1.0,0.9499999999999998,0.96,1.0
oracle_full,1972,1.0,0.9499999999999998,0.97,1.0
oracle_full,1973,1.0,0.9499999999999998,0.945,1.0
oracle_full,1974,1.0,0.9499999999999998,0.96,1.0
oracle_full,1975,1.0,0.9499999999999998,0.975,1.0
oracle_full,1976,1.0,0.9499999999999998,0.95,1.0
oracle_full,1977,1.0,0.9499999999999998,0.955,1.0
oracle_full,1978,1.0,0.9499999999999998,0.95,1.0
oracle_full,1979,1.0,0.9499999999999998,0.98,1.0
oracle_full,1980,1.0,0.9499999999999998,0.935,1.0
oracle_full,1981,1.0,0.9499999999999998,0.96,1.0
oracle_full,1982,1.0,0.9499999999999998,0.97,1.0
oracle_full,1983,1.0,0.9499999999999998,0.965,1.0
oracle_full,1984,1.0,0.9499999999999998,0.915,1.0
oracle_full,1985,1.0,0.9499999999999998,0.975,1.0
oracle_full,1986,1.0,0.9499999999999998,0.985,1.0
oracle_full,1987,1.0,0.9499999999999998,0.95,1.0
oracle_full,1988,1.0,0.9499999999999998,0.93,1.0
oracle_full,1989,1.0,0.9499999999999998,0.96,1.0
oracle_full,1990,1.0,0.9499999999999998,0.95,1.0
oracle_full,1991,1.0,0.9499999999999998,0.945,1.0
oracle_full,1992,1.0,0.9499999999999998,0.965,1.0
oracle_full,1993,1.0,0.9499999999999998,0.95,1.0
oracle_full,1994,1.0,0.9499999999999998,0.94,1.0
oracle_full,1995,1.0,0.9499999999999998,0.955,1.0
oracle_full,1996,1.0,0.9499999999999998,0.945,1.0
oracle_full,1997,1.0,0.9499999999999998,0.97,1.0
oracle_full,1998,1.0,0.9499999999999998,0.955,1.0
oracle_full,1999,1.0,0.9499999999999998,0.95,1.0
oracle_full,2000,1.0,0.9499999999999998,0.935,1.0
oracle_full,2001,1.0,0.9499999999999998,0.96,1.0
oracle_full,2002,1.0,0.9499999999999998,0.965,1.0
oracle_full,2003,1.0,0.9499999999999998,0.935,1.0
oracle_full,2004,1.0,0.9499999999999998,0.94,1.0
oracle_full,2005,1.0,0.9499999999999998,0.965,1.0
oracle_full,2006,1.0,0.9499999999999998,0.95,1.0
oracle_full,2007,1.0,0.9499999999999998,0.955,1.0
oracle_full,2008,1.0,0.9499999999999998,0.95,1.0
oracle_full,2009,1.0,0.9499999999999998,0.955,1.0
oracle_full,2010,1.0,0.9499999999999998,0.945,1.0
oracle_full,2011,1.0,0.9499999999999998,0.96,1.0
oracle_full,2012,1.0,0.9499999999999998,0.95,1.0
oracle_full,2013,1.0,0.9499999999999998,0.965,1.0
oracle_full,2014,1.0,0.9499999999999998,0.96,1.0
oracle_full,2015,1.0,0.9499999999999998,0.965,1.0
oracle_full,2016,1.0,0.9499999999999998,0.925,1.0
oracle_full,2017,1.0,0.9499999999999998,0.95,1.0
oracle_full,2018,1.0,0.9499999999999998,0.945,1.0
oracle_full,2019,1.0,0.9499999999999998,0.95,1.0
oracle_full,2020,1.0,0.9499999999999998,0.935,1.0
oracle_full,2021,1.0,0.9499999999999998,0.98,1.0
oracle_full,2022,1.0,0.9499999999999998,0.925,1.0
oracle_full,2023,1.0,0.9499999999999998,0.94,1.0
oracle_full,2024,1.0,0.9499999999999998,0.96,1.0
oracle_full,2025,1.0,0.9499999999999998,0.97,1.0
oracle_full,2026,1.0,0.9499999999999998,0.955,1.0
oracle_full,2027,1.0,0.9499999999999998,0.94,1.0
oracle_full,2028,1.0,0.9499999999999998,0.945,1.0
oracle_full,2029,1.0,0.9499999999999998,0.945,1.0
oracle_full,2030,1.0,0.9499999999999998,0.91,1.0
oracle_full,2031,1.0,0.9499999999999998,0.965,1.0
oracle_full,2032,1.0,0.9499999999999998,0.955,1.0
oracle_full,2033,1.0,0.9499999999999998,0.935,1.0
oracle_full,2034,1.0,0.9499999999999998,0.94,1.0
oracle_full,2035,1.0,0.9499999999999998,0.965,1.0
oracle_full,2036,1.0,0.9499999999999998,0.98,1.0
oracle_full,2037,1.0,0.9499999999999998,0.93,1.0
oracle_full,2038,1.0,0.9499999999999998,0.945,1.0
oracle_full,2039,1.0,0.9499999999999998,0.955,1.0
oracle_full,2040,1.0,0.9499999999999998,0.935,1.0
oracle_full,2041,1.0,0.9499999999999998,0.95,1.0
oracle_full,2042,1.0,0.9499999999999998,0.945,1.0
oracle_full,2043,1.0,0.9499999999999998,0.945,1.0
oracle_full,2044,1.0,0.9499999999999998,0.96,1.0
oracle_full,2045,1.0,0.9499999999999998,0.955,1.0
oracle_full,2046,1.0,0.9499999999999998,0.965,1.0
oracle_full,2047,1.0,0.9499999999999998,0.965,1.0
oracle_full,2048,1.0,0.9499999999999998,0.935,1.0
oracle_full,2049,1.0,0.9499999999999998,0.975,1.0
oracle_full,2050,1.0,0.9499999999999998,0.945,1.0
oracle_full,2051,1.0,0.9499999999999998,0.93,1.0
oracle_full,2052,1.0,0.9499999999999998,0.955,1.0
oracle_full,2053,1.0,0.9499999999999998,0.99,1.0
oracle_full,2054,1.0,0.9499999999999998,0.97,1.0
oracle_full,2055,1.0,0.9499999999999998,0.93,1.0
oracle_full,2056,1.0,0.9499999999999998,0.965,1.0
oracle_full,2057,1.0,0.9499999999999998,0.975,1.0
oracle_full,2058,1.0,0.9499999999999998,0.95,1.0
oracle_full,2059,1.0,0.9499999999999998,0.975,1.0
oracle_full,2060,1.0,0.9499999999999998,0.92,1.0
oracle_full,2061,1.0,0.9499999999999998,0.96,1.0
oracle_full,2062,1.0,0.9499999999999998,0.925,1.0
oracle_full,2063,1.0,0.9499999999999998,0.96,1.0
oracle_full,2064,1.0,0.9499999999999998,0.955,1.0
oracle_full,2065,1.0,0.9499999999999998,0.95,1.0
oracle_full,2066,1.0,0.9499999999999998,0.955,1.0
oracle_full,2067,1.0,0.9499999999999998,0.96,1.0
oracle_full,2068,1.0,0.9499999999999998,0.955,1.0
oracle_full,2069,1.0,0.9499999999999998,0.95,1.0
oracle_full,2070,1.0,0.9499999999999998,0.925,1.0
oracle_full,2071,1.0,0.9499999999999998,0.94,1.0
oracle_full,2072,1.0,0.9499999999999998,0.965,1.0
oracle_full,2073,1.0,0.9499999999999998,0.97,1.0
oracle_full,2074,1.0,0.9499999999999998,0.95,1.0
oracle_full,2075,1.0,0.9499999999999998,0.965,1.0
oracle_full,2076,1.0,0.9499999999999998,0.97,1.0
oracle_full,2077,1.0,0.9499999999999998,0.97,1.0
oracle_full,2078,1.0,0.9499999999999998,0.96,1.0
oracle_full,2079,1.0,0.9499999999999998,0.97,1.0
oracle_full,2080,1.0,0.9499999999999998,0.96,1.0
oracle_full,2081,1.0,0.9499999999999998,0.965,1.0
oracle_full,2082,1.0,0.9499999999999998,0.98,1.0
oracle_full,2083,1.0,0.9499999999999998,0.915,1.0
oracle_full,2084,1.0,0.9499999999999998,0.955,1.0
oracle_full,2085,1.0,0.9499999999999998,0.965,1.0
oracle_full,2086,1.0,0.9499999999999998,0.98,1.0
oracle_full,2087,1.0,0.9499999999999998,0.955,1.0
oracle_full,2088,1.0,0.9499999999999998,0.915,1.0
oracle_full,2089,1.0,0.9499999999999998,0.93,1.0
oracle_full,2090,1.0,0.9499999999999998,0.96,1.0
oracle_full,2091,1.0,0.9499999999999998,0.96,1.0
oracle_full,2092,1.0,0.9499999999999998,0.96,1.0
oracle_full,2093,1.0,0.9499999999999998,0.975,1.0
oracle_full,2094,1.0,0.9499999999999998,0.96,1.0
oracle_full,2095,1.0,0.9499999999999998,0.945,1.0
oracle_full,2096,1.0,0.9499999999999998,0.925,1.0
oracle_full,2097,1.0,0.9499999999999998,0.94,1.0
oracle_full,2098,1.0,0.9499999999999998,0.955,1.0
oracle_full,2099,1.0,0.9499999999999998,0.97,1.0
oracle_full,2100,1.0,0.9499999999999998,0.92,1.0
oracle_full,2101,1.0,0.9499999999999998,0.945,1.0
oracle_full,2102,1.0,0.9499999999999998,0.955,1.0
oracle_full,2103,1.0,0.9499999999999998,0.935,1.0
oracle_full,2104,1.0,0.9499999999999998,0.95,1.0
oracle_full,2105,1.0,0.9499999999999998,0.97,1.0
oracle_full,2106,1.0,0.9499999999999998,0.945,1.0
oracle_full,2107,1.0,0.9499999999999998,0.95,1.0
oracle_full,2108,1.0,0.9499999999999998,0.94,1.0
oracle_full,2109,1.0,0.9499999999999998,0.97,1.0
oracle_full,2110,1.0,0.9499999999999998,0.95,1.0
oracle_full,2111,1.0,0.9499999999999998,0.97,1.0
oracle_full,2112,1.0,0.9499999999999998,0.965,1.0
oracle_full,2113,1.0,0.9499999999999998,0.95,1.0
oracle_full,2114,1.0,0.9499999999999998,0.955,1.0
oracle_full,2115,1.0,0.9499999999999998,0.96,1.0
oracle_full,2116,1.0,0.9499999999999998,0.955,1.0
oracle_full,2117,1.0,0.9499999999999998,0.915,1.0
oracle_full,2118,1.0,0.9499999999999998,0.96,1.0
oracle_full,2119,1.0,0.9499999999999998,0.95,1.0
oracle_full,2120,1.0,0.9499999999999998,0.94,1.0
oracle_full,2121,1.0,0.9499999999999998,0.94,1.0
oracle_full,2122,1.0,0.9499999999999998,0.97,1.0
oracle_full,2123,1.0,0.9499999999999998,0.965,1.0
oracle_full,2124,1.0,0.9499999999999998,0.925,1.0
oracle_full,2125,1.0,0.9499999999999998,0.935,1.0
oracle_full,2126,1.0,0.9499999999999998,0.98,1.0
oracle_full,2127,1.0,0.9499999999999998,0.955,1.0
oracle_full,2128,1.0,0.9499999999999998,0.955,1.0
oracle_full,2129,1.0,0.9499999999999998,0.945,1.0
oracle_full,2130,1.0,0.9499999999999998,0.945,1.0
oracle_full,2131,1.0,0.9499999999999998,0.96,1.0
oracle_full,2132,1.0,0.9499999999999998,0.95,1.0
oracle_full,2133,1.0,0.9499999999999998,0.95,1.0
oracle_full,2134,1.0,0.9499999999999998,0.965,1.0
oracle_full,2135,1.0,0.9499999999999998,0.965,1.0
oracle_full,2136,1.0,0.9499999999999998,0.955,1.0
oracle_full,2137,1.0,0.9499999999999998,0.94,1.0
oracle_full,2138,1.0,0.9499999999999998,0.955,1.0
oracle_full,2139,1.0,0.9499999999999998,0.95,1.0
oracle_full,2140,1.0,0.9499999999999998,0.94,1.0
oracle_full,2141,1.0,0.9499999999999998,0.955,1.0
oracle_full,2142,1.0,0.9499999999999998,0.955,1.0
oracle_full,2143,1.0,0.9499999999999998,0.94,1.0
oracle_full,2144,1.0,0.9499999999999998,0.96,1.0
oracle_full,2145,1.0,0.9499999999999998,0.985,1.0
oracle_full,2146,1.0,0.9499999999999998,0.955,1.0
oracle_full,2147,1.0,0.9499999999999998,0.945,1.0
oracle_full,2148,1.0,0.9499999999999998,0.955,1.0
oracle_full,2149,1.0,0.9499999999999998,0.96,1.0
oracle_full,2150,1.0,0.9499999999999998,0.98,1.0
oracle_full,2151,1.0,0.9499999999999998,0.95,1.0
oracle_full,2152,1.0,0.9499999999999998,0.965,1.0
oracle_full,2153,1.0,0.9499999999999998,0.955,1.0
oracle_full,2154,1.0,0.9499999999999998,0.955,1.0
oracle_full,2155,1.0,0.9499999999999998,0.955,1.0
oracle_full,2156,1.0,0.9499999999999998,0.94,1.0
oracle_full,2157,1.0,0.9499999999999998,0.975,1.0
oracle_full,2158,1.0,0.9499999999999998,0.955,1.0
oracle_full,2159,1.0,0.9499999999999998,0.955,1.0
oracle_full,2160,1.0,0.9499999999999998,0.975,1.0
oracle_full,2161,1.0,0.9499999999999998,0.96,1.0
oracle_full,2162,1.0,0.9499999999999998,0.95,1.0
oracle_full,2163,1.0,0.9499999999999998,0.955,1.0
oracle_full,2164,1.0,0.9499999999999998,0.935,1.0
oracle_full,2165,1.0,0.9499999999999998,0.935,1.0
oracle_full,2166,1.0,0.9499999999999998,0.94,1.0
oracle_full,2167,1.0,0.9499999999999998,0.95,1.0
oracle_full,2168,1.0,0.9499999999999998,0.95,1.0
oracle_full,2169,1.0,0.9499999999999998,0.945,1.0
oracle_full,2170,1.0,0.9499999999999998,0.97,1.0
oracle_full,2171,1.0,0.9499999999999998,0.965,1.0
oracle_full,2172,1.0,0.9499999999999998,0.945,1.0
oracle_full,2173,1.0,0.9499999999999998,0.935,1.0
oracle_full,2174,1.0,0.9499999999999998,0.97,1.0
oracle_full,2175,1.0,0.9499999999999998,0.955,1.0
oracle_full,2176,1.0,0.9499999999999998,0.955,1.0
oracle_full,2177,1.0,0.9499999999999998,0.935,1.0
oracle_full,2178,1.0,0.9499999999999998,0.93,1.0
oracle_full,2179,1.0,0.9499999999999998,0.95,1.0
oracle_full,2180,1.0,0.9499999999999998,0.92,1.0
oracle_full,2181,1.0,0.9499999999999998,0.935,1.0
oracle_full,2182,1.0,0.9499999999999998,0.94,1.0
oracle_full,2183,1.0,0.9499999999999998,0.915,1.0
oracle_full,2184,1.0,0.9499999999999998,0.95,1.0
oracle_full,2185,1.0,0.9499999999999998,0.925,1.0
oracle_full,2186,1.0,0.9499999999999998,0.97,1.0
oracle_full,2187,1.0,0.9499999999999998,0.955,1.0
oracle_full,2188,1.0,0.9499999999999998,0.965,1.0
oracle_full,2189,1.0,0.9499999999999998,0.94,1.0
oracle_full,2190,1.0,0.9499999999999998,0.93,1.0
oracle_full,2191,1.0,0.9499999999999998,0.965,1.0
oracle_full,2192,1.0,0.9499999999999998,0.975,1.0
oracle_full,2193,1.0,0.9499999999999998,0.955,1.0
oracle_full,2194,1.0,0.9499999999999998,0.975,1.0
oracle_full,2195,1.0,0.9499999999999998,0.93,1.0
oracle_full,2196,1.0,0.9499999999999998,0.935,1.0
oracle_full,2197,1.0,0.9499999999999998,0.96,1.0
oracle_full,2198,1.0,0.9499999999999998,0.95,1.0
oracle_full,2199,1.0,0.9499999999999998,0.895,1.0
oracle_full,2200,1.0,0.9499999999999998,0.935,1.0
oracle_full,2201,1.0,0.9499999999999998,0.96,1.0
oracle_full,2202,1.0,0.9499999999999998,0.935,1.0
oracle_full,2203,1.0,0.9499999999999998,0.95,1.0
oracle_full,2204,1.0,0.9499999999999998,0.935,1.0
oracle_full,2205,1.0,0.9499999999999998,0.945,1.0
oracle_full,2206,1.0,0.9499999999999998,0.935,1.0
oracle_full,2207,1.0,0.9499999999999998,0.94,1.0
oracle_full,2208,1.0,0.9499999999999998,0.96,1.0
oracle_full,2209,1.0,0.9499999999999998,0.95,1.0
oracle_full,2210,1.0,0.9499999999999998,0.93,1.0
oracle_full,2211,1.0,0.9499999999999998,0.94,1.0
oracle_full,2212,1.0,0.9499999999999998,0.965,1.0
oracle_full,2213,1.0,0.9499999999999998,0.94,1.0
oracle_full,2214,1.0,0.9499999999999998,0.96,1.0
oracle_full,2215,1.0,0.9499999999999998,0.945,1.0
oracle_full,2216,1.0,0.9499999999999998,0.98,1.0
oracle_full,2217,1.0,0.9499999999999998,0.955,1.0
oracle_full,2218,1.0,0.9499999999999998,0.965,1.0
oracle_full,2219,1.0,0.9499999999999998,0.945,1.0
oracle_full,2220,1.0,0.9499999999999998,0.94,1.0
oracle_full,2221,1.0,0.9499999999999998,0.91,1.0
oracle_full,2222,1.0,0.9499999999999998,0.95,1.0
oracle_full,2223,1.0,0.9499999999999998,0.935,1.0
oracle_full,2224,1.0,0.9499999999999998,0.965,1.0
oracle_full,2225,1.0,0.9499999999999998,0.96,1.0
oracle_full,2226,1.0,0.9499999999999998,0.94,1.0
oracle_full,2227,1.0,0.9499999999999998,0.965,1.0
oracle_full,2228,1.0,0.9499999999999998,0.94,1.0
oracle_full,2229,1.0,0.9499999999999998,0.94,1.0
oracle_full,2230,1.0,0.9499999999999998,0.945,1.0
oracle_full,2231,1.0,0.9499999999999998,0.935,1.0
oracle_full,2232,1.0,0.9499999999999998,0.94,1.0
oracle_full,2233,1.0,0.9499999999999998,0.915,1.0
oracle_full,2234,1.0,0.9499999999999998,0.95,1.0
oracle_full,2235,1.0,0.9499999999999998,0.975,1.0
oracle_full,2236,1.0,0.9499999999999998,0.935,1.0
oracle_full,2237,1.0,0.9499999999999998,0.915,1.0
oracle_full,2238,1.0,0.9499999999999998,0.955,1.0
oracle_full,2239,1.0,0.9499999999999998,0.97,1.0
oracle_full,2240,1.0,0.9499999999999998,0.955,1.0
oracle_full,2241,1.0,0.9499999999999998,0.95,1.0
oracle_full,2242,1.0,0.9499999999999998,0.935,1.0
oracle_full,2243,1.0,0.9499999999999998,0.95,1.0
oracle_full,2244,1.0,0.9499999999999998,0.94,1.0
oracle_full,2245,1.0,0.9499999999999998,0.965,1.0
oracle_full,2246,1.0,0.9499999999999998,0.96,1.0
oracle_full,2247,1.0,0.9499999999999998,0.95,1.0
oracle_full,2248,1.0,0.9499999999999998,0.95,1.0
oracle_full,2249,1.0,0.9499999999999998,0.965,1.0
oracle_full,2250,1.0,0.9499999999999998,0.945,1.0
oracle_full,2251,1.0,0.9499999999999998,0.955,1.0
oracle_full,2252,1.0,0.9499999999999998,0.93,1.0
oracle_full,2253,1.0,0.9499999999999998,0.955,1.0
oracle_full,2254,1.0,0.9499999999999998,0.945,1.0
oracle_full,2255,1.0,0.9499999999999998,0.92,1.0
oracle_full,2256,1.0,0.9499999999999998,0.93,1.0
oracle_full,2257,1.0,0.9499999999999998,0.94,1.0
oracle_full,2258,1.0,0.9499999999999998,0.955,1.0
oracle_full,2259,1.0,0.9499999999999998,0.965,1.0
oracle_full,2260,1.0,0.9499999999999998,0.95,1.0
oracle_full,2261,1.0,0.9499999999999998,0.94,1.0
oracle_full,2262,1.0,0.9499999999999998,0.95,1.0
oracle_full,2263,1.0,0.9499999999999998,0.955,1.0
oracle_full,2264,1.0,0.9499999999999998,0.945,1.0
oracle_full,2265,1.0,0.9499999999999998,0.895,1.0
oracle_full,2266,1.0,0.9499999999999998,0.96,1.0
oracle_full,2267,1.0,0.9499999999999998,0.945,1.0
oracle_full,2268,1.0,0.9499999999999998,0.95,1.0
oracle_full,2269,1.0,0.9499999999999998,0.95,1.0
oracle_full,2270,1.0,0.9499999999999998,0.94,1.0
oracle_full,2271,1.0,0.9499999999999998,0.94,1.0
oracle_full,2272,1.0,0.9499999999999998,0.955,1.0
oracle_full,2273,1.0,0.9499999999999998,0.93,1.0
oracle_full,2274,1.0,0.9499999999999998,0.965,1.0
oracle_full,2275,1.0,0.9499999999999998,0.935,1.0
oracle_full,2276,1.0,0.9499999999999998,0.96,1.0
oracle_full,2277,1.0,0.9499999999999998,0.97,1.0
oracle_full,2278,1.0,0.9499999999999998,0.915,1.0
oracle_full,2279,1.0,0.9499999999999998,0.97,1.0
oracle_full,2280,1.0,0.9499999999999998,0.95,1.0
oracle_full,2281,1.0,0.9499999999999998,0.935,1.0
oracle_full,2282,1.0,0.9499999999999998,0.955,1.0
oracle_full,2283,1.0,0.9499999999999998,0.94,1.0
oracle_full,2284,1.0,0.9499999999999998,0.94,1.0
oracle_full,2285,1.0,0.9499999999999998,0.965,1.0
oracle_full,2286,1.0,0.9499999999999998,0.96,1.0
oracle_full,2287,1.0,0.9499999999999998,0.965,1.0
oracle_full,2288,1.0,0.9499999999999998,0.965,1.0
oracle_full,2289,1.0,0.9499999999999998,0.935,1.0
oracle_full,2290,1.0,0.9499999999999998,0.955,1.0
oracle_full,2291,1.0,0.9499999999999998,0.965,1.0
oracle_full,2292,1.0,0.9499999999999998,0.935,1.0
oracle_full,2293,1.0,0.9499999999999998,0.95,1.0
oracle_full,2294,1.0,0.9499999999999998,0.945,1.0
oracle_full,2295,1.0,0.9499999999999998,0.94,1.0
oracle_full,2296,1.0,0.9499999999999998,0.925,1.0
oracle_full,2297,1.0,0.9499999999999998,0.945,1.0
oracle_full,2298,1.0,0.9499999999999998,0.97,1.0
oracle_full,2299,1.0,0.9499999999999998,0.97,1.0
oracle_full,2300,1.0,0.9499999999999998,0.93,1.0
oracle_full,2301,1.0,0.9499999999999998,0.94,1.0
oracle_full,2302,1.0,0.9499999999999998,0.965,1.0
oracle_full,2303,1.0,0.9499999999999998,0.94,1.0
oracle_full,2304,1.0,0.9499999999999998,0.95,1.0
oracle_full,2305,1.0,0.9499999999999998,0.955,1.0
oracle_full,2306,1.0,0.9499999999999998,0.95,1.0
oracle_full,2307,1.0,0.9499999999999998,0.94,1.0
oracle_full,2308,1.0,0.9499999999999998,0.95,1.0
oracle_full,2309,1.0,0.9499999999999998,0.955,1.0
oracle_full,2310,1.0,0.9499999999999998,0.95,1.0
oracle_full,2311,1.0,0.9499999999999998,0.95,1.0
oracle_full,2312,1.0,0.9499999999999998,0.975,1.0
oracle_full,2313,1.0,0.9499999999999998,0.96,1.0
oracle_full,2314,1.0,0.9499999999999998,0.98,1.0
oracle_full,2315,1.0,0.9499999999999998,0.955,1.0
oracle_full,2316,1.0,0.9499999999999998,0.97,1.0
oracle_full,2317,1.0,0.9499999999999998,0.96,1.0
oracle_full,2318,1.0,0.9499999999999998,0.945,1.0
oracle_full,2319,1.0,0.9499999999999998,0.955,1.0
oracle_full,2320,1.0,0.9499999999999998,0.935,1.0
oracle_full,2321,1.0,0.9499999999999998,0.955,1.0
oracle_full,2322,1.0,0.9499999999999998,0.945,1.0
oracle_full,2323,1.0,0.9499999999999998,0.965,1.0
oracle_full,2324,1.0,0.9499999999999998,0.9,1.0
oracle_full,2325,1.0,0.9499999999999998,0.95,1.0
oracle_full,2326,1.0,0.9499999999999998,0.93,1.0
oracle_full,2327,1.0,0.9499999999999998,0.98,1.0
oracle_full,2328,1.0,0.9499999999999998,0.95,1.0
oracle_full,2329,1.0,0.9499999999999998,0.945,1.0
oracle_full,2330,1.0,0.9499999999999998,0.96,1.0
oracle_full,2331,1.0,0.9499999999999998,0.95,1.0
oracle_full,2332,1.0,0.9499999999999998,0.97,1.0
oracle_full,2333,1.0,0.9499999999999998,0.955,1.0
oracle_full,2334,1.0,0.9499999999999998,0.92,1.0
oracle_full,2335,1.0,0.9499999999999998,0.965,1.0
oracle_full,2336,1.0,0.9499999999999998,0.97,1.0
oracle_full,2337,1.0,0.9499999999999998,0.94,1.0
oracle_full,2338,1.0,0.9499999999999998,0.95,1.0
oracle_full,2339,1.0,0.9499999999999998,0.955,1.0
oracle_full,2340,1.0,0.9499999999999998,0.945,1.0
oracle_full,2341,1.0,0.9499999999999998,0.935,1.0
oracle_full,2342,1.0,0.9499999999999998,0.935,1.0
oracle_full,2343,1.0,0.9499999999999998,0.97,1.0
oracle_full,2344,1.0,0.9499999999999998,0.96,1.0
oracle_full,2345,1.0,0.9499999999999998,0.935,1.0
oracle_full,2346,1.0,0.9499999999999998,0.955,1.0
oracle_full,2347,1.0,0.9499999999999998,0.955,1.0
oracle_full,2348,1.0,0.9499999999999998,0.965,1.0
oracle_full,2349,1.0,0.9499999999999998,0.945,1.0
oracle_full,2350,1.0,0.9499999999999998,0.935,1.0
oracle_full,2351,1.0,0.9499999999999998,0.95,1.0
oracle_full,2352,1.0,0.9499999999999998,0.925,1.0
oracle_full,2353,1.0,0.9499999999999998,0.95,1.0
oracle_full,2354,1.0,0.9499999999999998,0.925,1.0
oracle_full,2355,1.0,0.9499999999999998,0.955,1.0
oracle_full,2356,1.0,0.9499999999999998,0.95,1.0
oracle_full,2357,1.0,0.9499999999999998,0.96,1.0
oracle_full,2358,1.0,0.9499999999999998,0.955,1.0
oracle_full,2359,1.0,0.9499999999999998,0.94,1.0
oracle_full,2360,1.0,0.9499999999999998,0.965,1.0
oracle_full,2361,1.0,0.9499999999999998,0.975,1.0
oracle_full,2362,1.0,0.9499999999999998,0.945,1.0
oracle_full,2363,1.0,0.9499999999999998,0.96,1.0
oracle_full,2364,1.0,0.9499999999999998,0.935,1.0
oracle_full,2365,1.0,0.9499999999999998,0.96,1.0
oracle_full,2366,1.0,0.9499999999999998,0.965,1.0
oracle_full,2367,1.0,0.9499999999999998,0.98,1.0
oracle_full,2368,1.0,0.9499999999999998,0.935,1.0
oracle_full,2369,1.0,0.9499999999999998,0.94,1.0
oracle_full,2370,1.0,0.9499999999999998,0.955,1.0
oracle_full,2371,1.0,0.9499999999999998,0.955,1.0
oracle_full,2372,1.0,0.9499999999999998,0.955,1.0
oracle_full,2373,1.0,0.9499999999999998,0.94,1.0
oracle_full,2374,1.0,0.9499999999999998,0.97,1.0
oracle_full,2375,1.0,0.9499999999999998,0.95,1.0
oracle_full,2376,1.0,0.9499999999999998,0.945,1.0
oracle_full,2377,1.0,0.9499999999999998,0.97,1.0
oracle_full,2378,1.0,0.9499999999999998,0.975,1.0
oracle_full,2379,1.0,0.9499999999999998,0.965,1.0
oracle_full,2380,1.0,0.9499999999999998,0.935,1.0
oracle_full,2381,1.0,0.9499999999999998,0.935,1.0
oracle_full,2382,1.0,0.9499999999999998,0.95,1.0
oracle_full,2383,1.0,0.9499999999999998,0.95,1.0
oracle_full,2384,1.0,0.9499999999999998,0.945,1.0
oracle_full,2385,1.0,0.9499999999999998,0.925,1.0
oracle_full,2386,1.0,0.9499999999999998,0.925,1.0
oracle_full,2387,1.0,0.9499999999999998,0.955,1.0
oracle_full,2388,1.0,0.9499999999999998,0.99,1.0
oracle_full,2389,1.0,0.9499999999999998,0.925,1.0
oracle_full,2390,1.0,0.9499999999999998,0.93,1.0
oracle_full,2391,1.0,0.9499999999999998,0.965,1.0
oracle_full,2392,1.0,0.9499999999999998,0.96,1.0
oracle_full,2393,1.0,0.9499999999999998,0.925,1.0
oracle_full,2394,1.0,0.9499999999999998,0.945,1.0
oracle_full,2395,1.0,0.9499999999999998,0.965,1.0
oracle_full,2396,1.0,0.9499999999999998,0.96,1.0
oracle_full,2397,1.0,0.9499999999999998,0.97,1.0
oracle_full,2398,1.0,0.9499999999999998,0.945,1.0
oracle_full,2399,1.0,0.9499999999999998,0.94,1.0
oracle_full,2400,1.0,0.9499999999999998,0.96,1.0
oracle_full,2401,1.0,0.9499999999999998,0.945,1.0
oracle_full,2402,1.0,0.9499999999999998,0.955,1.0
oracle_full,2403,1.0,0.9499999999999998,0.93,1.0
oracle_full,2404,1.0,0.9499999999999998,0.95,1.0
oracle_full,2405,1.0,0.9499999999999998,0.95,1.0
oracle_full,2406,1.0,0.9499999999999998,0.985,1.0
oracle_full,2407,1.0,0.9499999999999998,0.945,1.0
oracle_full,2408,1.0,0.9499999999999998,0.93,1.0
oracle_full,2409,1.0,0.9499999999999998,0.96,1.0
oracle_full,2410,1.0,0.9499999999999998,0.95,1.0
oracle_full,2411,1.0,0.9499999999999998,0.94,1.0
oracle_full,2412,1.0,0.9499999999999998,0.93,1.0
oracle_full,2413,1.0,0.9499999999999998,0.96,1.0
oracle_full,2414,1.0,0.9499999999999998,0.935,1.0
oracle_full,2415,1.0,0.9499999999999998,0.935,1.0
oracle_full,2416,1.0,0.9499999999999998,0.92,1.0
oracle_full,2417,1.0,0.9499999999999998,0.965,1.0
oracle_full,2418,1.0,0.9499999999999998,0.925,1.0
oracle_full,2419,1.0,0.9499999999999998,0.935,1.0
oracle_full,2420,1.0,0.9499999999999998,0.955,1.0
oracle_full,2421,1.0,0.9499999999999998,0.945,1.0
oracle_full,2422,1.0,0.9499999999999998,0.94,1.0
oracle_full,2423,1.0,0.9499999999999998,0.975,1.0
oracle_full,2424,1.0,0.9499999999999998,0.955,1.0
oracle_full,2425,1.0,0.9499999999999998,0.965,1.0
oracle_full,2426,1.0,0.9499999999999998,0.965,1.0
oracle_full,2427,1.0,0.9499999999999998,0.935,1.0
oracle_full,2428,1.0,0.9499999999999998,0.95,1.0
oracle_full,2429,1.0,0.9499999999999998,0.955,1.0
oracle_full,2430,1.0,0.9499999999999998,0.95,1.0
oracle_full,2431,1.0,0.9499999999999998,0.94,1.0
oracle_full,2432,1.0,0.9499999999999998,0.94,1.0
oracle_full,2433,1.0,0.9499999999999998,0.955,1.0
oracle_full,2434,1.0,0.9499999999999998,0.94,1.0
oracle_full,2435,1.0,0.9499999999999998,0.96,1.0
oracle_full,2436,1.0,0.9499999999999998,0.955,1.0
oracle_full,2437,1.0,0.9499999999999998,0.935,1.0
oracle_full,2438,1.0,0.9499999999999998,0.94,1.0
oracle_full,2439,1.0,0.9499999999999998,0.95,1.0
oracle_full,2440,1.0,0.9499999999999998,0.945,1.0
oracle_full,2441,1.0,0.9499999999999998,0.955,1.0
oracle_full,2442,1.0,0.9499999999999998,0.965,1.0
oracle_full,2443,1.0,0.9499999999999998,0.93,1.0
oracle_full,2444,1.0,0.9499999999999998,0.945,1.0
oracle_full,2445,1.0,0.9499999999999998,0.94,1.0
oracle_full,2446,1.0,0.9499999999999998,0.955,1.0
oracle_full,2447,1.0,0.9499999999999998,0.955,1.0
oracle_full,2448,1.0,0.9499999999999998,0.945,1.0
oracle_full,2449,1.0,0.9499999999999998,0.965,1.0
oracle_full,2450,1.0,0.9499999999999998,0.965,1.0
oracle_full,2451,1.0,0.9499999999999998,0.95,1.0
oracle_full,2452,1.0,0.9499999999999998,0.945,1.0
oracle_full,2453,1.0,0.9499999999999998,0.955,1.0
oracle_full,2454,1.0,0.9499999999999998,0.955,1.0
oracle_full,2455,1.0,0.9499999999999998,0.935,1.0
oracle_full,2456,1.0,0.9499999999999998,0.96,1.0
oracle_full,2457,1.0,0.9499999999999998,0.95,1.0
oracle_full,2458,1.0,0.9499999999999998,0.935,1.0
oracle_full,2459,1.0,0.9499999999999998,0.97,1.0
oracle_full,2460,1.0,0.9499999999999998,0.965,1.0
oracle_full,2461,1.0,0.9499999999999998,0.955,1.0
oracle_full,2462,1.0,0.9499999999999998,0.98,1.0
oracle_full,2463,1.0,0.9499999999999998,0.965,1.0
oracle_full,2464,1.0,0.9499999999999998,0.96,1.0
oracle_full,2465,1.0,0.9499999999999998,0.96,1.0
oracle_full,2466,1.0,0.9499999999999998,0.975,1.0
oracle_full,2467,1.0,0.9499999999999998,0.945,1.0
oracle_full,2468,1.0,0.9499999999999998,0.925,1.0
oracle_full,2469,1.0,0.9499999999999998,0.945,1.0
oracle_full,2470,1.0,0.9499999999999998,0.92,1.0
oracle_full,2471,1.0,0.9499999999999998,0.95,1.0
oracle_full,2472,1.0,0.9499999999999998,0.93,1.0
oracle_full,2473,1.0,0.9499999999999998,0.93,1.0
oracle_full,2474,1.0,0.9499999999999998,0.94,1.0
oracle_full,2475,1.0,0.9499999999999998,0.96,1.0
oracle_full,2476,1.0,0.9499999999999998,0.955,1.0
oracle_full,2477,1.0,0.9499999999999998,0.95,1.0
oracle_full,2478,1.0,0.9499999999999998,0.975,1.0
oracle_full,2479,1.0,0.9499999999999998,0.935,1.0
oracle_full,2480,1.0,0.9499999999999998,0.975,1.0
oracle_full,2481,1.0,0.9499999999999998,0.96,1.0
oracle_full,2482,1.0,0.9499999999999998,0.965,1.0
oracle_full,2483,1.0,0.9499999999999998,0.935,1.0
oracle_full,2484,1.0,0.9499999999999998,0.95,1.0
oracle_full,2485,1.0,0.9499999999999998,0.935,1.0
oracle_full,2486,1.0,0.9499999999999998,0.955,1.0
oracle_full,2487,1.0,0.9499999999999998,0.925,1.0
oracle_full,2488,1.0,0.9499999999999998,0.945,1.0
oracle_full,2489,1.0,0.9499999999999998,0.975,1.0
oracle_full,2490,1.0,0.9499999999999998,0.92,1.0
oracle_full,2491,1.0,0.9499999999999998,0.93,1.0
oracle_full,2492,1.0,0.9499999999999998,0.935,1.0
oracle_full,2493,1.0,0.9499999999999998,0.95,1.0
oracle_full,2494,1.0,0.9499999999999998,0.95,1.0
oracle_full,2495,1.0,0.9499999999999998,0.945,1.0
oracle_full,2496,1.0,0.9499999999999998,0.97,1.0
oracle_full,2497,1.0,0.9499999999999998,0.975,1.0
oracle_full,2498,1.0,0.9499999999999998,0.955,1.0
oracle_full,2499,1.0,0.9499999999999998,0.99,1.0
oracle_full,2500,1.0,0.9499999999999998,0.975,1.0
oracle_full,2501,1.0,0.9499999999999998,0.94,1.0
oracle_full,2502,1.0,0.9499999999999998,0.935,1.0
oracle_full,2503,1.0,0.9499999999999998,0.92,1.0
oracle_full,2504,1.0,0.9499999999999998,0.96,1.0
oracle_full,2505,1.0,0.9499999999999998,0.945,1.0
oracle_full,2506,1.0,0.9499999999999998,0.945,1.0
oracle_full,2507,1.0,0.9499999999999998,0.96,1.0
oracle_full,2508,1.0,0.9499999999999998,0.945,1.0
oracle_full,2509,1.0,0.9499999999999998,0.98,1.0
oracle_full,2510,1.0,0.9499999999999998,0.945,1.0
oracle_full,2511,1.0,0.9499999999999998,0.98,1.0
oracle_full,2512,1.0,0.9499999999999998,0.93,1.0
oracle_full,2513,1.0,0.9499999999999998,0.935,1.0
oracle_full,2514,1.0,0.9499999999999998,0.945,1.0
oracle_full,2515,1.0,0.9499999999999998,0.94,1.0
oracle_full,2516,1.0,0.9499999999999998,0.91,1.0
oracle_full,2517,1.0,0.9499999999999998,0.975,1.0
oracle_full,2518,1.0,0.9499999999999998,0.885,1.0
oracle_full,2519,1.0,0.9499999999999998,0.94,1.0
oracle_full,2520,1.0,0.9499999999999998,0.945,1.0
oracle_full,2521,1.0,0.9499999999999998,0.965,1.0
oracle_full,2522,1.0,0.9499999999999998,0.955,1.0
oracle_full,2523,1.0,0.9499999999999998,0.955,1.0
oracle_full,2524,1.0,0.9499999999999998,0.95,1.0
oracle_full,2525,1.0,0.9499999999999998,0.965,1.0
oracle_full,2526,1.0,0.9499999999999998,0.96,1.0
oracle_full,2527,1.0,0.9499999999999998,0.92,1.0
oracle_full,2528,1.0,0.9499999999999998,0.935,1.0
oracle_full,2529,1.0,0.9499999999999998,0.945,1.0
oracle_full,2530,1.0,0.9499999999999998,0.965,1.0
oracle_full,2531,1.0,0.9499999999999998,0.965,1.0
oracle_full,2532,1.0,0.9499999999999998,0.95,1.0
oracle_full,2533,1.0,0.9499999999999998,0.96,1.0
oracle_full,2534,1.0,0.9499999999999998,0.94,1.0
oracle_full,2535,1.0,0.9499999999999998,0.95,1.0
oracle_full,2536,1.0,0.9499999999999998,0.965,1.0
oracle_full,2537,1.0,0.9499999999999998,0.955,1.0
oracle_full,2538,1.0,0.9499999999999998,0.94,1.0
oracle_full,2539,1.0,0.9499999999999998,0.95,1.0
oracle_full,2540,1.0,0.9499999999999998,0.945,1.0
oracle_full,2541,1.0,0.9499999999999998,0.935,1.0
oracle_full,2542,1.0,0.9499999999999998,0.955,1.0
oracle_full,2543,1.0,0.9499999999999998,0.955,1.0
oracle_full,2544,1.0,0.9499999999999998,0.95,1.0
oracle_full,2545,1.0,0.9499999999999998,0.965,1.0
oracle_full,2546,1.0,0.9499999999999998,0.955,1.0
oracle_full,2547,1.0,0.9499999999999998,0.96,1.0
oracle_full,2548,1.0,0.9499999999999998,0.97,1.0
oracle_full,2549,1.0,0.9499999999999998,0.985,1.0
oracle_full,2550,1.0,0.9499999999999998,0.96,1.0
oracle_full,2551,1.0,0.9499999999999998,0.945,1.0
oracle_full,2552,1.0,0.9499999999999998,0.915,1.0
oracle_full,2553,1.0,0.9499999999999998,0.96,1.0
oracle_full,2554,1.0,0.9499999999999998,0.94,1.0
oracle_full,2555,1.0,0.9499999999999998,0.95,1.0
oracle_full,2556,1.0,0.9499999999999998,0.96,1.0
oracle_full,2557,1.0,0.9499999999999998,0.965,1.0
oracle_full,2558,1.0,0.9499999999999998,0.945,1.0
oracle_full,2559,1.0,0.9499999999999998,0.965,1.0
oracle_full,2560,1.0,0.9499999999999998,0.93,1.0
oracle_full,2561,1.0,0.9499999999999998,0.935,1.0
oracle_full,2562,1.0,0.9499999999999998,0.95,1.0
oracle_full,2563,1.0,0.9499999999999998,0.945,1.0
oracle_full,2564,1.0,0.9499999999999998,0.935,1.0
oracle_full,2565,1.0,0.9499999999999998,0.945,1.0
oracle_full,2566,1.0,0.9499999999999998,0.93,1.0
oracle_full,2567,1.0,0.9499999999999998,0.935,1.0
oracle_full,2568,1.0,0.9499999999999998,0.955,1.0
oracle_full,2569,1.0,0.9499999999999998,0.955,1.0
oracle_full,2570,1.0,0.9499999999999998,0.945,1.0
oracle_full,2571,1.0,0.9499999999999998,0.945,1.0
oracle_full,2572,1.0,0.9499999999999998,0.955,1.0
oracle_full,2573,1.0,0.9499999999999998,0.95,1.0
oracle_full,2574,1.0,0.9499999999999998,0.95,1.0
oracle_full,2575,1.0,0.9499999999999998,0.965,1.0
oracle_full,2576,1.0,0.9499999999999998,0.94,1.0
oracle_full,2577,1.0,0.9499999999999998,0.945,1.0
oracle_full,2578,1.0,0.9499999999999998,0.965,1.0
oracle_full,2579,1.0,0.9499999999999998,0.94,1.0
oracle_full,2580,1.0,0.9499999999999998,0.975,1.0
oracle_full,2581,1.0,0.9499999999999998,0.95,1.0
oracle_full,2582,1.0,0.9499999999999998,0.93,1.0
oracle_full,2583,1.0,0.9499999999999998,0.935,1.0
oracle_full,2584,1.0,0.9499999999999998,0.945,1.0
oracle_full,2585,1.0,0.9499999999999998,0.92,1.0
oracle_full,2586,1.0,0.9499999999999998,0.945,1.0
oracle_full,2587,1.0,0.9499999999999998,0.96,1.0
oracle_full,2588,1.0,0.9499999999999998,0.93,1.0
oracle_full,2589,1.0,0.9499999999999998,0.94,1.0
oracle_full,2590,1.0,0.9499999999999998,0.955,1.0
oracle_full,2591,1.0,0.9499999999999998,0.94,1.0
oracle_full,2592,1.0,0.9499999999999998,0.935,1.0
oracle_full,2593,1.0,0.9499999999999998,0.945,1.0
oracle_full,2594,1.0,0.9499999999999998,0.955,1.0
oracle_full,2595,1.0,0.9499999999999998,0.965,1.0
oracle_full,2596,1.0,0.9499999999999998,0.93,1.0
oracle_full,2597,1.0,0.9499999999999998,0.97,1.0
oracle_full,2598,1.0,0.9499999999999998,0.955,1.0
oracle_full,2599,1.0,0.9499999999999998,0.94,1.0
